# Model f9244dc91aebf77ba4c322790a683350
# Name solo disposable coffee cup    oz
# Vertices
mtllib f9244dc91aebf77ba4c322790a683350.mtl
v 42.1287 27.9242 5.95948
vn -0.998584 -0.0531946 -1.01353e-012
vt 0.0990144 0.0375565
v 42.1287 27.9242 6.04142
vn -0.998584 -0.0531946 -1.01353e-012
vt 0.0990144 0.0421088
v 42.1236 28.0212 5.95948
vn -0.996984 0.0776018 -1.01818e-012
vt 0.104409 0.0375565
v 42.1236 28.0212 6.04142
vn -0.996984 0.0776018 -1.01818e-012
vt 0.104409 0.0421088
v 42.1236 28.0212 5.95948
vn -0.996984 0.0776018 -1.01818e-012
vt 0.104409 0.0375565
v 42.1287 27.9242 6.04142
vn -0.998584 -0.0531946 -1.01353e-012
vt 0.0990144 0.0421088
v 42.1287 27.9242 6.04142
vn 0.998584 0.0531946 1.01353e-012
vt 0.0990144 0.0421088
v 42.1236 28.0212 5.95948
vn 0.996984 -0.0776018 1.01818e-012
vt 0.104409 0.0375565
v 42.1236 28.0212 6.04142
vn 0.996984 -0.0776018 1.01818e-012
vt 0.104409 0.0421088
v 42.1236 28.0212 5.95948
vn 0.996984 -0.0776018 1.01818e-012
vt 0.104409 0.0375565
v 42.1287 27.9242 6.04142
vn 0.998584 0.0531946 1.01353e-012
vt 0.0990144 0.0421088
v 42.1287 27.9242 5.95948
vn 0.998584 0.0531946 1.01353e-012
vt 0.0990144 0.0375565
v 42.1236 28.0212 6.04142
vn -0.996984 0.0776018 -1.01818e-012
vt 0.11174 0.0421088
v 42.1911 28.3403 6.04142
vn -0.942928 0.332996 -9.75533e-013
vt 0.129863 0.0421088
v 42.1236 28.0212 5.95948
vn -0.996984 0.0776018 -1.01818e-012
vt 0.11174 0.0375565
v 42.1911 28.3403 5.95948
vn -0.942928 0.332996 -9.75533e-013
vt 0.129863 0.0375565
v 42.1236 28.0212 5.95948
vn -0.996984 0.0776018 -1.01818e-012
vt 0.11174 0.0375565
v 42.1911 28.3403 6.04142
vn -0.942928 0.332996 -9.75533e-013
vt 0.129863 0.0421088
v 42.1911 28.3403 6.04142
vn 0.942928 -0.332996 9.75533e-013
vt 0.129863 0.0421088
v 42.1236 28.0212 5.95948
vn 0.996984 -0.0776018 1.01818e-012
vt 0.11174 0.0375565
v 42.1911 28.3403 5.95948
vn 0.942928 -0.332996 9.75533e-013
vt 0.129863 0.0375565
v 42.1236 28.0212 5.95948
vn 0.996984 -0.0776018 1.01818e-012
vt 0.11174 0.0375565
v 42.1911 28.3403 6.04142
vn 0.942928 -0.332996 9.75533e-013
vt 0.129863 0.0421088
v 42.1236 28.0212 6.04142
vn 0.996984 -0.0776018 1.01818e-012
vt 0.11174 0.0421088
v 42.1409 27.6954 5.95948
vn -0.983098 -0.183081 -1.00254e-012
vt 0.0862864 0.0375565
v 42.1409 27.6954 6.04142
vn -0.983098 -0.183081 -1.00254e-012
vt 0.0862864 0.0421088
v 42.1287 27.9242 5.95948
vn -0.998584 -0.0531946 -1.01481e-012
vt 0.0990144 0.0375565
v 42.1287 27.9242 6.04142
vn -0.998584 -0.0531946 -1.01481e-012
vt 0.0990144 0.0421088
v 42.1287 27.9242 5.95948
vn -0.998584 -0.0531946 -1.01481e-012
vt 0.0990144 0.0375565
v 42.1409 27.6954 6.04142
vn -0.983098 -0.183081 -1.00254e-012
vt 0.0862864 0.0421088
v 42.1409 27.6954 6.04142
vn 0.983098 0.183081 1.00254e-012
vt 0.0862864 0.0421088
v 42.1287 27.9242 5.95948
vn 0.998584 0.0531946 1.01481e-012
vt 0.0990144 0.0375565
v 42.1287 27.9242 6.04142
vn 0.998584 0.0531946 1.01481e-012
vt 0.0990144 0.0421088
v 42.1287 27.9242 5.95948
vn 0.998584 0.0531946 1.01481e-012
vt 0.0990144 0.0375565
v 42.1409 27.6954 6.04142
vn 0.983098 0.183081 1.00254e-012
vt 0.0862864 0.0421088
v 42.1409 27.6954 5.95948
vn 0.983098 0.183081 1.00254e-012
vt 0.0862864 0.0375565
v 42.242 27.3853 5.64772
vn -0.902215 -0.431287 -9.1143e-013
vt 0.054335 0.0202365
v 42.242 27.3853 5.95948
vn -0.902215 -0.431287 -9.1143e-013
vt 0.054335 0.0375565
v 42.1409 27.6954 5.64772
vn -0.983098 -0.183081 -9.94486e-013
vt 0.072458 0.0202365
v 42.1409 27.6954 5.95948
vn -0.983098 -0.183081 -9.94486e-013
vt 0.072458 0.0375565
v 42.1409 27.6954 5.64772
vn -0.983098 -0.183081 -9.94486e-013
vt 0.072458 0.0202365
v 42.242 27.3853 5.95948
vn -0.902215 -0.431287 -9.1143e-013
vt 0.054335 0.0375565
v 42.242 27.3853 5.95948
vn 0.902215 0.431287 9.1143e-013
vt 0.054335 0.0375565
v 42.1409 27.6954 5.64772
vn 0.983098 0.183081 9.94486e-013
vt 0.072458 0.0202365
v 42.1409 27.6954 5.95948
vn 0.983098 0.183081 9.94486e-013
vt 0.072458 0.0375565
v 42.1409 27.6954 5.64772
vn 0.983098 0.183081 9.94486e-013
vt 0.072458 0.0202365
v 42.242 27.3853 5.95948
vn 0.902215 0.431287 9.1143e-013
vt 0.054335 0.0375565
v 42.242 27.3853 5.64772
vn 0.902215 0.431287 9.1143e-013
vt 0.054335 0.0202365
v 42.1409 27.6954 5.64772
vn -0.983098 -0.183081 -9.94486e-013
vt 0.0862864 0.0202365
v 42.1409 27.6954 5.95948
vn -0.983098 -0.183081 -9.94486e-013
vt 0.0862864 0.0375565
v 42.1287 27.9242 5.64772
vn -0.998584 -0.0531946 -1.01037e-012
vt 0.0990144 0.0202365
v 42.1287 27.9242 5.95948
vn -0.998584 -0.0531946 -1.01037e-012
vt 0.0990144 0.0375565
v 42.1287 27.9242 5.64772
vn -0.998584 -0.0531946 -1.01037e-012
vt 0.0990144 0.0202365
v 42.1409 27.6954 5.95948
vn -0.983098 -0.183081 -9.94486e-013
vt 0.0862864 0.0375565
v 42.1409 27.6954 5.95948
vn 0.983098 0.183081 9.94486e-013
vt 0.0862864 0.0375565
v 42.1287 27.9242 5.64772
vn 0.998584 0.0531946 1.01037e-012
vt 0.0990144 0.0202365
v 42.1287 27.9242 5.95948
vn 0.998584 0.0531946 1.01037e-012
vt 0.0990144 0.0375565
v 42.1287 27.9242 5.64772
vn 0.998584 0.0531946 1.01037e-012
vt 0.0990144 0.0202365
v 42.1409 27.6954 5.95948
vn 0.983098 0.183081 9.94486e-013
vt 0.0862864 0.0375565
v 42.1409 27.6954 5.64772
vn 0.983098 0.183081 9.94486e-013
vt 0.0862864 0.0202365
v 42.1287 27.9242 5.64772
vn -0.998584 -0.0531946 -1.01117e-012
vt 0.0990144 0.0202365
v 42.1287 27.9242 5.95948
vn -0.998584 -0.0531946 -1.01117e-012
vt 0.0990144 0.0375565
v 42.1236 28.0212 5.64772
vn -0.996984 0.0776018 -1.009e-012
vt 0.104409 0.0202365
v 42.1236 28.0212 5.95948
vn -0.996984 0.0776018 -1.009e-012
vt 0.104409 0.0375565
v 42.1236 28.0212 5.64772
vn -0.996984 0.0776018 -1.009e-012
vt 0.104409 0.0202365
v 42.1287 27.9242 5.95948
vn -0.998584 -0.0531946 -1.01117e-012
vt 0.0990144 0.0375565
v 42.1287 27.9242 5.95948
vn 0.998584 0.0531946 1.01117e-012
vt 0.0990144 0.0375565
v 42.1236 28.0212 5.64772
vn 0.996984 -0.0776018 1.009e-012
vt 0.104409 0.0202365
v 42.1236 28.0212 5.95948
vn 0.996984 -0.0776018 1.009e-012
vt 0.104409 0.0375565
v 42.1236 28.0212 5.64772
vn 0.996984 -0.0776018 1.009e-012
vt 0.104409 0.0202365
v 42.1287 27.9242 5.95948
vn 0.998584 0.0531946 1.01117e-012
vt 0.0990144 0.0375565
v 42.1287 27.9242 5.64772
vn 0.998584 0.0531946 1.01117e-012
vt 0.0990144 0.0202365
v 42.1236 28.0212 5.64772
vn -0.996984 0.0776018 -1.009e-012
vt 0.11174 0.0202365
v 42.1236 28.0212 5.95948
vn -0.996984 0.0776018 -1.009e-012
vt 0.11174 0.0375565
v 42.1911 28.3403 5.64772
vn -0.942928 0.332996 -9.53248e-013
vt 0.129863 0.0202365
v 42.1911 28.3403 5.95948
vn -0.942928 0.332996 -9.53248e-013
vt 0.129863 0.0375565
v 42.1911 28.3403 5.64772
vn -0.942928 0.332996 -9.53248e-013
vt 0.129863 0.0202365
v 42.1236 28.0212 5.95948
vn -0.996984 0.0776018 -1.009e-012
vt 0.11174 0.0375565
v 42.1236 28.0212 5.95948
vn 0.996984 -0.0776018 1.009e-012
vt 0.11174 0.0375565
v 42.1911 28.3403 5.64772
vn 0.942928 -0.332996 9.53248e-013
vt 0.129863 0.0202365
v 42.1911 28.3403 5.95948
vn 0.942928 -0.332996 9.53248e-013
vt 0.129863 0.0375565
v 42.1911 28.3403 5.64772
vn 0.942928 -0.332996 9.53248e-013
vt 0.129863 0.0202365
v 42.1236 28.0212 5.95948
vn 0.996984 -0.0776018 1.009e-012
vt 0.11174 0.0375565
v 42.1236 28.0212 5.64772
vn 0.996984 -0.0776018 1.009e-012
vt 0.11174 0.0202365
v 42.1911 28.3403 5.95948
vn -0.942928 0.332996 -9.75533e-013
vt 0.128961 0.0375565
v 42.1911 28.3403 6.04142
vn -0.942928 0.332996 -9.75533e-013
vt 0.128961 0.0421088
v 42.339 28.6311 5.95948
vn -0.824613 0.565697 -8.56074e-013
vt 0.147084 0.0375565
v 42.339 28.6311 6.04142
vn -0.824613 0.565697 -8.56074e-013
vt 0.147084 0.0421088
v 42.339 28.6311 5.95948
vn -0.824613 0.565697 -8.56074e-013
vt 0.147084 0.0375565
v 42.1911 28.3403 6.04142
vn -0.942928 0.332996 -9.75533e-013
vt 0.128961 0.0421088
v 42.1911 28.3403 6.04142
vn 0.942928 -0.332996 9.75533e-013
vt 0.128961 0.0421088
v 42.339 28.6311 5.95948
vn 0.824613 -0.565697 8.56074e-013
vt 0.147084 0.0375565
v 42.339 28.6311 6.04142
vn 0.824613 -0.565697 8.56074e-013
vt 0.147084 0.0421088
v 42.339 28.6311 5.95948
vn 0.824613 -0.565697 8.56074e-013
vt 0.147084 0.0375565
v 42.1911 28.3403 6.04142
vn 0.942928 -0.332996 9.75533e-013
vt 0.128961 0.0421088
v 42.1911 28.3403 5.95948
vn 0.942928 -0.332996 9.75533e-013
vt 0.128961 0.0375565
v 42.242 27.3853 5.95948
vn -0.902215 -0.431287 -9.24014e-013
vt 0.054335 0.0375565
v 42.242 27.3853 6.04142
vn -0.902215 -0.431287 -9.24014e-013
vt 0.054335 0.0421088
v 42.1409 27.6954 5.95948
vn -0.983098 -0.183081 -1.00254e-012
vt 0.072458 0.0375565
v 42.1409 27.6954 6.04142
vn -0.983098 -0.183081 -1.00254e-012
vt 0.072458 0.0421088
v 42.1409 27.6954 5.95948
vn -0.983098 -0.183081 -1.00254e-012
vt 0.072458 0.0375565
v 42.242 27.3853 6.04142
vn -0.902215 -0.431287 -9.24014e-013
vt 0.054335 0.0421088
v 42.242 27.3853 6.04142
vn 0.902215 0.431287 9.24014e-013
vt 0.054335 0.0421088
v 42.1409 27.6954 5.95948
vn 0.983098 0.183081 1.00254e-012
vt 0.072458 0.0375565
v 42.1409 27.6954 6.04142
vn 0.983098 0.183081 1.00254e-012
vt 0.072458 0.0421088
v 42.1409 27.6954 5.95948
vn 0.983098 0.183081 1.00254e-012
vt 0.072458 0.0375565
v 42.242 27.3853 6.04142
vn 0.902215 0.431287 9.24014e-013
vt 0.054335 0.0421088
v 42.242 27.3853 5.95948
vn 0.902215 0.431287 9.24014e-013
vt 0.054335 0.0375565
v 42.4199 27.1119 5.95948
vn -0.759847 -0.650102 -7.68463e-013
vt 0.0180633 0.0375565
v 42.242 27.3853 5.95948
vn -0.902215 -0.431287 -9.1143e-013
vt 0.0361862 0.0375565
v 42.4199 27.1119 5.73838
vn -0.791333 -0.611385 -7.9953e-013
vt 0.0180633 0.0252734
v 42.3292 27.2512 5.64772
vn -0.838202 -0.54536 -8.45676e-013
vt 0.0272991 0.0202365
v 42.4199 27.1119 5.73838
vn -0.791333 -0.611385 -7.9953e-013
vt 0.0180633 0.0252734
v 42.242 27.3853 5.95948
vn -0.902215 -0.431287 -9.1143e-013
vt 0.0361862 0.0375565
v 42.242 27.3853 5.64772
vn -0.902215 -0.431287 -9.1143e-013
vt 0.0361862 0.0202365
v 42.3292 27.2512 5.64772
vn -0.838202 -0.54536 -8.45676e-013
vt 0.0272991 0.0202365
v 42.242 27.3853 5.95948
vn -0.902215 -0.431287 -9.1143e-013
vt 0.0361862 0.0375565
v 42.242 27.3853 5.95948
vn 0.902215 0.431287 9.1143e-013
vt 0.0361862 0.0375565
v 42.3292 27.2512 5.64772
vn 0.838202 0.54536 8.45676e-013
vt 0.0272991 0.0202365
v 42.242 27.3853 5.64772
vn 0.902215 0.431287 9.1143e-013
vt 0.0361862 0.0202365
v 42.242 27.3853 5.95948
vn 0.902215 0.431287 9.1143e-013
vt 0.0361862 0.0375565
v 42.4199 27.1119 5.73838
vn 0.791333 0.611385 7.9953e-013
vt 0.0180633 0.0252734
v 42.3292 27.2512 5.64772
vn 0.838202 0.54536 8.45676e-013
vt 0.0272991 0.0202365
v 42.4199 27.1119 5.73838
vn 0.791333 0.611385 7.9953e-013
vt 0.0180633 0.0252734
v 42.242 27.3853 5.95948
vn 0.902215 0.431287 9.1143e-013
vt 0.0361862 0.0375565
v 42.4199 27.1119 5.95948
vn 0.759847 0.650102 7.68463e-013
vt 0.0180633 0.0375565
v 42.1409 27.6954 5.64772
vn 1.02764e-012 -2.58629e-015 -1
vt 0.0374197 0.0884021
v 42.1503 27.9385 5.64772
vn 1.02764e-012 -2.58629e-015 -1
vt 0.0379424 0.101907
v 42.242 27.3853 5.64772
vn 1.02764e-012 -2.58629e-015 -1
vt 0.0430348 0.071171
v 42.1514 27.9333 5.64772
vn 1.02764e-012 -2.58629e-015 -1
vt 0.0379993 0.101616
v 42.242 27.3853 5.64772
vn 1.02764e-012 -2.58629e-015 -1
vt 0.0430348 0.071171
v 42.1503 27.9385 5.64772
vn 1.02764e-012 -2.58629e-015 -1
vt 0.0379424 0.101907
v 42.1537 27.9285 5.64772
vn 1.02764e-012 -2.58629e-015 -1
vt 0.0381297 0.101349
v 42.242 27.3853 5.64772
vn 1.02764e-012 -2.58629e-015 -1
vt 0.0430348 0.071171
v 42.1514 27.9333 5.64772
vn 1.02764e-012 -2.58629e-015 -1
vt 0.0379993 0.101616
v 42.1572 27.9244 5.64772
vn 1.02764e-012 -2.58629e-015 -1
vt 0.0383247 0.101125
v 42.242 27.3853 5.64772
vn 1.02764e-012 -2.58629e-015 -1
vt 0.0430348 0.071171
v 42.1537 27.9285 5.64772
vn 1.02764e-012 -2.58629e-015 -1
vt 0.0381297 0.101349
v 42.1616 27.9215 5.64772
vn 1.02764e-012 -2.58629e-015 -1
vt 0.0385711 0.100959
v 42.242 27.3853 5.64772
vn 1.02764e-012 -2.58629e-015 -1
vt 0.0430348 0.071171
v 42.1572 27.9244 5.64772
vn 1.02764e-012 -2.58629e-015 -1
vt 0.0383247 0.101125
v 42.1667 27.9197 5.64772
vn 1.02764e-012 -2.58629e-015 -1
vt 0.038852 0.100862
v 42.242 27.3853 5.64772
vn 1.02764e-012 -2.58629e-015 -1
vt 0.0430348 0.071171
v 42.1616 27.9215 5.64772
vn 1.02764e-012 -2.58629e-015 -1
vt 0.0385711 0.100959
v 42.172 27.9193 5.64772
vn 1.02764e-012 -2.58629e-015 -1
vt 0.0391484 0.100841
v 42.242 27.3853 5.64772
vn 1.02764e-012 -2.58629e-015 -1
vt 0.0430348 0.071171
v 42.1667 27.9197 5.64772
vn 1.02764e-012 -2.58629e-015 -1
vt 0.038852 0.100862
v 42.1773 27.9204 5.64772
vn 1.02764e-012 -2.58629e-015 -1
vt 0.03944 0.100898
v 42.242 27.3853 5.64772
vn 1.02764e-012 -2.58629e-015 -1
vt 0.0430348 0.071171
v 42.172 27.9193 5.64772
vn 1.02764e-012 -2.58629e-015 -1
vt 0.0391484 0.100841
v 42.1821 27.9227 5.64772
vn 1.02764e-012 -2.58629e-015 -1
vt 0.039707 0.101029
v 42.242 27.3853 5.64772
vn 1.02764e-012 -2.58629e-015 -1
vt 0.0430348 0.071171
v 42.1773 27.9204 5.64772
vn 1.02764e-012 -2.58629e-015 -1
vt 0.03944 0.100898
v 42.1861 27.9262 5.64772
vn 1.02764e-012 -2.58629e-015 -1
vt 0.0399311 0.101224
v 42.242 27.3853 5.64772
vn 1.02764e-012 -2.58629e-015 -1
vt 0.0430348 0.071171
v 42.1821 27.9227 5.64772
vn 1.02764e-012 -2.58629e-015 -1
vt 0.039707 0.101029
v 42.1891 27.9307 5.64772
vn 1.02764e-012 -2.58629e-015 -1
vt 0.0400971 0.10147
v 42.242 27.3853 5.64772
vn 1.02764e-012 -2.58629e-015 -1
vt 0.0430348 0.071171
v 42.1861 27.9262 5.64772
vn 1.02764e-012 -2.58629e-015 -1
vt 0.0399311 0.101224
v 42.1909 27.9357 5.64772
vn 1.02764e-012 -2.58629e-015 -1
vt 0.0401937 0.101751
v 42.242 27.3853 5.64772
vn 1.02764e-012 -2.58629e-015 -1
vt 0.0430348 0.071171
v 42.1891 27.9307 5.64772
vn 1.02764e-012 -2.58629e-015 -1
vt 0.0400971 0.10147
v 42.1912 27.9411 5.64772
vn 1.02764e-012 -2.58629e-015 -1
vt 0.0402143 0.102047
v 42.242 27.3853 5.64772
vn 1.02764e-012 -2.58629e-015 -1
vt 0.0430348 0.071171
v 42.1909 27.9357 5.64772
vn 1.02764e-012 -2.58629e-015 -1
vt 0.0401937 0.101751
v 42.1236 28.0212 5.64772
vn 1.02764e-012 -2.58629e-015 -1
vt 0.0364556 0.106499
v 42.1911 28.3403 5.64772
vn 1.02764e-012 -2.58629e-015 -1
vt 0.0402084 0.124229
v 42.1287 27.9242 5.64772
vn 1.02764e-012 -2.58629e-015 -1
vt 0.0367426 0.101112
v 42.1507 27.9439 5.64772
vn 1.02764e-012 -2.58629e-015 -1
vt 0.037963 0.102204
v 42.1287 27.9242 5.64772
vn 1.02764e-012 -2.58629e-015 -1
vt 0.0367426 0.101112
v 42.1911 28.3403 5.64772
vn 1.02764e-012 -2.58629e-015 -1
vt 0.0402084 0.124229
v 42.1503 27.9385 5.64772
vn 1.02764e-012 -2.58629e-015 -1
vt 0.0379424 0.101907
v 42.1287 27.9242 5.64772
vn 1.02764e-012 -2.58629e-015 -1
vt 0.0367426 0.101112
v 42.1507 27.9439 5.64772
vn 1.02764e-012 -2.58629e-015 -1
vt 0.037963 0.102204
v 42.1409 27.6954 5.64772
vn 1.02764e-012 -2.58629e-015 -1
vt 0.0374197 0.0884021
v 42.1287 27.9242 5.64772
vn 1.02764e-012 -2.58629e-015 -1
vt 0.0367426 0.101112
v 42.1503 27.9385 5.64772
vn 1.02764e-012 -2.58629e-015 -1
vt 0.0379424 0.101907
v 42.1524 27.9489 5.64772
vn 1.02764e-012 -2.58629e-015 -1
vt 0.0380596 0.102485
v 42.1507 27.9439 5.64772
vn 1.02764e-012 -2.58629e-015 -1
vt 0.037963 0.102204
v 42.1911 28.3403 5.64772
vn 1.02764e-012 -2.58629e-015 -1
vt 0.0402084 0.124229
v 42.1554 27.9534 5.64772
vn 1.02764e-012 -2.58629e-015 -1
vt 0.0382256 0.102731
v 42.1524 27.9489 5.64772
vn 1.02764e-012 -2.58629e-015 -1
vt 0.0380596 0.102485
v 42.1911 28.3403 5.64772
vn 1.02764e-012 -2.58629e-015 -1
vt 0.0402084 0.124229
v 42.1595 27.9569 5.64772
vn 1.02764e-012 -2.58629e-015 -1
vt 0.0384497 0.102926
v 42.1554 27.9534 5.64772
vn 1.02764e-012 -2.58629e-015 -1
vt 0.0382256 0.102731
v 42.1911 28.3403 5.64772
vn 1.02764e-012 -2.58629e-015 -1
vt 0.0402084 0.124229
v 42.1643 27.9592 5.64772
vn 1.02764e-012 -2.58629e-015 -1
vt 0.0387167 0.103056
v 42.1595 27.9569 5.64772
vn 1.02764e-012 -2.58629e-015 -1
vt 0.0384497 0.102926
v 42.1911 28.3403 5.64772
vn 1.02764e-012 -2.58629e-015 -1
vt 0.0402084 0.124229
v 42.1695 27.9602 5.64772
vn 1.02764e-012 -2.58629e-015 -1
vt 0.0390083 0.103113
v 42.1643 27.9592 5.64772
vn 1.02764e-012 -2.58629e-015 -1
vt 0.0387167 0.103056
v 42.1911 28.3403 5.64772
vn 1.02764e-012 -2.58629e-015 -1
vt 0.0402084 0.124229
v 42.1749 27.9599 5.64772
vn 1.02764e-012 -2.58629e-015 -1
vt 0.0393047 0.103093
v 42.1695 27.9602 5.64772
vn 1.02764e-012 -2.58629e-015 -1
vt 0.0390083 0.103113
v 42.1911 28.3403 5.64772
vn 1.02764e-012 -2.58629e-015 -1
vt 0.0402084 0.124229
v 42.1799 27.9581 5.64772
vn 1.02764e-012 -2.58629e-015 -1
vt 0.0395856 0.102996
v 42.1749 27.9599 5.64772
vn 1.02764e-012 -2.58629e-015 -1
vt 0.0393047 0.103093
v 42.1911 28.3403 5.64772
vn 1.02764e-012 -2.58629e-015 -1
vt 0.0402084 0.124229
v 42.1843 27.9551 5.64772
vn 1.02764e-012 -2.58629e-015 -1
vt 0.039832 0.10283
v 42.1799 27.9581 5.64772
vn 1.02764e-012 -2.58629e-015 -1
vt 0.0395856 0.102996
v 42.1911 28.3403 5.64772
vn 1.02764e-012 -2.58629e-015 -1
vt 0.0402084 0.124229
v 42.1879 27.9511 5.64772
vn 1.02764e-012 -2.58629e-015 -1
vt 0.0400271 0.102606
v 42.1843 27.9551 5.64772
vn 1.02764e-012 -2.58629e-015 -1
vt 0.039832 0.10283
v 42.1911 28.3403 5.64772
vn 1.02764e-012 -2.58629e-015 -1
vt 0.0402084 0.124229
v 42.1902 27.9463 5.64772
vn 1.02764e-012 -2.58629e-015 -1
vt 0.0401574 0.102339
v 42.1879 27.9511 5.64772
vn 1.02764e-012 -2.58629e-015 -1
vt 0.0400271 0.102606
v 42.1911 28.3403 5.64772
vn 1.02764e-012 -2.58629e-015 -1
vt 0.0402084 0.124229
v 42.1912 27.9411 5.64772
vn 1.02764e-012 -2.58629e-015 -1
vt 0.0402143 0.102047
v 42.1902 27.9463 5.64772
vn 1.02764e-012 -2.58629e-015 -1
vt 0.0401574 0.102339
v 42.1911 28.3403 5.64772
vn 1.02764e-012 -2.58629e-015 -1
vt 0.0402084 0.124229
v 42.3292 28.612 5.64772
vn 1.02764e-012 -2.58629e-015 -1
vt 0.0478815 0.139321
v 42.1912 27.9411 5.64772
vn 1.02764e-012 -2.58629e-015 -1
vt 0.0402143 0.102047
v 42.1911 28.3403 5.64772
vn 1.02764e-012 -2.58629e-015 -1
vt 0.0402084 0.124229
v 42.242 27.3853 5.64772
vn 1.02764e-012 -2.58629e-015 -1
vt 0.0430348 0.071171
v 42.1912 27.9411 5.64772
vn 1.02764e-012 -2.58629e-015 -1
vt 0.0402143 0.102047
v 42.3292 28.612 5.64772
vn 1.02764e-012 -2.58629e-015 -1
vt 0.0478815 0.139321
v 42.3292 27.2512 5.64772
vn 1.02764e-012 -2.58629e-015 -1
vt 0.0478815 0.0637218
v 42.242 27.3853 5.64772
vn 1.02764e-012 -2.58629e-015 -1
vt 0.0430348 0.071171
v 42.3292 28.612 5.64772
vn 1.02764e-012 -2.58629e-015 -1
vt 0.0478815 0.139321
v 42.3292 28.612 5.64772
vn -1.02764e-012 2.58629e-015 1
vt 0.0478815 0.139321
v 42.242 27.3853 5.64772
vn -1.02764e-012 2.58629e-015 1
vt 0.0430348 0.071171
v 42.3292 27.2512 5.64772
vn -1.02764e-012 2.58629e-015 1
vt 0.0478815 0.0637218
v 42.3292 28.612 5.64772
vn -1.02764e-012 2.58629e-015 1
vt 0.0478815 0.139321
v 42.1912 27.9411 5.64772
vn -1.02764e-012 2.58629e-015 1
vt 0.0402143 0.102047
v 42.242 27.3853 5.64772
vn -1.02764e-012 2.58629e-015 1
vt 0.0430348 0.071171
v 42.1911 28.3403 5.64772
vn -1.02764e-012 2.58629e-015 1
vt 0.0402084 0.124229
v 42.1912 27.9411 5.64772
vn -1.02764e-012 2.58629e-015 1
vt 0.0402143 0.102047
v 42.3292 28.612 5.64772
vn -1.02764e-012 2.58629e-015 1
vt 0.0478815 0.139321
v 42.1911 28.3403 5.64772
vn -1.02764e-012 2.58629e-015 1
vt 0.0402084 0.124229
v 42.1902 27.9463 5.64772
vn -1.02764e-012 2.58629e-015 1
vt 0.0401574 0.102339
v 42.1912 27.9411 5.64772
vn -1.02764e-012 2.58629e-015 1
vt 0.0402143 0.102047
v 42.1911 28.3403 5.64772
vn -1.02764e-012 2.58629e-015 1
vt 0.0402084 0.124229
v 42.1879 27.9511 5.64772
vn -1.02764e-012 2.58629e-015 1
vt 0.0400271 0.102606
v 42.1902 27.9463 5.64772
vn -1.02764e-012 2.58629e-015 1
vt 0.0401574 0.102339
v 42.1911 28.3403 5.64772
vn -1.02764e-012 2.58629e-015 1
vt 0.0402084 0.124229
v 42.1843 27.9551 5.64772
vn -1.02764e-012 2.58629e-015 1
vt 0.039832 0.10283
v 42.1879 27.9511 5.64772
vn -1.02764e-012 2.58629e-015 1
vt 0.0400271 0.102606
v 42.1911 28.3403 5.64772
vn -1.02764e-012 2.58629e-015 1
vt 0.0402084 0.124229
v 42.1799 27.9581 5.64772
vn -1.02764e-012 2.58629e-015 1
vt 0.0395856 0.102996
v 42.1843 27.9551 5.64772
vn -1.02764e-012 2.58629e-015 1
vt 0.039832 0.10283
v 42.1911 28.3403 5.64772
vn -1.02764e-012 2.58629e-015 1
vt 0.0402084 0.124229
v 42.1749 27.9599 5.64772
vn -1.02764e-012 2.58629e-015 1
vt 0.0393047 0.103093
v 42.1799 27.9581 5.64772
vn -1.02764e-012 2.58629e-015 1
vt 0.0395856 0.102996
v 42.1911 28.3403 5.64772
vn -1.02764e-012 2.58629e-015 1
vt 0.0402084 0.124229
v 42.1695 27.9602 5.64772
vn -1.02764e-012 2.58629e-015 1
vt 0.0390083 0.103113
v 42.1749 27.9599 5.64772
vn -1.02764e-012 2.58629e-015 1
vt 0.0393047 0.103093
v 42.1911 28.3403 5.64772
vn -1.02764e-012 2.58629e-015 1
vt 0.0402084 0.124229
v 42.1643 27.9592 5.64772
vn -1.02764e-012 2.58629e-015 1
vt 0.0387167 0.103056
v 42.1695 27.9602 5.64772
vn -1.02764e-012 2.58629e-015 1
vt 0.0390083 0.103113
v 42.1911 28.3403 5.64772
vn -1.02764e-012 2.58629e-015 1
vt 0.0402084 0.124229
v 42.1595 27.9569 5.64772
vn -1.02764e-012 2.58629e-015 1
vt 0.0384497 0.102926
v 42.1643 27.9592 5.64772
vn -1.02764e-012 2.58629e-015 1
vt 0.0387167 0.103056
v 42.1911 28.3403 5.64772
vn -1.02764e-012 2.58629e-015 1
vt 0.0402084 0.124229
v 42.1554 27.9534 5.64772
vn -1.02764e-012 2.58629e-015 1
vt 0.0382256 0.102731
v 42.1595 27.9569 5.64772
vn -1.02764e-012 2.58629e-015 1
vt 0.0384497 0.102926
v 42.1911 28.3403 5.64772
vn -1.02764e-012 2.58629e-015 1
vt 0.0402084 0.124229
v 42.1524 27.9489 5.64772
vn -1.02764e-012 2.58629e-015 1
vt 0.0380596 0.102485
v 42.1554 27.9534 5.64772
vn -1.02764e-012 2.58629e-015 1
vt 0.0382256 0.102731
v 42.1911 28.3403 5.64772
vn -1.02764e-012 2.58629e-015 1
vt 0.0402084 0.124229
v 42.1507 27.9439 5.64772
vn -1.02764e-012 2.58629e-015 1
vt 0.037963 0.102204
v 42.1524 27.9489 5.64772
vn -1.02764e-012 2.58629e-015 1
vt 0.0380596 0.102485
v 42.1503 27.9385 5.64772
vn -1.02764e-012 2.58629e-015 1
vt 0.0379424 0.101907
v 42.1287 27.9242 5.64772
vn -1.02764e-012 2.58629e-015 1
vt 0.0367426 0.101112
v 42.1409 27.6954 5.64772
vn -1.02764e-012 2.58629e-015 1
vt 0.0374197 0.0884021
v 42.1507 27.9439 5.64772
vn -1.02764e-012 2.58629e-015 1
vt 0.037963 0.102204
v 42.1287 27.9242 5.64772
vn -1.02764e-012 2.58629e-015 1
vt 0.0367426 0.101112
v 42.1503 27.9385 5.64772
vn -1.02764e-012 2.58629e-015 1
vt 0.0379424 0.101907
v 42.1911 28.3403 5.64772
vn -1.02764e-012 2.58629e-015 1
vt 0.0402084 0.124229
v 42.1287 27.9242 5.64772
vn -1.02764e-012 2.58629e-015 1
vt 0.0367426 0.101112
v 42.1507 27.9439 5.64772
vn -1.02764e-012 2.58629e-015 1
vt 0.037963 0.102204
v 42.1287 27.9242 5.64772
vn -1.02764e-012 2.58629e-015 1
vt 0.0367426 0.101112
v 42.1911 28.3403 5.64772
vn -1.02764e-012 2.58629e-015 1
vt 0.0402084 0.124229
v 42.1236 28.0212 5.64772
vn -1.02764e-012 2.58629e-015 1
vt 0.0364556 0.106499
v 42.1909 27.9357 5.64772
vn -1.02764e-012 2.58629e-015 1
vt 0.0401937 0.101751
v 42.242 27.3853 5.64772
vn -1.02764e-012 2.58629e-015 1
vt 0.0430348 0.071171
v 42.1912 27.9411 5.64772
vn -1.02764e-012 2.58629e-015 1
vt 0.0402143 0.102047
v 42.1891 27.9307 5.64772
vn -1.02764e-012 2.58629e-015 1
vt 0.0400971 0.10147
v 42.242 27.3853 5.64772
vn -1.02764e-012 2.58629e-015 1
vt 0.0430348 0.071171
v 42.1909 27.9357 5.64772
vn -1.02764e-012 2.58629e-015 1
vt 0.0401937 0.101751
v 42.1861 27.9262 5.64772
vn -1.02764e-012 2.58629e-015 1
vt 0.0399311 0.101224
v 42.242 27.3853 5.64772
vn -1.02764e-012 2.58629e-015 1
vt 0.0430348 0.071171
v 42.1891 27.9307 5.64772
vn -1.02764e-012 2.58629e-015 1
vt 0.0400971 0.10147
v 42.1821 27.9227 5.64772
vn -1.02764e-012 2.58629e-015 1
vt 0.039707 0.101029
v 42.242 27.3853 5.64772
vn -1.02764e-012 2.58629e-015 1
vt 0.0430348 0.071171
v 42.1861 27.9262 5.64772
vn -1.02764e-012 2.58629e-015 1
vt 0.0399311 0.101224
v 42.1773 27.9204 5.64772
vn -1.02764e-012 2.58629e-015 1
vt 0.03944 0.100898
v 42.242 27.3853 5.64772
vn -1.02764e-012 2.58629e-015 1
vt 0.0430348 0.071171
v 42.1821 27.9227 5.64772
vn -1.02764e-012 2.58629e-015 1
vt 0.039707 0.101029
v 42.172 27.9193 5.64772
vn -1.02764e-012 2.58629e-015 1
vt 0.0391484 0.100841
v 42.242 27.3853 5.64772
vn -1.02764e-012 2.58629e-015 1
vt 0.0430348 0.071171
v 42.1773 27.9204 5.64772
vn -1.02764e-012 2.58629e-015 1
vt 0.03944 0.100898
v 42.1667 27.9197 5.64772
vn -1.02764e-012 2.58629e-015 1
vt 0.038852 0.100862
v 42.242 27.3853 5.64772
vn -1.02764e-012 2.58629e-015 1
vt 0.0430348 0.071171
v 42.172 27.9193 5.64772
vn -1.02764e-012 2.58629e-015 1
vt 0.0391484 0.100841
v 42.1616 27.9215 5.64772
vn -1.02764e-012 2.58629e-015 1
vt 0.0385711 0.100959
v 42.242 27.3853 5.64772
vn -1.02764e-012 2.58629e-015 1
vt 0.0430348 0.071171
v 42.1667 27.9197 5.64772
vn -1.02764e-012 2.58629e-015 1
vt 0.038852 0.100862
v 42.1572 27.9244 5.64772
vn -1.02764e-012 2.58629e-015 1
vt 0.0383247 0.101125
v 42.242 27.3853 5.64772
vn -1.02764e-012 2.58629e-015 1
vt 0.0430348 0.071171
v 42.1616 27.9215 5.64772
vn -1.02764e-012 2.58629e-015 1
vt 0.0385711 0.100959
v 42.1537 27.9285 5.64772
vn -1.02764e-012 2.58629e-015 1
vt 0.0381297 0.101349
v 42.242 27.3853 5.64772
vn -1.02764e-012 2.58629e-015 1
vt 0.0430348 0.071171
v 42.1572 27.9244 5.64772
vn -1.02764e-012 2.58629e-015 1
vt 0.0383247 0.101125
v 42.1514 27.9333 5.64772
vn -1.02764e-012 2.58629e-015 1
vt 0.0379993 0.101616
v 42.242 27.3853 5.64772
vn -1.02764e-012 2.58629e-015 1
vt 0.0430348 0.071171
v 42.1537 27.9285 5.64772
vn -1.02764e-012 2.58629e-015 1
vt 0.0381297 0.101349
v 42.1503 27.9385 5.64772
vn -1.02764e-012 2.58629e-015 1
vt 0.0379424 0.101907
v 42.242 27.3853 5.64772
vn -1.02764e-012 2.58629e-015 1
vt 0.0430348 0.071171
v 42.1514 27.9333 5.64772
vn -1.02764e-012 2.58629e-015 1
vt 0.0379993 0.101616
v 42.242 27.3853 5.64772
vn -1.02764e-012 2.58629e-015 1
vt 0.0430348 0.071171
v 42.1503 27.9385 5.64772
vn -1.02764e-012 2.58629e-015 1
vt 0.0379424 0.101907
v 42.1409 27.6954 5.64772
vn -1.02764e-012 2.58629e-015 1
vt 0.0374197 0.0884021
v 42.1911 28.3403 5.95948
vn -0.942928 0.332996 -9.53248e-013
vt 0.128961 0.0375565
v 42.339 28.6311 5.95948
vn -0.824613 0.565697 -8.31875e-013
vt 0.147084 0.0375565
v 42.1911 28.3403 5.64772
vn -0.942928 0.332996 -9.53248e-013
vt 0.128961 0.0202365
v 42.3292 28.612 5.64772
vn -0.891397 0.453224 -9.0063e-013
vt 0.145891 0.0202365
v 42.1911 28.3403 5.64772
vn -0.942928 0.332996 -9.53248e-013
vt 0.128961 0.0202365
v 42.339 28.6311 5.95948
vn -0.824613 0.565697 -8.31875e-013
vt 0.147084 0.0375565
v 42.339 28.6311 5.65745
vn -0.849139 0.52817 -8.57092e-013
vt 0.147084 0.0207772
v 42.3292 28.612 5.64772
vn -0.891397 0.453224 -9.0063e-013
vt 0.145891 0.0202365
v 42.339 28.6311 5.95948
vn -0.824613 0.565697 -8.31875e-013
vt 0.147084 0.0375565
v 42.339 28.6311 5.95948
vn 0.824613 -0.565697 8.31875e-013
vt 0.147084 0.0375565
v 42.3292 28.612 5.64772
vn 0.891397 -0.453224 9.0063e-013
vt 0.145891 0.0202365
v 42.339 28.6311 5.65745
vn 0.849139 -0.52817 8.57092e-013
vt 0.147084 0.0207772
v 42.339 28.6311 5.95948
vn 0.824613 -0.565697 8.31875e-013
vt 0.147084 0.0375565
v 42.1911 28.3403 5.64772
vn 0.942928 -0.332996 9.53248e-013
vt 0.128961 0.0202365
v 42.3292 28.612 5.64772
vn 0.891397 -0.453224 9.0063e-013
vt 0.145891 0.0202365
v 42.1911 28.3403 5.64772
vn 0.942928 -0.332996 9.53248e-013
vt 0.128961 0.0202365
v 42.339 28.6311 5.95948
vn 0.824613 -0.565697 8.31875e-013
vt 0.147084 0.0375565
v 42.1911 28.3403 5.95948
vn 0.942928 -0.332996 9.53248e-013
vt 0.128961 0.0375565
v 42.339 28.6311 5.95948
vn -0.824613 0.565697 -8.31875e-013
vt 0.136776 0.0375565
v 42.557 28.8737 5.95948
vn -0.650102 0.759847 -6.52496e-013
vt 0.154899 0.0375565
v 42.339 28.6311 5.65745
vn -0.849139 0.52817 -8.57092e-013
vt 0.136776 0.0207772
v 42.557 28.8737 5.87552
vn -0.691465 0.72241 -6.95048e-013
vt 0.154899 0.0328922
v 42.339 28.6311 5.65745
vn -0.849139 0.52817 -8.57092e-013
vt 0.136776 0.0207772
v 42.557 28.8737 5.95948
vn -0.650102 0.759847 -6.52496e-013
vt 0.154899 0.0375565
v 42.557 28.8737 5.95948
vn 0.650102 -0.759847 6.52496e-013
vt 0.154899 0.0375565
v 42.339 28.6311 5.65745
vn 0.849139 -0.52817 8.57092e-013
vt 0.136776 0.0207772
v 42.557 28.8737 5.87552
vn 0.691465 -0.72241 6.95048e-013
vt 0.154899 0.0328922
v 42.339 28.6311 5.65745
vn 0.849139 -0.52817 8.57092e-013
vt 0.136776 0.0207772
v 42.557 28.8737 5.95948
vn 0.650102 -0.759847 6.52496e-013
vt 0.154899 0.0375565
v 42.339 28.6311 5.95948
vn 0.824613 -0.565697 8.31875e-013
vt 0.136776 0.0375565
v 42.557 28.8737 5.87552
vn -0.691465 0.72241 -6.95048e-013
vt 0.134653 0.0328922
v 42.557 28.8737 5.95948
vn -0.650102 0.759847 -6.52496e-013
vt 0.134653 0.0375565
v 42.641 28.9284 5.95948
vn -0.54536 0.838202 -5.4494e-013
vt 0.140217 0.0375565
v 42.641 28.9284 5.95948
vn 0.54536 -0.838202 5.4494e-013
vt 0.140217 0.0375565
v 42.557 28.8737 5.95948
vn 0.650102 -0.759847 6.52496e-013
vt 0.134653 0.0375565
v 42.557 28.8737 5.87552
vn 0.691465 -0.72241 6.95048e-013
vt 0.134653 0.0328922
v 42.339 28.6311 5.95948
vn -0.824613 0.565697 -8.56074e-013
vt 0.136776 0.0375565
v 42.339 28.6311 6.04142
vn -0.824613 0.565697 -8.56074e-013
vt 0.136776 0.0421088
v 42.557 28.8737 5.95948
vn -0.650102 0.759847 -6.96839e-013
vt 0.154899 0.0375565
v 42.557 28.8737 6.04142
vn -0.650102 0.759847 -6.96839e-013
vt 0.154899 0.0421088
v 42.557 28.8737 5.95948
vn -0.650102 0.759847 -6.96839e-013
vt 0.154899 0.0375565
v 42.339 28.6311 6.04142
vn -0.824613 0.565697 -8.56074e-013
vt 0.136776 0.0421088
v 42.339 28.6311 6.04142
vn 0.824613 -0.565697 8.56074e-013
vt 0.136776 0.0421088
v 42.557 28.8737 5.95948
vn 0.650102 -0.759847 6.96839e-013
vt 0.154899 0.0375565
v 42.557 28.8737 6.04142
vn 0.650102 -0.759847 6.96839e-013
vt 0.154899 0.0421088
v 42.557 28.8737 5.95948
vn 0.650102 -0.759847 6.96839e-013
vt 0.154899 0.0375565
v 42.339 28.6311 6.04142
vn 0.824613 -0.565697 8.56074e-013
vt 0.136776 0.0421088
v 42.339 28.6311 5.95948
vn 0.824613 -0.565697 8.56074e-013
vt 0.136776 0.0375565
v 42.4199 27.1119 5.95948
vn -0.759847 -0.650102 -7.80549e-013
vt 0.0180633 0.0375565
v 42.4199 27.1119 6.04142
vn -0.759847 -0.650102 -7.80549e-013
vt 0.0180633 0.0421088
v 42.242 27.3853 5.95948
vn -0.902215 -0.431287 -9.24014e-013
vt 0.0361862 0.0375565
v 42.242 27.3853 6.04142
vn -0.902215 -0.431287 -9.24014e-013
vt 0.0361862 0.0421088
v 42.242 27.3853 5.95948
vn -0.902215 -0.431287 -9.24014e-013
vt 0.0361862 0.0375565
v 42.4199 27.1119 6.04142
vn -0.759847 -0.650102 -7.80549e-013
vt 0.0180633 0.0421088
v 42.4199 27.1119 6.04142
vn 0.759847 0.650102 7.80549e-013
vt 0.0180633 0.0421088
v 42.242 27.3853 5.95948
vn 0.902215 0.431287 9.24014e-013
vt 0.0361862 0.0375565
v 42.242 27.3853 6.04142
vn 0.902215 0.431287 9.24014e-013
vt 0.0361862 0.0421088
v 42.242 27.3853 5.95948
vn 0.902215 0.431287 9.24014e-013
vt 0.0361862 0.0375565
v 42.4199 27.1119 6.04142
vn 0.759847 0.650102 7.80549e-013
vt 0.0180633 0.0421088
v 42.4199 27.1119 5.95948
vn 0.759847 0.650102 7.80549e-013
vt 0.0180633 0.0375565
v 42.4199 27.1119 5.95948
vn -0.759847 -0.650102 -7.68463e-013
vt -0.00193403 0.0375565
v 42.4199 27.1119 5.73838
vn -0.791333 -0.611385 -7.9953e-013
vt -0.00193403 0.0252734
v 42.641 26.9131 5.95948
vn -0.668491 -0.74372 -6.78101e-013
vt -0.0184498 0.0375565
v 42.641 26.9131 5.95948
vn 0.668491 0.74372 6.78101e-013
vt -0.0184498 0.0375565
v 42.4199 27.1119 5.73838
vn 0.791333 0.611385 7.9953e-013
vt -0.00193403 0.0252734
v 42.4199 27.1119 5.95948
vn 0.759847 0.650102 7.68463e-013
vt -0.00193403 0.0375565
v 42.641 26.9131 5.95948
vn 0.707107 -5.59139e-017 -0.707107
vt -0.0449397 0.0726608
v 42.4199 27.1119 5.73838
vn 0.707107 -5.59139e-017 -0.707107
vt -0.0559803 0.0552898
v 42.641 28.9284 5.95948
vn 0.707107 -5.59139e-017 -0.707107
vt -0.156897 0.0726608
v 42.3292 27.2512 5.64772
vn 0.707107 -5.59139e-017 -0.707107
vt -0.0637218 0.0481667
v 42.641 28.9284 5.95948
vn 0.707107 -5.59139e-017 -0.707107
vt -0.156897 0.0726608
v 42.4199 27.1119 5.73838
vn 0.707107 -5.59139e-017 -0.707107
vt -0.0559803 0.0552898
v 42.3292 28.612 5.64772
vn 0.707107 -5.59139e-017 -0.707107
vt -0.139321 0.0481667
v 42.641 28.9284 5.95948
vn 0.707107 -5.59139e-017 -0.707107
vt -0.156897 0.0726608
v 42.3292 27.2512 5.64772
vn 0.707107 -5.59139e-017 -0.707107
vt -0.0637218 0.0481667
v 42.339 28.6311 5.65745
vn 0.707107 -5.59139e-017 -0.707107
vt -0.140384 0.0489313
v 42.641 28.9284 5.95948
vn 0.707107 -5.59139e-017 -0.707107
vt -0.156897 0.0726608
v 42.3292 28.612 5.64772
vn 0.707107 -5.59139e-017 -0.707107
vt -0.139321 0.0481667
v 42.557 28.8737 5.87552
vn 0.707107 -5.59139e-017 -0.707107
vt -0.153863 0.0660645
v 42.641 28.9284 5.95948
vn 0.707107 -5.59139e-017 -0.707107
vt -0.156897 0.0726608
v 42.339 28.6311 5.65745
vn 0.707107 -5.59139e-017 -0.707107
vt -0.140384 0.0489313
v 42.339 28.6311 5.65745
vn -0.707107 5.59139e-017 0.707107
vt -0.140384 0.0489313
v 42.641 28.9284 5.95948
vn -0.707107 5.59139e-017 0.707107
vt -0.156897 0.0726608
v 42.557 28.8737 5.87552
vn -0.707107 5.59139e-017 0.707107
vt -0.153863 0.0660645
v 42.3292 28.612 5.64772
vn -0.707107 5.59139e-017 0.707107
vt -0.139321 0.0481667
v 42.641 28.9284 5.95948
vn -0.707107 5.59139e-017 0.707107
vt -0.156897 0.0726608
v 42.339 28.6311 5.65745
vn -0.707107 5.59139e-017 0.707107
vt -0.140384 0.0489313
v 42.3292 27.2512 5.64772
vn -0.707107 5.59139e-017 0.707107
vt -0.0637218 0.0481667
v 42.641 28.9284 5.95948
vn -0.707107 5.59139e-017 0.707107
vt -0.156897 0.0726608
v 42.3292 28.612 5.64772
vn -0.707107 5.59139e-017 0.707107
vt -0.139321 0.0481667
v 42.4199 27.1119 5.73838
vn -0.707107 5.59139e-017 0.707107
vt -0.0559803 0.0552898
v 42.641 28.9284 5.95948
vn -0.707107 5.59139e-017 0.707107
vt -0.156897 0.0726608
v 42.3292 27.2512 5.64772
vn -0.707107 5.59139e-017 0.707107
vt -0.0637218 0.0481667
v 42.641 28.9284 5.95948
vn -0.707107 5.59139e-017 0.707107
vt -0.156897 0.0726608
v 42.4199 27.1119 5.73838
vn -0.707107 5.59139e-017 0.707107
vt -0.0559803 0.0552898
v 42.641 26.9131 5.95948
vn -0.707107 5.59139e-017 0.707107
vt -0.0449397 0.0726608
v 42.557 28.8737 5.95948
vn -0.650102 0.759847 -6.96839e-013
vt 0.134653 0.0375565
v 42.557 28.8737 6.04142
vn -0.650102 0.759847 -6.96839e-013
vt 0.134653 0.0421088
v 42.641 28.9284 5.95948
vn -0.54536 0.838202 -6.13214e-013
vt 0.140217 0.0375565
v 42.8305 29.0516 5.95948
vn -0.431287 0.902215 -4.68001e-013
vt 0.152776 0.0375565
v 42.641 28.9284 5.95948
vn -0.54536 0.838202 -6.13214e-013
vt 0.140217 0.0375565
v 42.557 28.8737 6.04142
vn -0.650102 0.759847 -6.96839e-013
vt 0.134653 0.0421088
v 42.8305 29.0516 6.04142
vn -0.431287 0.902215 -4.68001e-013
vt 0.152776 0.0421088
v 42.8305 29.0516 5.95948
vn -0.431287 0.902215 -4.68001e-013
vt 0.152776 0.0375565
v 42.557 28.8737 6.04142
vn -0.650102 0.759847 -6.96839e-013
vt 0.134653 0.0421088
v 42.7229 28.9817 6.04142
vn -0.54536 0.838202 -6.13214e-013
vt 0.145649 0.0421088
v 42.8305 29.0516 6.04142
vn -0.431287 0.902215 -4.68001e-013
vt 0.152776 0.0421088
v 42.557 28.8737 6.04142
vn -0.650102 0.759847 -6.96839e-013
vt 0.134653 0.0421088
v 42.557 28.8737 6.04142
vn 0.650102 -0.759847 6.96839e-013
vt 0.134653 0.0421088
v 42.8305 29.0516 6.04142
vn 0.431287 -0.902215 4.68001e-013
vt 0.152776 0.0421088
v 42.7229 28.9817 6.04142
vn 0.54536 -0.838202 6.13214e-013
vt 0.145649 0.0421088
v 42.557 28.8737 6.04142
vn 0.650102 -0.759847 6.96839e-013
vt 0.134653 0.0421088
v 42.8305 29.0516 5.95948
vn 0.431287 -0.902215 4.68001e-013
vt 0.152776 0.0375565
v 42.8305 29.0516 6.04142
vn 0.431287 -0.902215 4.68001e-013
vt 0.152776 0.0421088
v 42.557 28.8737 6.04142
vn 0.650102 -0.759847 6.96839e-013
vt 0.134653 0.0421088
v 42.641 28.9284 5.95948
vn 0.54536 -0.838202 6.13214e-013
vt 0.140217 0.0375565
v 42.8305 29.0516 5.95948
vn 0.431287 -0.902215 4.68001e-013
vt 0.152776 0.0375565
v 42.641 28.9284 5.95948
vn 0.54536 -0.838202 6.13214e-013
vt 0.140217 0.0375565
v 42.557 28.8737 6.04142
vn 0.650102 -0.759847 6.96839e-013
vt 0.134653 0.0421088
v 42.557 28.8737 5.95948
vn 0.650102 -0.759847 6.96839e-013
vt 0.134653 0.0375565
v 42.8305 29.0516 5.95948
vn -0.431287 0.902215 -4.68001e-013
vt 0.122735 0.0375565
v 42.8305 29.0516 6.04142
vn -0.431287 0.902215 -4.68001e-013
vt 0.122735 0.0421088
v 43.1406 29.1527 5.95948
vn -0.183081 0.983098 -1.87482e-013
vt 0.140858 0.0375565
v 43.1406 29.1527 6.04142
vn -0.183081 0.983098 -1.87482e-013
vt 0.140858 0.0421088
v 43.1406 29.1527 5.95948
vn -0.183081 0.983098 -1.87482e-013
vt 0.140858 0.0375565
v 42.8305 29.0516 6.04142
vn -0.431287 0.902215 -4.68001e-013
vt 0.122735 0.0421088
v 42.8305 29.0516 6.04142
vn 0.431287 -0.902215 4.68001e-013
vt 0.122735 0.0421088
v 43.1406 29.1527 5.95948
vn 0.183081 -0.983098 1.87482e-013
vt 0.140858 0.0375565
v 43.1406 29.1527 6.04142
vn 0.183081 -0.983098 1.87482e-013
vt 0.140858 0.0421088
v 43.1406 29.1527 5.95948
vn 0.183081 -0.983098 1.87482e-013
vt 0.140858 0.0375565
v 42.8305 29.0516 6.04142
vn 0.431287 -0.902215 4.68001e-013
vt 0.122735 0.0421088
v 42.8305 29.0516 5.95948
vn 0.431287 -0.902215 4.68001e-013
vt 0.122735 0.0375565
v 43.1406 29.1527 5.95948
vn -0.183081 0.983098 -1.87482e-013
vt 0.101836 0.0375565
v 43.1406 29.1527 6.04142
vn -0.183081 0.983098 -1.87482e-013
vt 0.101836 0.0421088
v 43.4664 29.1701 5.95948
vn 0.0776018 0.996984 7.45068e-014
vt 0.119959 0.0375565
v 43.4664 29.1701 6.04142
vn 0.0776018 0.996984 7.45068e-014
vt 0.119959 0.0421088
v 43.4664 29.1701 5.95948
vn 0.0776018 0.996984 7.45068e-014
vt 0.119959 0.0375565
v 43.1406 29.1527 6.04142
vn -0.183081 0.983098 -1.87482e-013
vt 0.101836 0.0421088
v 43.1406 29.1527 6.04142
vn 0.183081 -0.983098 1.87482e-013
vt 0.101836 0.0421088
v 43.4664 29.1701 5.95948
vn -0.0776018 -0.996984 -7.45068e-014
vt 0.119959 0.0375565
v 43.4664 29.1701 6.04142
vn -0.0776018 -0.996984 -7.45068e-014
vt 0.119959 0.0421088
v 43.4664 29.1701 5.95948
vn -0.0776018 -0.996984 -7.45068e-014
vt 0.119959 0.0375565
v 43.1406 29.1527 6.04142
vn 0.183081 -0.983098 1.87482e-013
vt 0.101836 0.0421088
v 43.1406 29.1527 5.95948
vn 0.183081 -0.983098 1.87482e-013
vt 0.101836 0.0375565
v 43.4664 29.1701 5.95948
vn 0.0776018 0.996984 7.45068e-014
vt 0.0733798 0.0375565
v 43.4664 29.1701 6.04142
vn 0.0776018 0.996984 7.45068e-014
vt 0.0733798 0.0421088
v 43.7855 29.1025 5.95948
vn 0.332996 0.942928 3.31418e-013
vt 0.0915027 0.0375565
v 43.7855 29.1025 6.04142
vn 0.332996 0.942928 3.31418e-013
vt 0.0915027 0.0421088
v 43.7855 29.1025 5.95948
vn 0.332996 0.942928 3.31418e-013
vt 0.0915027 0.0375565
v 43.4664 29.1701 6.04142
vn 0.0776018 0.996984 7.45068e-014
vt 0.0733798 0.0421088
v 43.4664 29.1701 6.04142
vn -0.0776018 -0.996984 -7.45068e-014
vt 0.0733798 0.0421088
v 43.7855 29.1025 5.95948
vn -0.332996 -0.942928 -3.31418e-013
vt 0.0915027 0.0375565
v 43.7855 29.1025 6.04142
vn -0.332996 -0.942928 -3.31418e-013
vt 0.0915027 0.0421088
v 43.7855 29.1025 5.95948
vn -0.332996 -0.942928 -3.31418e-013
vt 0.0915027 0.0375565
v 43.4664 29.1701 6.04142
vn -0.0776018 -0.996984 -7.45068e-014
vt 0.0733798 0.0421088
v 43.4664 29.1701 5.95948
vn -0.0776018 -0.996984 -7.45068e-014
vt 0.0733798 0.0375565
v 43.7855 29.1025 5.95948
vn 0.332996 0.942928 3.31418e-013
vt 0.039305 0.0375565
v 43.7855 29.1025 6.04142
vn 0.332996 0.942928 3.31418e-013
vt 0.039305 0.0421088
v 44.0763 28.9547 5.95948
vn 0.565697 0.824613 5.65743e-013
vt 0.0574279 0.0375565
v 44.0763 28.9547 6.04142
vn 0.565697 0.824613 5.65743e-013
vt 0.0574279 0.0421088
v 44.0763 28.9547 5.95948
vn 0.565697 0.824613 5.65743e-013
vt 0.0574279 0.0375565
v 43.7855 29.1025 6.04142
vn 0.332996 0.942928 3.31418e-013
vt 0.039305 0.0421088
v 43.7855 29.1025 6.04142
vn -0.332996 -0.942928 -3.31418e-013
vt 0.039305 0.0421088
v 44.0763 28.9547 5.95948
vn -0.565697 -0.824613 -5.65743e-013
vt 0.0574279 0.0375565
v 44.0763 28.9547 6.04142
vn -0.565697 -0.824613 -5.65743e-013
vt 0.0574279 0.0421088
v 44.0763 28.9547 5.95948
vn -0.565697 -0.824613 -5.65743e-013
vt 0.0574279 0.0375565
v 43.7855 29.1025 6.04142
vn -0.332996 -0.942928 -3.31418e-013
vt 0.039305 0.0421088
v 43.7855 29.1025 5.95948
vn -0.332996 -0.942928 -3.31418e-013
vt 0.039305 0.0375565
v 44.0763 28.9547 5.95948
vn 0.565697 0.824613 5.65743e-013
vt 0.00193403 0.0375565
v 44.0763 28.9547 6.04142
vn 0.565697 0.824613 5.65743e-013
vt 0.00193403 0.0421088
v 44.3189 28.7366 5.95948
vn 0.759847 0.650102 7.61514e-013
vt 0.020057 0.0375565
v 44.3189 28.7366 6.04142
vn 0.759847 0.650102 7.61514e-013
vt 0.020057 0.0421088
v 44.3189 28.7366 5.95948
vn 0.759847 0.650102 7.61514e-013
vt 0.020057 0.0375565
v 44.0763 28.9547 6.04142
vn 0.565697 0.824613 5.65743e-013
vt 0.00193403 0.0421088
v 44.0763 28.9547 6.04142
vn -0.565697 -0.824613 -5.65743e-013
vt 0.00193403 0.0421088
v 44.3189 28.7366 5.95948
vn -0.759847 -0.650102 -7.61514e-013
vt 0.020057 0.0375565
v 44.3189 28.7366 6.04142
vn -0.759847 -0.650102 -7.61514e-013
vt 0.020057 0.0421088
v 44.3189 28.7366 5.95948
vn -0.759847 -0.650102 -7.61514e-013
vt 0.020057 0.0375565
v 44.0763 28.9547 6.04142
vn -0.565697 -0.824613 -5.65743e-013
vt 0.00193403 0.0421088
v 44.0763 28.9547 5.95948
vn -0.565697 -0.824613 -5.65743e-013
vt 0.00193403 0.0375565
v 44.4968 28.4632 5.95948
vn 0.902215 0.431287 9.0539e-013
vt -0.0180633 0.0375565
v 44.3189 28.7366 5.95948
vn 0.759847 0.650102 7.61514e-013
vt -0.0361862 0.0375565
v 44.4968 28.4632 6.04142
vn 0.902215 0.431287 9.0539e-013
vt -0.0180633 0.0421088
v 44.3189 28.7366 6.04142
vn 0.759847 0.650102 7.61514e-013
vt -0.0361862 0.0421088
v 44.4968 28.4632 6.04142
vn 0.902215 0.431287 9.0539e-013
vt -0.0180633 0.0421088
v 44.3189 28.7366 5.95948
vn 0.759847 0.650102 7.61514e-013
vt -0.0361862 0.0375565
v 44.3189 28.7366 5.95948
vn -0.759847 -0.650102 -7.61514e-013
vt -0.0361862 0.0375565
v 44.4968 28.4632 6.04142
vn -0.902215 -0.431287 -9.0539e-013
vt -0.0180633 0.0421088
v 44.3189 28.7366 6.04142
vn -0.759847 -0.650102 -7.61514e-013
vt -0.0361862 0.0421088
v 44.4968 28.4632 6.04142
vn -0.902215 -0.431287 -9.0539e-013
vt -0.0180633 0.0421088
v 44.3189 28.7366 5.95948
vn -0.759847 -0.650102 -7.61514e-013
vt -0.0361862 0.0375565
v 44.4968 28.4632 5.95948
vn -0.902215 -0.431287 -9.0539e-013
vt -0.0180633 0.0375565
v 44.5979 28.153 6.04142
vn 0.983098 0.183081 9.87564e-013
vt -0.054335 0.0421088
v 44.5979 28.153 5.95948
vn 0.983098 0.183081 9.87564e-013
vt -0.054335 0.0375565
v 44.4968 28.4632 6.04142
vn 0.902215 0.431287 9.0539e-013
vt -0.072458 0.0421088
v 44.4968 28.4632 5.95948
vn 0.902215 0.431287 9.0539e-013
vt -0.072458 0.0375565
v 44.4968 28.4632 6.04142
vn 0.902215 0.431287 9.0539e-013
vt -0.072458 0.0421088
v 44.5979 28.153 5.95948
vn 0.983098 0.183081 9.87564e-013
vt -0.054335 0.0375565
v 44.5979 28.153 5.95948
vn -0.983098 -0.183081 -9.87564e-013
vt -0.054335 0.0375565
v 44.4968 28.4632 6.04142
vn -0.902215 -0.431287 -9.0539e-013
vt -0.072458 0.0421088
v 44.4968 28.4632 5.95948
vn -0.902215 -0.431287 -9.0539e-013
vt -0.072458 0.0375565
v 44.4968 28.4632 6.04142
vn -0.902215 -0.431287 -9.0539e-013
vt -0.072458 0.0421088
v 44.5979 28.153 5.95948
vn -0.983098 -0.183081 -9.87564e-013
vt -0.054335 0.0375565
v 44.5979 28.153 6.04142
vn -0.983098 -0.183081 -9.87564e-013
vt -0.054335 0.0421088
v 44.6152 27.8272 6.04142
vn 0.996984 -0.0776018 1.00244e-012
vt -0.0862864 0.0421088
v 44.6152 27.8272 5.95948
vn 0.996984 -0.0776018 1.00244e-012
vt -0.0862864 0.0375565
v 44.5979 28.153 6.04142
vn 0.983098 0.183081 9.87564e-013
vt -0.104409 0.0421088
v 44.5979 28.153 5.95948
vn 0.983098 0.183081 9.87564e-013
vt -0.104409 0.0375565
v 44.5979 28.153 6.04142
vn 0.983098 0.183081 9.87564e-013
vt -0.104409 0.0421088
v 44.6152 27.8272 5.95948
vn 0.996984 -0.0776018 1.00244e-012
vt -0.0862864 0.0375565
v 44.6152 27.8272 5.95948
vn -0.996984 0.0776018 -1.00244e-012
vt -0.0862864 0.0375565
v 44.5979 28.153 6.04142
vn -0.983098 -0.183081 -9.87564e-013
vt -0.104409 0.0421088
v 44.5979 28.153 5.95948
vn -0.983098 -0.183081 -9.87564e-013
vt -0.104409 0.0375565
v 44.5979 28.153 6.04142
vn -0.983098 -0.183081 -9.87564e-013
vt -0.104409 0.0421088
v 44.6152 27.8272 5.95948
vn -0.996984 0.0776018 -1.00244e-012
vt -0.0862864 0.0375565
v 44.6152 27.8272 6.04142
vn -0.996984 0.0776018 -1.00244e-012
vt -0.0862864 0.0421088
v 44.5477 27.5081 6.04142
vn 0.942928 -0.332996 9.48996e-013
vt -0.11174 0.0421088
v 44.5477 27.5081 5.95948
vn 0.942928 -0.332996 9.48996e-013
vt -0.11174 0.0375565
v 44.6152 27.8272 6.04142
vn 0.996984 -0.0776018 1.00244e-012
vt -0.129863 0.0421088
v 44.6152 27.8272 5.95948
vn 0.996984 -0.0776018 1.00244e-012
vt -0.129863 0.0375565
v 44.6152 27.8272 6.04142
vn 0.996984 -0.0776018 1.00244e-012
vt -0.129863 0.0421088
v 44.5477 27.5081 5.95948
vn 0.942928 -0.332996 9.48996e-013
vt -0.11174 0.0375565
v 44.5477 27.5081 5.95948
vn -0.942928 0.332996 -9.48996e-013
vt -0.11174 0.0375565
v 44.6152 27.8272 6.04142
vn -0.996984 0.0776018 -1.00244e-012
vt -0.129863 0.0421088
v 44.6152 27.8272 5.95948
vn -0.996984 0.0776018 -1.00244e-012
vt -0.129863 0.0375565
v 44.6152 27.8272 6.04142
vn -0.996984 0.0776018 -1.00244e-012
vt -0.129863 0.0421088
v 44.5477 27.5081 5.95948
vn -0.942928 0.332996 -9.48996e-013
vt -0.11174 0.0375565
v 44.5477 27.5081 6.04142
vn -0.942928 0.332996 -9.48996e-013
vt -0.11174 0.0421088
v 44.3998 27.2173 6.04142
vn 0.824613 -0.565697 8.30883e-013
vt -0.128961 0.0421088
v 44.3998 27.2173 5.95948
vn 0.824613 -0.565697 8.30883e-013
vt -0.128961 0.0375565
v 44.5477 27.5081 6.04142
vn 0.942928 -0.332996 9.48996e-013
vt -0.147084 0.0421088
v 44.5477 27.5081 5.95948
vn 0.942928 -0.332996 9.48996e-013
vt -0.147084 0.0375565
v 44.5477 27.5081 6.04142
vn 0.942928 -0.332996 9.48996e-013
vt -0.147084 0.0421088
v 44.3998 27.2173 5.95948
vn 0.824613 -0.565697 8.30883e-013
vt -0.128961 0.0375565
v 44.3998 27.2173 5.95948
vn -0.824613 0.565697 -8.30883e-013
vt -0.128961 0.0375565
v 44.5477 27.5081 6.04142
vn -0.942928 0.332996 -9.48996e-013
vt -0.147084 0.0421088
v 44.5477 27.5081 5.95948
vn -0.942928 0.332996 -9.48996e-013
vt -0.147084 0.0375565
v 44.5477 27.5081 6.04142
vn -0.942928 0.332996 -9.48996e-013
vt -0.147084 0.0421088
v 44.3998 27.2173 5.95948
vn -0.824613 0.565697 -8.30883e-013
vt -0.128961 0.0375565
v 44.3998 27.2173 6.04142
vn -0.824613 0.565697 -8.30883e-013
vt -0.128961 0.0421088
v 44.1818 26.9747 6.04142
vn 0.650102 -0.759847 6.56146e-013
vt -0.136776 0.0421088
v 44.1818 26.9747 5.95948
vn 0.650102 -0.759847 6.56146e-013
vt -0.136776 0.0375565
v 44.3998 27.2173 6.04142
vn 0.824613 -0.565697 8.30883e-013
vt -0.154899 0.0421088
v 44.3998 27.2173 5.95948
vn 0.824613 -0.565697 8.30883e-013
vt -0.154899 0.0375565
v 44.3998 27.2173 6.04142
vn 0.824613 -0.565697 8.30883e-013
vt -0.154899 0.0421088
v 44.1818 26.9747 5.95948
vn 0.650102 -0.759847 6.56146e-013
vt -0.136776 0.0375565
v 44.1818 26.9747 5.95948
vn -0.650102 0.759847 -6.56146e-013
vt -0.136776 0.0375565
v 44.3998 27.2173 6.04142
vn -0.824613 0.565697 -8.30883e-013
vt -0.154899 0.0421088
v 44.3998 27.2173 5.95948
vn -0.824613 0.565697 -8.30883e-013
vt -0.154899 0.0375565
v 44.3998 27.2173 6.04142
vn -0.824613 0.565697 -8.30883e-013
vt -0.154899 0.0421088
v 44.1818 26.9747 5.95948
vn -0.650102 0.759847 -6.56146e-013
vt -0.136776 0.0375565
v 44.1818 26.9747 6.04142
vn -0.650102 0.759847 -6.56146e-013
vt -0.136776 0.0421088
v 43.9083 26.7968 5.95948
vn 0.431287 -0.902215 4.36694e-013
vt -0.134653 0.0375565
v 44.1818 26.9747 5.95948
vn 0.650102 -0.759847 6.56146e-013
vt -0.152776 0.0375565
v 43.9083 26.7968 6.04142
vn 0.431287 -0.902215 4.36694e-013
vt -0.134653 0.0421088
v 44.1818 26.9747 6.04142
vn 0.650102 -0.759847 6.56146e-013
vt -0.152776 0.0421088
v 43.9083 26.7968 6.04142
vn 0.431287 -0.902215 4.36694e-013
vt -0.134653 0.0421088
v 44.1818 26.9747 5.95948
vn 0.650102 -0.759847 6.56146e-013
vt -0.152776 0.0375565
v 44.1818 26.9747 5.95948
vn -0.650102 0.759847 -6.56146e-013
vt -0.152776 0.0375565
v 43.9083 26.7968 6.04142
vn -0.431287 0.902215 -4.36694e-013
vt -0.134653 0.0421088
v 44.1818 26.9747 6.04142
vn -0.650102 0.759847 -6.56146e-013
vt -0.152776 0.0421088
v 43.9083 26.7968 6.04142
vn -0.431287 0.902215 -4.36694e-013
vt -0.134653 0.0421088
v 44.1818 26.9747 5.95948
vn -0.650102 0.759847 -6.56146e-013
vt -0.152776 0.0375565
v 43.9083 26.7968 5.95948
vn -0.431287 0.902215 -4.36694e-013
vt -0.134653 0.0375565
v 42.4199 27.1119 5.95948
vn -0.759847 -0.650102 -7.80549e-013
vt -0.00193403 0.0375565
v 42.641 26.9131 5.95948
vn -0.668491 -0.74372 -6.88646e-013
vt -0.0184498 0.0375565
v 42.4199 27.1119 6.04142
vn -0.759847 -0.650102 -7.80549e-013
vt -0.00193403 0.0421088
v 42.6625 26.8938 5.95948
vn -0.668491 -0.74372 -6.88646e-013
vt -0.020057 0.0375565
v 42.4199 27.1119 6.04142
vn -0.759847 -0.650102 -7.80549e-013
vt -0.00193403 0.0421088
v 42.641 26.9131 5.95948
vn -0.668491 -0.74372 -6.88646e-013
vt -0.0184498 0.0375565
v 42.5447 26.9997 6.04142
vn -0.668491 -0.74372 -6.88646e-013
vt -0.0112539 0.0421088
v 42.4199 27.1119 6.04142
vn -0.759847 -0.650102 -7.80549e-013
vt -0.00193403 0.0421088
v 42.6625 26.8938 5.95948
vn -0.668491 -0.74372 -6.88646e-013
vt -0.020057 0.0375565
v 42.6625 26.8938 6.04142
vn -0.668491 -0.74372 -6.88646e-013
vt -0.020057 0.0421088
v 42.5447 26.9997 6.04142
vn -0.668491 -0.74372 -6.88646e-013
vt -0.0112539 0.0421088
v 42.6625 26.8938 5.95948
vn -0.668491 -0.74372 -6.88646e-013
vt -0.020057 0.0375565
v 42.6625 26.8938 5.95948
vn 0.668491 0.74372 6.88646e-013
vt -0.020057 0.0375565
v 42.5447 26.9997 6.04142
vn 0.668491 0.74372 6.88646e-013
vt -0.0112539 0.0421088
v 42.6625 26.8938 6.04142
vn 0.668491 0.74372 6.88646e-013
vt -0.020057 0.0421088
v 42.6625 26.8938 5.95948
vn 0.668491 0.74372 6.88646e-013
vt -0.020057 0.0375565
v 42.4199 27.1119 6.04142
vn 0.759847 0.650102 7.80549e-013
vt -0.00193403 0.0421088
v 42.5447 26.9997 6.04142
vn 0.668491 0.74372 6.88646e-013
vt -0.0112539 0.0421088
v 42.641 26.9131 5.95948
vn 0.668491 0.74372 6.88646e-013
vt -0.0184498 0.0375565
v 42.4199 27.1119 6.04142
vn 0.759847 0.650102 7.80549e-013
vt -0.00193403 0.0421088
v 42.6625 26.8938 5.95948
vn 0.668491 0.74372 6.88646e-013
vt -0.020057 0.0375565
v 42.4199 27.1119 6.04142
vn 0.759847 0.650102 7.80549e-013
vt -0.00193403 0.0421088
v 42.641 26.9131 5.95948
vn 0.668491 0.74372 6.88646e-013
vt -0.0184498 0.0375565
v 42.4199 27.1119 5.95948
vn 0.759847 0.650102 7.80549e-013
vt -0.00193403 0.0375565
v 43.5982 26.6957 5.95948
vn 0.183081 -0.983098 1.87482e-013
vt -0.122735 0.0375565
v 43.9083 26.7968 5.95948
vn 0.431287 -0.902215 4.36694e-013
vt -0.140858 0.0375565
v 43.5982 26.6957 6.04142
vn 0.183081 -0.983098 1.87482e-013
vt -0.122735 0.0421088
v 43.9083 26.7968 6.04142
vn 0.431287 -0.902215 4.36694e-013
vt -0.140858 0.0421088
v 43.5982 26.6957 6.04142
vn 0.183081 -0.983098 1.87482e-013
vt -0.122735 0.0421088
v 43.9083 26.7968 5.95948
vn 0.431287 -0.902215 4.36694e-013
vt -0.140858 0.0375565
v 43.9083 26.7968 5.95948
vn -0.431287 0.902215 -4.36694e-013
vt -0.140858 0.0375565
v 43.5982 26.6957 6.04142
vn -0.183081 0.983098 -1.87482e-013
vt -0.122735 0.0421088
v 43.9083 26.7968 6.04142
vn -0.431287 0.902215 -4.36694e-013
vt -0.140858 0.0421088
v 43.5982 26.6957 6.04142
vn -0.183081 0.983098 -1.87482e-013
vt -0.122735 0.0421088
v 43.9083 26.7968 5.95948
vn -0.431287 0.902215 -4.36694e-013
vt -0.140858 0.0375565
v 43.5982 26.6957 5.95948
vn -0.183081 0.983098 -1.87482e-013
vt -0.122735 0.0375565
v 42.6625 26.8938 5.95948
vn -0.453224 -0.891397 -4.5242e-013
vt -0.039305 0.0375565
v 42.9533 26.7459 5.95948
vn -0.332996 -0.942928 -3.31402e-013
vt -0.0574279 0.0375565
v 42.6625 26.8938 6.04142
vn -0.453224 -0.891397 -4.5242e-013
vt -0.039305 0.0421088
v 42.7229 26.8631 6.04142
vn -0.453224 -0.891397 -4.5242e-013
vt -0.043071 0.0421088
v 42.6625 26.8938 6.04142
vn -0.453224 -0.891397 -4.5242e-013
vt -0.039305 0.0421088
v 42.9533 26.7459 5.95948
vn -0.332996 -0.942928 -3.31402e-013
vt -0.0574279 0.0375565
v 42.9533 26.7459 6.04142
vn -0.332996 -0.942928 -3.31402e-013
vt -0.0574279 0.0421088
v 42.7229 26.8631 6.04142
vn -0.453224 -0.891397 -4.5242e-013
vt -0.043071 0.0421088
v 42.9533 26.7459 5.95948
vn -0.332996 -0.942928 -3.31402e-013
vt -0.0574279 0.0375565
v 42.9533 26.7459 5.95948
vn 0.332996 0.942928 3.31402e-013
vt -0.0574279 0.0375565
v 42.7229 26.8631 6.04142
vn 0.453224 0.891397 4.5242e-013
vt -0.043071 0.0421088
v 42.9533 26.7459 6.04142
vn 0.332996 0.942928 3.31402e-013
vt -0.0574279 0.0421088
v 42.9533 26.7459 5.95948
vn 0.332996 0.942928 3.31402e-013
vt -0.0574279 0.0375565
v 42.6625 26.8938 6.04142
vn 0.453224 0.891397 4.5242e-013
vt -0.039305 0.0421088
v 42.7229 26.8631 6.04142
vn 0.453224 0.891397 4.5242e-013
vt -0.043071 0.0421088
v 42.6625 26.8938 6.04142
vn 0.453224 0.891397 4.5242e-013
vt -0.039305 0.0421088
v 42.9533 26.7459 5.95948
vn 0.332996 0.942928 3.31402e-013
vt -0.0574279 0.0375565
v 42.6625 26.8938 5.95948
vn 0.453224 0.891397 4.5242e-013
vt -0.039305 0.0375565
v 42.641 26.9131 5.95948
vn 1.00453e-012 -5.41187e-015 -1
vt 0.0652014 0.0449397
v 42.641 28.9284 5.95948
vn 1.00453e-012 -5.41187e-015 -1
vt 0.0652014 0.156897
v 42.6625 26.8938 5.95948
vn 1.00453e-012 -5.41187e-015 -1
vt 0.0663967 0.0438653
v 42.8305 29.0516 5.95948
vn 1.00453e-012 -5.41187e-015 -1
vt 0.0757278 0.163746
v 42.6625 26.8938 5.95948
vn 1.00453e-012 -5.41187e-015 -1
vt 0.0663967 0.0438653
v 42.641 28.9284 5.95948
vn 1.00453e-012 -5.41187e-015 -1
vt 0.0652014 0.156897
v 42.9533 26.7459 5.95948
vn 1.00453e-012 -5.41187e-015 -1
vt 0.0825514 0.0356516
v 42.6625 26.8938 5.95948
vn 1.00453e-012 -5.41187e-015 -1
vt 0.0663967 0.0438653
v 42.8305 29.0516 5.95948
vn 1.00453e-012 -5.41187e-015 -1
vt 0.0757278 0.163746
v 43.1406 29.1527 5.95948
vn 1.00453e-012 -5.41187e-015 -1
vt 0.0929589 0.169361
v 42.9533 26.7459 5.95948
vn 1.00453e-012 -5.41187e-015 -1
vt 0.0825514 0.0356516
v 42.8305 29.0516 5.95948
vn 1.00453e-012 -5.41187e-015 -1
vt 0.0757278 0.163746
v 43.2724 26.6784 5.95948
vn 1.00453e-012 -5.41187e-015 -1
vt 0.100282 0.0318988
v 42.9533 26.7459 5.95948
vn 1.00453e-012 -5.41187e-015 -1
vt 0.0825514 0.0356516
v 43.1406 29.1527 5.95948
vn 1.00453e-012 -5.41187e-015 -1
vt 0.0929589 0.169361
v 43.4664 29.1701 5.95948
vn 1.00453e-012 -5.41187e-015 -1
vt 0.111056 0.170325
v 43.2724 26.6784 5.95948
vn 1.00453e-012 -5.41187e-015 -1
vt 0.100282 0.0318988
v 43.1406 29.1527 5.95948
vn 1.00453e-012 -5.41187e-015 -1
vt 0.0929589 0.169361
v 43.5982 26.6957 5.95948
vn 1.00453e-012 -5.41187e-015 -1
vt 0.118379 0.0328629
v 43.2724 26.6784 5.95948
vn 1.00453e-012 -5.41187e-015 -1
vt 0.100282 0.0318988
v 43.4664 29.1701 5.95948
vn 1.00453e-012 -5.41187e-015 -1
vt 0.111056 0.170325
v 43.7855 29.1025 5.95948
vn 1.00453e-012 -5.41187e-015 -1
vt 0.128786 0.166573
v 43.5982 26.6957 5.95948
vn 1.00453e-012 -5.41187e-015 -1
vt 0.118379 0.0328629
v 43.4664 29.1701 5.95948
vn 1.00453e-012 -5.41187e-015 -1
vt 0.111056 0.170325
v 43.9083 26.7968 5.95948
vn 1.00453e-012 -5.41187e-015 -1
vt 0.13561 0.038478
v 43.5982 26.6957 5.95948
vn 1.00453e-012 -5.41187e-015 -1
vt 0.118379 0.0328629
v 43.7855 29.1025 5.95948
vn 1.00453e-012 -5.41187e-015 -1
vt 0.128786 0.166573
v 44.0763 28.9547 5.95948
vn 1.00453e-012 -5.41187e-015 -1
vt 0.144941 0.158359
v 43.9083 26.7968 5.95948
vn 1.00453e-012 -5.41187e-015 -1
vt 0.13561 0.038478
v 43.7855 29.1025 5.95948
vn 1.00453e-012 -5.41187e-015 -1
vt 0.128786 0.166573
v 44.1818 26.9747 5.95948
vn 1.00453e-012 -5.41187e-015 -1
vt 0.150801 0.0483615
v 43.9083 26.7968 5.95948
vn 1.00453e-012 -5.41187e-015 -1
vt 0.13561 0.038478
v 44.0763 28.9547 5.95948
vn 1.00453e-012 -5.41187e-015 -1
vt 0.144941 0.158359
v 44.3189 28.7366 5.95948
vn 1.00453e-012 -5.41187e-015 -1
vt 0.158419 0.146244
v 44.1818 26.9747 5.95948
vn 1.00453e-012 -5.41187e-015 -1
vt 0.150801 0.0483615
v 44.0763 28.9547 5.95948
vn 1.00453e-012 -5.41187e-015 -1
vt 0.144941 0.158359
v 44.3998 27.2173 5.95948
vn 1.00453e-012 -5.41187e-015 -1
vt 0.162916 0.0618399
v 44.1818 26.9747 5.95948
vn 1.00453e-012 -5.41187e-015 -1
vt 0.150801 0.0483615
v 44.3189 28.7366 5.95948
vn 1.00453e-012 -5.41187e-015 -1
vt 0.158419 0.146244
v 44.4968 28.4632 5.95948
vn 1.00453e-012 -5.41187e-015 -1
vt 0.168303 0.131053
v 44.3998 27.2173 5.95948
vn 1.00453e-012 -5.41187e-015 -1
vt 0.162916 0.0618399
v 44.3189 28.7366 5.95948
vn 1.00453e-012 -5.41187e-015 -1
vt 0.158419 0.146244
v 44.5477 27.5081 5.95948
vn 1.00453e-012 -5.41187e-015 -1
vt 0.171129 0.0779946
v 44.3998 27.2173 5.95948
vn 1.00453e-012 -5.41187e-015 -1
vt 0.162916 0.0618399
v 44.4968 28.4632 5.95948
vn 1.00453e-012 -5.41187e-015 -1
vt 0.168303 0.131053
v 44.5979 28.153 5.95948
vn 1.00453e-012 -5.41187e-015 -1
vt 0.173918 0.113822
v 44.5477 27.5081 5.95948
vn 1.00453e-012 -5.41187e-015 -1
vt 0.171129 0.0779946
v 44.4968 28.4632 5.95948
vn 1.00453e-012 -5.41187e-015 -1
vt 0.168303 0.131053
v 44.6152 27.8272 5.95948
vn 1.00453e-012 -5.41187e-015 -1
vt 0.174882 0.0957247
v 44.5477 27.5081 5.95948
vn 1.00453e-012 -5.41187e-015 -1
vt 0.171129 0.0779946
v 44.5979 28.153 5.95948
vn 1.00453e-012 -5.41187e-015 -1
vt 0.173918 0.113822
v 44.5979 28.153 5.95948
vn -1.00453e-012 5.41187e-015 1
vt 0.173918 0.113822
v 44.5477 27.5081 5.95948
vn -1.00453e-012 5.41187e-015 1
vt 0.171129 0.0779946
v 44.6152 27.8272 5.95948
vn -1.00453e-012 5.41187e-015 1
vt 0.174882 0.0957247
v 44.4968 28.4632 5.95948
vn -1.00453e-012 5.41187e-015 1
vt 0.168303 0.131053
v 44.5477 27.5081 5.95948
vn -1.00453e-012 5.41187e-015 1
vt 0.171129 0.0779946
v 44.5979 28.153 5.95948
vn -1.00453e-012 5.41187e-015 1
vt 0.173918 0.113822
v 44.4968 28.4632 5.95948
vn -1.00453e-012 5.41187e-015 1
vt 0.168303 0.131053
v 44.3998 27.2173 5.95948
vn -1.00453e-012 5.41187e-015 1
vt 0.162916 0.0618399
v 44.5477 27.5081 5.95948
vn -1.00453e-012 5.41187e-015 1
vt 0.171129 0.0779946
v 44.3189 28.7366 5.95948
vn -1.00453e-012 5.41187e-015 1
vt 0.158419 0.146244
v 44.3998 27.2173 5.95948
vn -1.00453e-012 5.41187e-015 1
vt 0.162916 0.0618399
v 44.4968 28.4632 5.95948
vn -1.00453e-012 5.41187e-015 1
vt 0.168303 0.131053
v 44.3189 28.7366 5.95948
vn -1.00453e-012 5.41187e-015 1
vt 0.158419 0.146244
v 44.1818 26.9747 5.95948
vn -1.00453e-012 5.41187e-015 1
vt 0.150801 0.0483615
v 44.3998 27.2173 5.95948
vn -1.00453e-012 5.41187e-015 1
vt 0.162916 0.0618399
v 44.0763 28.9547 5.95948
vn -1.00453e-012 5.41187e-015 1
vt 0.144941 0.158359
v 44.1818 26.9747 5.95948
vn -1.00453e-012 5.41187e-015 1
vt 0.150801 0.0483615
v 44.3189 28.7366 5.95948
vn -1.00453e-012 5.41187e-015 1
vt 0.158419 0.146244
v 44.0763 28.9547 5.95948
vn -1.00453e-012 5.41187e-015 1
vt 0.144941 0.158359
v 43.9083 26.7968 5.95948
vn -1.00453e-012 5.41187e-015 1
vt 0.13561 0.038478
v 44.1818 26.9747 5.95948
vn -1.00453e-012 5.41187e-015 1
vt 0.150801 0.0483615
v 43.7855 29.1025 5.95948
vn -1.00453e-012 5.41187e-015 1
vt 0.128786 0.166573
v 43.9083 26.7968 5.95948
vn -1.00453e-012 5.41187e-015 1
vt 0.13561 0.038478
v 44.0763 28.9547 5.95948
vn -1.00453e-012 5.41187e-015 1
vt 0.144941 0.158359
v 43.7855 29.1025 5.95948
vn -1.00453e-012 5.41187e-015 1
vt 0.128786 0.166573
v 43.5982 26.6957 5.95948
vn -1.00453e-012 5.41187e-015 1
vt 0.118379 0.0328629
v 43.9083 26.7968 5.95948
vn -1.00453e-012 5.41187e-015 1
vt 0.13561 0.038478
v 43.4664 29.1701 5.95948
vn -1.00453e-012 5.41187e-015 1
vt 0.111056 0.170325
v 43.5982 26.6957 5.95948
vn -1.00453e-012 5.41187e-015 1
vt 0.118379 0.0328629
v 43.7855 29.1025 5.95948
vn -1.00453e-012 5.41187e-015 1
vt 0.128786 0.166573
v 43.4664 29.1701 5.95948
vn -1.00453e-012 5.41187e-015 1
vt 0.111056 0.170325
v 43.2724 26.6784 5.95948
vn -1.00453e-012 5.41187e-015 1
vt 0.100282 0.0318988
v 43.5982 26.6957 5.95948
vn -1.00453e-012 5.41187e-015 1
vt 0.118379 0.0328629
v 43.1406 29.1527 5.95948
vn -1.00453e-012 5.41187e-015 1
vt 0.0929589 0.169361
v 43.2724 26.6784 5.95948
vn -1.00453e-012 5.41187e-015 1
vt 0.100282 0.0318988
v 43.4664 29.1701 5.95948
vn -1.00453e-012 5.41187e-015 1
vt 0.111056 0.170325
v 43.1406 29.1527 5.95948
vn -1.00453e-012 5.41187e-015 1
vt 0.0929589 0.169361
v 42.9533 26.7459 5.95948
vn -1.00453e-012 5.41187e-015 1
vt 0.0825514 0.0356516
v 43.2724 26.6784 5.95948
vn -1.00453e-012 5.41187e-015 1
vt 0.100282 0.0318988
v 42.8305 29.0516 5.95948
vn -1.00453e-012 5.41187e-015 1
vt 0.0757278 0.163746
v 42.9533 26.7459 5.95948
vn -1.00453e-012 5.41187e-015 1
vt 0.0825514 0.0356516
v 43.1406 29.1527 5.95948
vn -1.00453e-012 5.41187e-015 1
vt 0.0929589 0.169361
v 42.8305 29.0516 5.95948
vn -1.00453e-012 5.41187e-015 1
vt 0.0757278 0.163746
v 42.6625 26.8938 5.95948
vn -1.00453e-012 5.41187e-015 1
vt 0.0663967 0.0438653
v 42.9533 26.7459 5.95948
vn -1.00453e-012 5.41187e-015 1
vt 0.0825514 0.0356516
v 42.641 28.9284 5.95948
vn -1.00453e-012 5.41187e-015 1
vt 0.0652014 0.156897
v 42.6625 26.8938 5.95948
vn -1.00453e-012 5.41187e-015 1
vt 0.0663967 0.0438653
v 42.8305 29.0516 5.95948
vn -1.00453e-012 5.41187e-015 1
vt 0.0757278 0.163746
v 42.6625 26.8938 5.95948
vn -1.00453e-012 5.41187e-015 1
vt 0.0663967 0.0438653
v 42.641 28.9284 5.95948
vn -1.00453e-012 5.41187e-015 1
vt 0.0652014 0.156897
v 42.641 26.9131 5.95948
vn -1.00453e-012 5.41187e-015 1
vt 0.0652014 0.0449397
v 43.2724 26.6784 5.95948
vn -0.0776018 -0.996984 -7.45068e-014
vt -0.101836 0.0375565
v 43.5982 26.6957 5.95948
vn 0.183081 -0.983098 1.87482e-013
vt -0.119959 0.0375565
v 43.2724 26.6784 6.04142
vn -0.0776018 -0.996984 -7.45068e-014
vt -0.101836 0.0421088
v 43.5982 26.6957 6.04142
vn 0.183081 -0.983098 1.87482e-013
vt -0.119959 0.0421088
v 43.2724 26.6784 6.04142
vn -0.0776018 -0.996984 -7.45068e-014
vt -0.101836 0.0421088
v 43.5982 26.6957 5.95948
vn 0.183081 -0.983098 1.87482e-013
vt -0.119959 0.0375565
v 43.5982 26.6957 5.95948
vn -0.183081 0.983098 -1.87482e-013
vt -0.119959 0.0375565
v 43.2724 26.6784 6.04142
vn 0.0776018 0.996984 7.45068e-014
vt -0.101836 0.0421088
v 43.5982 26.6957 6.04142
vn -0.183081 0.983098 -1.87482e-013
vt -0.119959 0.0421088
v 43.2724 26.6784 6.04142
vn 0.0776018 0.996984 7.45068e-014
vt -0.101836 0.0421088
v 43.5982 26.6957 5.95948
vn -0.183081 0.983098 -1.87482e-013
vt -0.119959 0.0375565
v 43.2724 26.6784 5.95948
vn 0.0776018 0.996984 7.45068e-014
vt -0.101836 0.0375565
v 42.9533 26.7459 5.95948
vn -0.332996 -0.942928 -3.31402e-013
vt -0.0733798 0.0375565
v 43.2724 26.6784 5.95948
vn -0.0776018 -0.996984 -7.45068e-014
vt -0.0915027 0.0375565
v 42.9533 26.7459 6.04142
vn -0.332996 -0.942928 -3.31402e-013
vt -0.0733798 0.0421088
v 43.2724 26.6784 6.04142
vn -0.0776018 -0.996984 -7.45068e-014
vt -0.0915027 0.0421088
v 42.9533 26.7459 6.04142
vn -0.332996 -0.942928 -3.31402e-013
vt -0.0733798 0.0421088
v 43.2724 26.6784 5.95948
vn -0.0776018 -0.996984 -7.45068e-014
vt -0.0915027 0.0375565
v 43.2724 26.6784 5.95948
vn 0.0776018 0.996984 7.45068e-014
vt -0.0915027 0.0375565
v 42.9533 26.7459 6.04142
vn 0.332996 0.942928 3.31402e-013
vt -0.0733798 0.0421088
v 43.2724 26.6784 6.04142
vn 0.0776018 0.996984 7.45068e-014
vt -0.0915027 0.0421088
v 42.9533 26.7459 6.04142
vn 0.332996 0.942928 3.31402e-013
vt -0.0733798 0.0421088
v 43.2724 26.6784 5.95948
vn 0.0776018 0.996984 7.45068e-014
vt -0.0915027 0.0375565
v 42.9533 26.7459 5.95948
vn 0.332996 0.942928 3.31402e-013
vt -0.0733798 0.0375565
v 44.5102 28.9885 5.52471
vn 0.728572 0.633302 -0.260981
vt 0.0205717 0.0996876
v 44.1931 29.2688 5.52471
vn 0.53991 0.80025 -0.260955
vt -0.00293955 0.0996876
v 44.1962 29.2741 5.53953
vn 0.514602 0.767621 -0.382024
vt -0.00300735 0.100576
v 44.1962 29.2741 5.53953
vn -0.514602 -0.767621 0.382024
vt -0.00300735 0.100576
v 44.1931 29.2688 5.52471
vn -0.53991 -0.80025 0.260955
vt -0.00293955 0.0996876
v 44.5102 28.9885 5.52471
vn -0.728572 -0.633302 0.260981
vt 0.0205717 0.0996876
v 44.7493 28.6388 5.53953
vn 0.829525 0.407502 -0.381877
vt -0.0166469 0.100934
v 44.744 28.6358 5.52471
vn 0.867688 0.423078 -0.261003
vt -0.0166679 0.100043
v 44.5102 28.9885 5.52471
vn 0.728572 0.633302 -0.260981
vt -0.0401791 0.100043
v 44.5102 28.9885 5.52471
vn -0.728572 -0.633302 0.260981
vt -0.0401791 0.100043
v 44.744 28.6358 5.52471
vn -0.867688 -0.423078 0.261003
vt -0.0166679 0.100043
v 44.7493 28.6388 5.53953
vn -0.829525 -0.407502 0.381877
vt -0.0166469 0.100934
v 44.5102 28.9885 5.52471
vn 0.728572 0.633302 -0.260981
vt 0.0206322 0.101026
v 44.1962 29.2741 5.53953
vn 0.514602 0.767621 -0.382024
vt -0.00294673 0.101917
v 44.5146 28.9929 5.53953
vn 0.695691 0.60838 -0.381953
vt 0.0206533 0.101917
v 44.5146 28.9929 5.53953
vn -0.695691 -0.60838 0.381953
vt 0.0206533 0.101917
v 44.1962 29.2741 5.53953
vn -0.514602 -0.767621 0.382024
vt -0.00294673 0.101917
v 44.5102 28.9885 5.52471
vn -0.728572 -0.633302 0.260981
vt 0.0206322 0.101026
v 44.7493 28.6388 5.53953
vn 0.829525 0.407502 -0.381877
vt -0.0165869 0.0996131
v 44.5102 28.9885 5.52471
vn 0.728572 0.633302 -0.260981
vt -0.0401193 0.0987244
v 44.5146 28.9929 5.53953
vn 0.695691 0.60838 -0.381953
vt -0.040187 0.0996131
v 44.5146 28.9929 5.53953
vn -0.695691 -0.60838 0.381953
vt -0.040187 0.0996131
v 44.5102 28.9885 5.52471
vn -0.728572 -0.633302 0.260981
vt -0.0401193 0.0987244
v 44.7493 28.6388 5.53953
vn -0.829525 -0.407502 0.381877
vt -0.0165869 0.0996131
v 44.1931 29.2688 5.52471
vn 0.53991 0.80025 -0.260955
vt 0.0572691 0.098293
v 43.8158 29.4633 5.53953
vn 0.298392 0.874654 -0.382024
vt 0.0336902 0.0991841
v 44.1962 29.2741 5.53953
vn 0.514602 0.767621 -0.382024
vt 0.0572902 0.0991841
v 44.1962 29.2741 5.53953
vn -0.514602 -0.767621 0.382024
vt 0.0572902 0.0991841
v 43.8158 29.4633 5.53953
vn -0.298392 -0.874654 0.382024
vt 0.0336902 0.0991841
v 44.1931 29.2688 5.52471
vn -0.53991 -0.80025 0.260955
vt 0.0572691 0.098293
v 44.1931 29.2688 5.52471
vn 0.53991 0.80025 -0.260955
vt 0.0572104 0.0970001
v 43.8142 29.4574 5.52471
vn 0.314393 0.912721 -0.260955
vt 0.0336992 0.0970001
v 43.8158 29.4633 5.53953
vn 0.298392 0.874654 -0.382024
vt 0.0336314 0.0978888
v 43.8158 29.4633 5.53953
vn -0.298392 -0.874654 0.382024
vt 0.0336314 0.0978888
v 43.8142 29.4574 5.52471
vn -0.314393 -0.912721 0.260955
vt 0.0336992 0.0970001
v 44.1931 29.2688 5.52471
vn -0.53991 -0.80025 0.260955
vt 0.0572104 0.0970001
v 44.8845 28.2361 5.53953
vn 0.906729 0.17892 -0.381877
vt -0.0519494 0.0962994
v 44.8785 28.2345 5.52471
vn 0.947623 0.184066 -0.261017
vt -0.0519705 0.0954084
v 44.744 28.6358 5.52471
vn 0.867688 0.423078 -0.261003
vt -0.0754817 0.0954084
v 44.744 28.6358 5.52471
vn -0.867688 -0.423078 0.261003
vt -0.0754817 0.0954084
v 44.8785 28.2345 5.52471
vn -0.947623 -0.184066 0.261017
vt -0.0519705 0.0954084
v 44.8845 28.2361 5.53953
vn -0.906729 -0.17892 0.381877
vt -0.0519494 0.0962994
v 44.8845 28.2361 5.53953
vn 0.906729 0.17892 -0.381877
vt -0.0518926 0.0950532
v 44.744 28.6358 5.52471
vn 0.867688 0.423078 -0.261003
vt -0.075425 0.0941645
v 44.7493 28.6388 5.53953
vn 0.829525 0.407502 -0.381877
vt -0.0754927 0.0950532
v 44.7493 28.6388 5.53953
vn -0.829525 -0.407502 0.381877
vt -0.0754927 0.0950532
v 44.744 28.6358 5.52471
vn -0.867688 -0.423078 0.261003
vt -0.075425 0.0941645
v 44.8845 28.2361 5.53953
vn -0.906729 -0.17892 0.381877
vt -0.0518926 0.0950532
v 44.1921 29.2669 5.5088
vn 0.554601 0.82187 -0.130184
vt 0.0572033 0.0416935
v 43.8142 29.4574 5.52471
vn 0.314393 0.912721 -0.260955
vt 0.0336992 0.0425848
v 44.1931 29.2688 5.52471
vn 0.53991 0.80025 -0.260955
vt 0.0572104 0.0425848
v 44.1931 29.2688 5.52471
vn -0.53991 -0.80025 0.260955
vt 0.0572104 0.0425848
v 43.8142 29.4574 5.52471
vn -0.314393 -0.912721 0.260955
vt 0.0336992 0.0425848
v 44.1921 29.2669 5.5088
vn -0.554601 -0.82187 0.130184
vt 0.0572033 0.0416935
v 44.5087 28.987 5.5088
vn 0.748387 0.650355 -0.130212
vt 0.0205645 0.0426244
v 44.1931 29.2688 5.52471
vn 0.53991 0.80025 -0.260955
vt -0.00293955 0.0435156
v 44.5102 28.9885 5.52471
vn 0.728572 0.633302 -0.260981
vt 0.0205717 0.0435156
v 44.5102 28.9885 5.52471
vn -0.728572 -0.633302 0.260981
vt 0.0205717 0.0435156
v 44.1931 29.2688 5.52471
vn -0.53991 -0.80025 0.260955
vt -0.00293955 0.0435156
v 44.5087 28.987 5.5088
vn -0.748387 -0.650355 0.130212
vt 0.0205645 0.0426244
v 44.744 28.6358 5.52471
vn 0.867688 0.423078 -0.261003
vt -0.0166679 0.0426517
v 44.5087 28.987 5.5088
vn 0.748387 0.650355 -0.130212
vt -0.040156 0.0417607
v 44.5102 28.9885 5.52471
vn 0.728572 0.633302 -0.260981
vt -0.0401791 0.0426517
v 44.5102 28.9885 5.52471
vn -0.728572 -0.633302 0.260981
vt -0.0401791 0.0426517
v 44.5087 28.987 5.5088
vn -0.748387 -0.650355 0.130212
vt -0.040156 0.0417607
v 44.744 28.6358 5.52471
vn -0.867688 -0.423078 0.261003
vt -0.0166679 0.0426517
v 44.8785 28.2345 5.52471
vn 0.947623 0.184066 -0.261017
vt -0.0519705 0.0410992
v 44.7422 28.6347 5.5088
vn 0.891226 0.434457 -0.13024
vt -0.0754586 0.0402082
v 44.744 28.6358 5.52471
vn 0.867688 0.423078 -0.261003
vt -0.0754817 0.0410992
v 44.744 28.6358 5.52471
vn -0.867688 -0.423078 0.261003
vt -0.0754817 0.0410992
v 44.7422 28.6347 5.5088
vn -0.891226 -0.434457 0.13024
vt -0.0754586 0.0402082
v 44.8785 28.2345 5.52471
vn -0.947623 -0.184066 0.261017
vt -0.0519705 0.0410992
v 44.9046 27.8121 5.52471
vn 0.962978 -0.0675117 -0.260991
vt -0.0829302 0.0388817
v 44.9025 27.8121 5.5088
vn 0.989061 -0.0693634 -0.130184
vt -0.0829374 0.0379904
v 44.8785 28.2345 5.52471
vn 0.947623 0.184066 -0.261017
vt -0.106441 0.0388817
v 44.8785 28.2345 5.52471
vn -0.947623 -0.184066 0.261017
vt -0.106441 0.0388817
v 44.9025 27.8121 5.5088
vn -0.989061 0.0693634 0.130184
vt -0.0829374 0.0379904
v 44.9046 27.8121 5.52471
vn -0.962978 0.0675117 0.260991
vt -0.0829302 0.0388817
v 44.1962 29.2741 5.53953
vn 0.445875 0.657212 -0.607674
vt -0.00294673 0.151024
v 44.201 29.2825 5.55226
vn 0.39238 0.582623 -0.71175
vt -0.00305445 0.151908
v 44.5146 28.9929 5.53953
vn 0.600618 0.519506 -0.60776
vt 0.0206533 0.151024
v 44.5146 28.9929 5.53953
vn -0.600618 -0.519506 0.60776
vt 0.0206533 0.151024
v 44.201 29.2825 5.55226
vn -0.39238 -0.582623 0.71175
vt -0.00305445 0.151908
v 44.1962 29.2741 5.53953
vn -0.445875 -0.657212 0.607674
vt -0.00294673 0.151024
v 44.7578 28.6437 5.55226
vn 0.631192 0.308407 -0.711676
vt -0.0165533 0.151896
v 44.7493 28.6388 5.53953
vn 0.714631 0.346181 -0.607833
vt -0.0165869 0.151005
v 44.5146 28.9929 5.53953
vn 0.600618 0.519506 -0.60776
vt -0.040187 0.151005
v 44.5146 28.9929 5.53953
vn -0.600618 -0.519506 0.60776
vt -0.040187 0.151005
v 44.7493 28.6388 5.53953
vn -0.714631 -0.346181 0.607833
vt -0.0165869 0.151005
v 44.7578 28.6437 5.55226
vn -0.631192 -0.308407 0.711676
vt -0.0165533 0.151896
v 44.1962 29.2741 5.53953
vn 0.445875 0.657212 -0.607674
vt 0.0572902 0.146723
v 43.8158 29.4633 5.53953
vn 0.260583 0.750219 -0.607674
vt 0.0336902 0.146723
v 43.8184 29.4727 5.55226
vn 0.228287 0.664266 -0.711783
vt 0.0335825 0.147608
v 43.8184 29.4727 5.55226
vn -0.228287 -0.664266 0.711783
vt 0.0335825 0.147608
v 43.8158 29.4633 5.53953
vn -0.260583 -0.750219 0.607674
vt 0.0336902 0.146723
v 44.1962 29.2741 5.53953
vn -0.445875 -0.657212 0.607674
vt 0.0572902 0.146723
v 43.8142 29.4574 5.52471
vn 0.314393 0.912721 -0.260955
vt 0.0908059 0.09203
v 43.3995 29.5476 5.53953
vn 0.0618479 0.92208 -0.382024
vt 0.067227 0.092921
v 43.8158 29.4633 5.53953
vn 0.298392 0.874654 -0.382024
vt 0.0908271 0.092921
v 43.8158 29.4633 5.53953
vn -0.298392 -0.874654 0.382024
vt 0.0908271 0.092921
v 43.3995 29.5476 5.53953
vn -0.0618479 -0.92208 0.382024
vt 0.067227 0.092921
v 43.8142 29.4574 5.52471
vn -0.314393 -0.912721 0.260955
vt 0.0908059 0.09203
v 43.8137 29.4553 5.5088
vn 0.322988 0.937407 -0.130184
vt 0.0907444 0.0395589
v 43.3995 29.5415 5.52471
vn 0.0674509 0.962992 -0.260955
vt 0.0672403 0.0404502
v 43.8142 29.4574 5.52471
vn 0.314393 0.912721 -0.260955
vt 0.0907515 0.0404502
v 43.8142 29.4574 5.52471
vn -0.314393 -0.912721 0.260955
vt 0.0907515 0.0404502
v 43.3995 29.5415 5.52471
vn -0.0674509 -0.962992 0.260955
vt 0.0672403 0.0404502
v 43.8137 29.4553 5.5088
vn -0.322988 -0.937407 0.130184
vt 0.0907444 0.0395589
v 43.9989 26.4676 5.52471
vn 0.423078 -0.867688 -0.261003
vt -0.128385 0.0210814
v 44.3502 26.7029 5.5088
vn 0.650355 -0.748387 -0.130212
vt -0.151873 0.0201904
v 44.3517 26.7014 5.52471
vn 0.633302 -0.728572 -0.260981
vt -0.151896 0.0210814
v 44.3517 26.7014 5.52471
vn -0.633302 0.728572 0.260981
vt -0.151896 0.0210814
v 44.3502 26.7029 5.5088
vn -0.650355 0.748387 0.130212
vt -0.151873 0.0201904
v 43.9989 26.4676 5.52471
vn -0.423078 0.867688 0.261003
vt -0.128385 0.0210814
v 44.9108 27.8121 5.53953
vn 0.922104 -0.0619655 -0.381948
vt -0.0829092 0.0883314
v 44.9046 27.8121 5.52471
vn 0.962978 -0.0675117 -0.260991
vt -0.0829302 0.0874404
v 44.8785 28.2345 5.52471
vn 0.947623 0.184066 -0.261017
vt -0.106441 0.0874404
v 44.8785 28.2345 5.52471
vn -0.947623 -0.184066 0.261017
vt -0.106441 0.0874404
v 44.9046 27.8121 5.52471
vn -0.962978 0.0675117 0.260991
vt -0.0829302 0.0874404
v 44.9108 27.8121 5.53953
vn -0.922104 0.0619655 0.381948
vt -0.0829092 0.0883314
v 44.8205 27.3974 5.52471
vn 0.912721 -0.314393 -0.260955
vt -0.107437 0.0352133
v 44.8185 27.3979 5.5088
vn 0.937407 -0.322988 -0.130184
vt -0.107444 0.034322
v 44.9046 27.8121 5.52471
vn 0.962978 -0.0675117 -0.260991
vt -0.130948 0.0352133
v 44.9046 27.8121 5.52471
vn -0.962978 0.0675117 0.260991
vt -0.130948 0.0352133
v 44.8185 27.3979 5.5088
vn -0.937407 0.322988 0.130184
vt -0.107444 0.034322
v 44.8205 27.3974 5.52471
vn -0.912721 0.314393 0.260955
vt -0.107437 0.0352133
v 44.3517 26.7014 5.52471
vn 0.633302 -0.728572 -0.260981
vt -0.130966 0.0260701
v 44.3502 26.7029 5.5088
vn 0.650355 -0.748387 -0.130212
vt -0.130974 0.0251788
v 44.6319 27.0185 5.52471
vn 0.80025 -0.53991 -0.260955
vt -0.154478 0.0260701
v 44.6319 27.0185 5.52471
vn -0.80025 0.53991 0.260955
vt -0.154478 0.0260701
v 44.3502 26.7029 5.5088
vn -0.650355 0.748387 0.130212
vt -0.130974 0.0251788
v 44.3517 26.7014 5.52471
vn -0.633302 0.728572 0.260981
vt -0.130966 0.0260701
v 44.6319 27.0185 5.52471
vn 0.80025 -0.53991 -0.260955
vt -0.123821 0.0308435
v 44.6301 27.0196 5.5088
vn 0.82187 -0.554601 -0.130184
vt -0.123829 0.0299522
v 44.8205 27.3974 5.52471
vn 0.912721 -0.314393 -0.260955
vt -0.147333 0.0308435
v 44.8205 27.3974 5.52471
vn -0.912721 0.314393 0.260955
vt -0.147333 0.0308435
v 44.6301 27.0196 5.5088
vn -0.82187 0.554601 0.130184
vt -0.123829 0.0299522
v 44.6319 27.0185 5.52471
vn -0.80025 0.53991 0.260955
vt -0.123821 0.0308435
v 44.9108 27.8121 5.53953
vn 0.922104 -0.0619655 -0.381948
vt -0.0828578 0.0872114
v 44.8785 28.2345 5.52471
vn 0.947623 0.184066 -0.261017
vt -0.10639 0.0863227
v 44.8845 28.2361 5.53953
vn 0.906729 0.17892 -0.381877
vt -0.106458 0.0872114
v 44.8845 28.2361 5.53953
vn -0.906729 -0.17892 0.381877
vt -0.106458 0.0872114
v 44.8785 28.2345 5.52471
vn -0.947623 -0.184066 0.261017
vt -0.10639 0.0863227
v 44.9108 27.8121 5.53953
vn -0.922104 0.0619655 0.381948
vt -0.0828578 0.0872114
v 44.8939 28.2386 5.55226
vn 0.689485 0.134458 -0.711711
vt -0.0518591 0.144525
v 44.8845 28.2361 5.53953
vn 0.779976 0.149267 -0.607747
vt -0.0518926 0.143634
v 44.7493 28.6388 5.53953
vn 0.714631 0.346181 -0.607833
vt -0.0754927 0.143634
v 44.7493 28.6388 5.53953
vn -0.714631 -0.346181 0.607833
vt -0.0754927 0.143634
v 44.8845 28.2361 5.53953
vn -0.779976 -0.149267 0.607747
vt -0.0518926 0.143634
v 44.8939 28.2386 5.55226
vn -0.689485 -0.134458 0.711711
vt -0.0518591 0.144525
v 44.8205 27.3974 5.52471
vn 0.912721 -0.314393 -0.260955
vt -0.147345 0.0305332
v 44.6301 27.0196 5.5088
vn 0.82187 -0.554601 -0.130184
vt -0.123841 0.0296422
v 44.8185 27.3979 5.5088
vn 0.937407 -0.322988 -0.130184
vt -0.147322 0.0296422
v 44.8185 27.3979 5.5088
vn -0.937407 0.322988 0.130184
vt -0.147322 0.0296422
v 44.6301 27.0196 5.5088
vn -0.82187 0.554601 0.130184
vt -0.123841 0.0296422
v 44.8205 27.3974 5.52471
vn -0.912721 0.314393 0.260955
vt -0.147345 0.0305332
v 44.6319 27.0185 5.52471
vn 0.80025 -0.53991 -0.260955
vt -0.154486 0.0258448
v 44.3502 26.7029 5.5088
vn 0.650355 -0.748387 -0.130212
vt -0.130982 0.0249538
v 44.6301 27.0196 5.5088
vn 0.82187 -0.554601 -0.130184
vt -0.154463 0.0249538
v 44.6301 27.0196 5.5088
vn -0.82187 0.554601 0.130184
vt -0.154463 0.0249538
v 44.3502 26.7029 5.5088
vn -0.650355 0.748387 0.130212
vt -0.130982 0.0249538
v 44.6319 27.0185 5.52471
vn -0.80025 0.53991 0.260955
vt -0.154486 0.0258448
v 43.9979 26.4694 5.5088
vn 0.434457 -0.891226 -0.13024
vt -0.128398 0.0203257
v 44.3502 26.7029 5.5088
vn 0.650355 -0.748387 -0.130212
vt -0.151879 0.0203257
v 43.9989 26.4676 5.52471
vn 0.423078 -0.867688 -0.261003
vt -0.12839 0.021217
v 43.9989 26.4676 5.52471
vn -0.423078 0.867688 0.261003
vt -0.12839 0.021217
v 44.3502 26.7029 5.5088
vn -0.650355 0.748387 0.130212
vt -0.151879 0.0203257
v 43.9979 26.4694 5.5088
vn -0.434457 0.891226 0.13024
vt -0.128398 0.0203257
v 44.1921 29.2669 5.5088
vn 0.554601 0.82187 -0.130184
vt 0.0571832 0.0411766
v 43.8137 29.4553 5.5088
vn 0.322988 0.937407 -0.130184
vt 0.0337022 0.0411766
v 43.8142 29.4574 5.52471
vn 0.314393 0.912721 -0.260955
vt 0.0336791 0.0420676
v 43.8142 29.4574 5.52471
vn -0.314393 -0.912721 0.260955
vt 0.0336791 0.0420676
v 43.8137 29.4553 5.5088
vn -0.322988 -0.937407 0.130184
vt 0.0337022 0.0411766
v 44.1921 29.2669 5.5088
vn -0.554601 -0.82187 0.130184
vt 0.0571832 0.0411766
v 44.5087 28.987 5.5088
vn 0.748387 0.650355 -0.130212
vt 0.0205438 0.0420904
v 44.1921 29.2669 5.5088
vn 0.554601 0.82187 -0.130184
vt -0.00293717 0.0420904
v 44.1931 29.2688 5.52471
vn 0.53991 0.80025 -0.260955
vt -0.00296031 0.0429814
v 44.1931 29.2688 5.52471
vn -0.53991 -0.80025 0.260955
vt -0.00296031 0.0429814
v 44.1921 29.2669 5.5088
vn -0.554601 -0.82187 0.130184
vt -0.00293717 0.0420904
v 44.5087 28.987 5.5088
vn -0.748387 -0.650355 0.130212
vt 0.0205438 0.0420904
v 44.744 28.6358 5.52471
vn 0.867688 0.423078 -0.261003
vt -0.0166884 0.0431793
v 44.7422 28.6347 5.5088
vn 0.891226 0.434457 -0.13024
vt -0.0166956 0.042288
v 44.5087 28.987 5.5088
vn 0.748387 0.650355 -0.130212
vt -0.0401765 0.042288
v 44.5087 28.987 5.5088
vn -0.748387 -0.650355 0.130212
vt -0.0401765 0.042288
v 44.7422 28.6347 5.5088
vn -0.891226 -0.434457 0.13024
vt -0.0166956 0.042288
v 44.744 28.6358 5.52471
vn -0.867688 -0.423078 0.261003
vt -0.0166884 0.0431793
v 44.8785 28.2345 5.52471
vn 0.947623 0.184066 -0.261017
vt -0.0519899 0.0415983
v 44.8765 28.234 5.5088
vn 0.973316 0.188944 -0.130211
vt -0.0519971 0.0407071
v 44.7422 28.6347 5.5088
vn 0.891226 0.434457 -0.13024
vt -0.075478 0.0407071
v 44.7422 28.6347 5.5088
vn -0.891226 -0.434457 0.13024
vt -0.075478 0.0407071
v 44.8765 28.234 5.5088
vn -0.973316 -0.188944 0.130211
vt -0.0519971 0.0407071
v 44.8785 28.2345 5.52471
vn -0.947623 -0.184066 0.261017
vt -0.0519899 0.0415983
v 44.9025 27.8121 5.5088
vn 0.989061 -0.0693634 -0.130184
vt -0.0829549 0.0375378
v 44.8765 28.234 5.5088
vn 0.973316 0.188944 -0.130211
vt -0.106436 0.0375378
v 44.8785 28.2345 5.52471
vn 0.947623 0.184066 -0.261017
vt -0.106459 0.0384288
v 44.8785 28.2345 5.52471
vn -0.947623 -0.184066 0.261017
vt -0.106459 0.0384288
v 44.8765 28.234 5.5088
vn -0.973316 -0.188944 0.130211
vt -0.106436 0.0375378
v 44.9025 27.8121 5.5088
vn -0.989061 0.0693634 0.130184
vt -0.0829549 0.0375378
v 44.9046 27.8121 5.52471
vn 0.962978 -0.0675117 -0.260991
vt -0.130964 0.0348254
v 44.8185 27.3979 5.5088
vn 0.937407 -0.322988 -0.130184
vt -0.107459 0.0339344
v 44.9025 27.8121 5.5088
vn 0.989061 -0.0693634 -0.130184
vt -0.13094 0.0339344
v 44.9025 27.8121 5.5088
vn -0.989061 0.0693634 0.130184
vt -0.13094 0.0339344
v 44.8185 27.3979 5.5088
vn -0.937407 0.322988 0.130184
vt -0.107459 0.0339344
v 44.9046 27.8121 5.52471
vn -0.962978 0.0675117 0.260991
vt -0.130964 0.0348254
v 44.1962 29.2741 5.53953
vn 0.445875 0.657212 -0.607674
vt 0.0573828 0.148202
v 43.8184 29.4727 5.55226
vn 0.228287 0.664266 -0.711783
vt 0.0336752 0.149093
v 44.201 29.2825 5.55226
vn 0.39238 0.582623 -0.71175
vt 0.0574166 0.149093
v 44.201 29.2825 5.55226
vn -0.39238 -0.582623 0.71175
vt 0.0574166 0.149093
v 43.8184 29.4727 5.55226
vn -0.228287 -0.664266 0.711783
vt 0.0336752 0.149093
v 44.1962 29.2741 5.53953
vn -0.445875 -0.657212 0.607674
vt 0.0573828 0.148202
v 44.5146 28.9929 5.53953
vn 0.600618 0.519506 -0.60776
vt 0.0207488 0.152561
v 44.201 29.2825 5.55226
vn 0.39238 0.582623 -0.71175
vt -0.00295873 0.153452
v 44.5215 28.9998 5.55226
vn 0.529785 0.461292 -0.711715
vt 0.0207826 0.153452
v 44.5215 28.9998 5.55226
vn -0.529785 -0.461292 0.711715
vt 0.0207826 0.153452
v 44.201 29.2825 5.55226
vn -0.39238 -0.582623 0.71175
vt -0.00295873 0.153452
v 44.5146 28.9929 5.53953
vn -0.600618 -0.519506 0.60776
vt 0.0207488 0.152561
v 44.7578 28.6437 5.55226
vn 0.631192 0.308407 -0.711676
vt -0.0164587 0.15038
v 44.5146 28.9929 5.53953
vn 0.600618 0.519506 -0.60776
vt -0.0400925 0.149495
v 44.5215 28.9998 5.55226
vn 0.529785 0.461292 -0.711715
vt -0.0402 0.15038
v 44.5215 28.9998 5.55226
vn -0.529785 -0.461292 0.711715
vt -0.0402 0.15038
v 44.5146 28.9929 5.53953
vn -0.600618 -0.519506 0.60776
vt -0.0400925 0.149495
v 44.7578 28.6437 5.55226
vn -0.631192 -0.308407 0.711676
vt -0.0164587 0.15038
v 44.8939 28.2386 5.55226
vn 0.689485 0.134458 -0.711711
vt -0.0517694 0.143102
v 44.7493 28.6388 5.53953
vn 0.714631 0.346181 -0.607833
vt -0.0754032 0.142217
v 44.7578 28.6437 5.55226
vn 0.631192 0.308407 -0.711676
vt -0.0755107 0.143102
v 44.7578 28.6437 5.55226
vn -0.631192 -0.308407 0.711676
vt -0.0755107 0.143102
v 44.7493 28.6388 5.53953
vn -0.714631 -0.346181 0.607833
vt -0.0754032 0.142217
v 44.8939 28.2386 5.55226
vn -0.689485 -0.134458 0.711711
vt -0.0517694 0.143102
v 43.8158 29.4633 5.53953
vn 0.260583 0.750219 -0.607674
vt 0.0909129 0.138227
v 43.3995 29.5574 5.55226
vn 0.0484868 0.700683 -0.711823
vt 0.0672053 0.139117
v 43.8184 29.4727 5.55226
vn 0.228287 0.664266 -0.711783
vt 0.0909467 0.139117
v 43.8184 29.4727 5.55226
vn -0.228287 -0.664266 0.711783
vt 0.0909467 0.139117
v 43.3995 29.5574 5.55226
vn -0.0484868 -0.700683 0.711823
vt 0.0672053 0.139117
v 43.8158 29.4633 5.53953
vn -0.260583 -0.750219 0.607674
vt 0.0909129 0.138227
v 43.8158 29.4633 5.53953
vn 0.260583 0.750219 -0.607674
vt 0.0908271 0.13687
v 43.3995 29.5476 5.53953
vn 0.0575331 0.7921 -0.607674
vt 0.067227 0.13687
v 43.3995 29.5574 5.55226
vn 0.0484868 0.700683 -0.711823
vt 0.0671193 0.137755
v 43.3995 29.5574 5.55226
vn -0.0484868 -0.700683 0.711823
vt 0.0671193 0.137755
v 43.3995 29.5476 5.53953
vn -0.0575331 -0.7921 0.607674
vt 0.067227 0.13687
v 43.8158 29.4633 5.53953
vn -0.260583 -0.750219 0.607674
vt 0.0908271 0.13687
v 43.8142 29.4574 5.52471
vn 0.314393 0.912721 -0.260955
vt 0.0907515 0.0908374
v 43.3995 29.5415 5.52471
vn 0.0674509 0.962992 -0.260955
vt 0.0672403 0.0908374
v 43.3995 29.5476 5.53953
vn 0.0618479 0.92208 -0.382024
vt 0.0671725 0.0917261
v 43.3995 29.5476 5.53953
vn -0.0618479 -0.92208 0.382024
vt 0.0671725 0.0917261
v 43.3995 29.5415 5.52471
vn -0.0674509 -0.962992 0.260955
vt 0.0672403 0.0908374
v 43.8142 29.4574 5.52471
vn -0.314393 -0.912721 0.260955
vt 0.0907515 0.0908374
v 43.8137 29.4553 5.5088
vn 0.322988 0.937407 -0.130184
vt 0.0907257 0.0390804
v 43.3995 29.5394 5.5088
vn 0.0693634 0.989061 -0.130184
vt 0.0672448 0.0390804
v 43.3995 29.5415 5.52471
vn 0.0674509 0.962992 -0.260955
vt 0.0672217 0.0399714
v 43.3995 29.5415 5.52471
vn -0.0674509 -0.962992 0.260955
vt 0.0672217 0.0399714
v 43.3995 29.5394 5.5088
vn -0.0693634 -0.989061 0.130184
vt 0.0672448 0.0390804
v 43.8137 29.4553 5.5088
vn -0.322988 -0.937407 0.130184
vt 0.0907257 0.0390804
v 43.5977 26.3331 5.52471
vn 0.184088 -0.947623 -0.261003
vt -0.116253 0.0165639
v 43.9979 26.4694 5.5088
vn 0.434457 -0.891226 -0.13024
vt -0.139741 0.0156729
v 43.9989 26.4676 5.52471
vn 0.423078 -0.867688 -0.261003
vt -0.139765 0.0165639
v 43.9989 26.4676 5.52471
vn -0.423078 0.867688 0.261003
vt -0.139765 0.0165639
v 43.9979 26.4694 5.5088
vn -0.434457 0.891226 0.13024
vt -0.139741 0.0156729
v 43.5977 26.3331 5.52471
vn -0.184088 0.947623 0.261003
vt -0.116253 0.0165639
v 43.9989 26.4676 5.52471
vn 0.423078 -0.867688 -0.261003
vt -0.128385 0.0356415
v 44.3517 26.7014 5.52471
vn 0.633302 -0.728572 -0.260981
vt -0.151896 0.0356415
v 44.002 26.4623 5.53953
vn 0.407502 -0.829525 -0.381877
vt -0.128364 0.0365326
v 44.002 26.4623 5.53953
vn -0.407502 0.829525 0.381877
vt -0.128364 0.0365326
v 44.3517 26.7014 5.52471
vn -0.633302 0.728572 0.260981
vt -0.151896 0.0356415
v 43.9989 26.4676 5.52471
vn -0.423078 0.867688 0.261003
vt -0.128385 0.0356415
v 44.8205 27.3974 5.52471
vn 0.912721 -0.314393 -0.260955
vt -0.107437 0.0757178
v 44.9046 27.8121 5.52471
vn 0.962978 -0.0675117 -0.260991
vt -0.130948 0.0757178
v 44.9108 27.8121 5.53953
vn 0.922104 -0.0619655 -0.381948
vt -0.131016 0.0766066
v 44.9108 27.8121 5.53953
vn -0.922104 0.0619655 0.381948
vt -0.131016 0.0766066
v 44.9046 27.8121 5.52471
vn -0.962978 0.0675117 0.260991
vt -0.130948 0.0757178
v 44.8205 27.3974 5.52471
vn -0.912721 0.314393 0.260955
vt -0.107437 0.0757178
v 44.6372 27.0154 5.53953
vn 0.767621 -0.514602 -0.382024
vt -0.154545 0.0502093
v 44.3517 26.7014 5.52471
vn 0.633302 -0.728572 -0.260981
vt -0.130966 0.0493206
v 44.6319 27.0185 5.52471
vn 0.80025 -0.53991 -0.260955
vt -0.154478 0.0493206
v 44.6319 27.0185 5.52471
vn -0.80025 0.53991 0.260955
vt -0.154478 0.0493206
v 44.3517 26.7014 5.52471
vn -0.633302 0.728572 0.260981
vt -0.130966 0.0493206
v 44.6372 27.0154 5.53953
vn -0.767621 0.514602 0.382024
vt -0.154545 0.0502093
v 44.8264 27.3958 5.53953
vn 0.874654 -0.298392 -0.382024
vt -0.147401 0.0639905
v 44.6319 27.0185 5.52471
vn 0.80025 -0.53991 -0.260955
vt -0.123821 0.0631018
v 44.8205 27.3974 5.52471
vn 0.912721 -0.314393 -0.260955
vt -0.147333 0.0631018
v 44.8205 27.3974 5.52471
vn -0.912721 0.314393 0.260955
vt -0.147333 0.0631018
v 44.6319 27.0185 5.52471
vn -0.80025 0.53991 0.260955
vt -0.123821 0.0631018
v 44.8264 27.3958 5.53953
vn -0.874654 0.298392 0.382024
vt -0.147401 0.0639905
v 44.9108 27.8121 5.53953
vn 0.7921 -0.0575331 -0.607674
vt -0.0828578 0.129661
v 44.8845 28.2361 5.53953
vn 0.779976 0.149267 -0.607747
vt -0.106458 0.129661
v 44.8939 28.2386 5.55226
vn 0.689485 0.134458 -0.711711
vt -0.106566 0.130546
v 44.8939 28.2386 5.55226
vn -0.689485 -0.134458 0.711711
vt -0.106566 0.130546
v 44.8845 28.2361 5.53953
vn -0.779976 -0.149267 0.607747
vt -0.106458 0.129661
v 44.9108 27.8121 5.53953
vn -0.7921 0.0575331 0.607674
vt -0.0828578 0.129661
v 44.6301 27.0196 5.5088
vn -0.819518 0.552157 -0.153339
vt 0.123841 -0.00809675
v 44.5616 27.0657 6.04142
vn -0.819518 0.552157 -0.153339
vt 0.12444 0.0218413
v 44.8185 27.3979 5.5088
vn -0.934503 0.321235 -0.153339
vt 0.147322 -0.00809675
v 44.7403 27.4248 6.04142
vn -0.934503 0.321235 -0.153339
vt 0.146722 0.0218413
v 44.8185 27.3979 5.5088
vn -0.934503 0.321235 -0.153339
vt 0.147322 -0.00809675
v 44.5616 27.0657 6.04142
vn -0.819518 0.552157 -0.153339
vt 0.12444 0.0218413
v 44.5616 27.0657 6.04142
vn 0.819518 -0.552157 0.153339
vt 0.12444 0.0218413
v 44.8185 27.3979 5.5088
vn 0.934503 -0.321235 0.153339
vt 0.147322 -0.00809675
v 44.7403 27.4248 6.04142
vn 0.934503 -0.321235 0.153339
vt 0.146722 0.0218413
v 44.8185 27.3979 5.5088
vn 0.934503 -0.321235 0.153339
vt 0.147322 -0.00809675
v 44.5616 27.0657 6.04142
vn 0.819518 -0.552157 0.153339
vt 0.12444 0.0218413
v 44.6301 27.0196 5.5088
vn 0.819518 -0.552157 0.153339
vt 0.123841 -0.00809675
v 44.3502 26.7029 5.5088
vn -0.648685 0.745449 -0.153339
vt 0.130982 -0.00252546
v 44.296 26.7652 6.04142
vn -0.648685 0.745449 -0.153339
vt 0.131582 0.0274126
v 44.6301 27.0196 5.5088
vn -0.819518 0.552157 -0.153339
vt 0.154463 -0.00252546
v 44.5616 27.0657 6.04142
vn -0.819518 0.552157 -0.153339
vt 0.153864 0.0274126
v 44.6301 27.0196 5.5088
vn -0.819518 0.552157 -0.153339
vt 0.154463 -0.00252546
v 44.296 26.7652 6.04142
vn -0.648685 0.745449 -0.153339
vt 0.131582 0.0274126
v 44.296 26.7652 6.04142
vn 0.648685 -0.745449 0.153339
vt 0.131582 0.0274126
v 44.6301 27.0196 5.5088
vn 0.819518 -0.552157 0.153339
vt 0.154463 -0.00252546
v 44.5616 27.0657 6.04142
vn 0.819518 -0.552157 0.153339
vt 0.153864 0.0274126
v 44.6301 27.0196 5.5088
vn 0.819518 -0.552157 0.153339
vt 0.154463 -0.00252546
v 44.296 26.7652 6.04142
vn 0.648685 -0.745449 0.153339
vt 0.131582 0.0274126
v 44.3502 26.7029 5.5088
vn 0.648685 -0.745449 0.153339
vt 0.130982 -0.00252546
v 43.9979 26.4694 5.5088
vn -0.433646 0.887941 -0.153339
vt 0.128398 0.00313705
v 43.9616 26.5437 6.04142
vn -0.433646 0.887941 -0.153339
vt 0.128997 0.0330751
v 44.3502 26.7029 5.5088
vn -0.648685 0.745449 -0.153339
vt 0.151879 0.00313705
v 44.296 26.7652 6.04142
vn -0.648685 0.745449 -0.153339
vt 0.151279 0.0330751
v 44.3502 26.7029 5.5088
vn -0.648685 0.745449 -0.153339
vt 0.151879 0.00313705
v 43.9616 26.5437 6.04142
vn -0.433646 0.887941 -0.153339
vt 0.128997 0.0330751
v 43.9616 26.5437 6.04142
vn 0.433646 -0.887941 0.153339
vt 0.128997 0.0330751
v 44.3502 26.7029 5.5088
vn 0.648685 -0.745449 0.153339
vt 0.151879 0.00313705
v 44.296 26.7652 6.04142
vn 0.648685 -0.745449 0.153339
vt 0.151279 0.0330751
v 44.3502 26.7029 5.5088
vn 0.648685 -0.745449 0.153339
vt 0.151879 0.00313705
v 43.9616 26.5437 6.04142
vn 0.433646 -0.887941 0.153339
vt 0.128997 0.0330751
v 43.9979 26.4694 5.5088
vn 0.433646 -0.887941 0.153339
vt 0.128398 0.00313705
v 43.5971 26.3351 5.5088
vn -0.189053 0.969921 -0.153339
vt 0.116263 0.00850489
v 43.5813 26.4162 6.04142
vn -0.189053 0.969921 -0.153339
vt 0.116862 0.038443
v 43.9979 26.4694 5.5088
vn -0.433646 0.887941 -0.153339
vt 0.139744 0.00850489
v 43.9616 26.5437 6.04142
vn -0.433646 0.887941 -0.153339
vt 0.139144 0.038443
v 43.9979 26.4694 5.5088
vn -0.433646 0.887941 -0.153339
vt 0.139744 0.00850489
v 43.5813 26.4162 6.04142
vn -0.189053 0.969921 -0.153339
vt 0.116862 0.038443
v 43.5813 26.4162 6.04142
vn 0.189053 -0.969921 0.153339
vt 0.116862 0.038443
v 43.9979 26.4694 5.5088
vn 0.433646 -0.887941 0.153339
vt 0.139744 0.00850489
v 43.9616 26.5437 6.04142
vn 0.433646 -0.887941 0.153339
vt 0.139144 0.038443
v 43.9979 26.4694 5.5088
vn 0.433646 -0.887941 0.153339
vt 0.139744 0.00850489
v 43.5813 26.4162 6.04142
vn 0.189053 -0.969921 0.153339
vt 0.116862 0.038443
v 43.5971 26.3351 5.5088
vn 0.189053 -0.969921 0.153339
vt 0.116263 0.00850489
v 42.9776 29.5134 5.5088
vn 0.189053 -0.969921 -0.153339
vt -0.0954047 -0.015586
v 43.3995 29.5394 5.5088
vn -0.0684224 -0.985802 -0.153339
vt -0.118886 -0.015586
v 42.9934 29.4322 6.04142
vn 0.189053 -0.969921 -0.153339
vt -0.096004 0.0143521
v 43.3938 29.4569 6.04142
vn -0.0684224 -0.985802 -0.153339
vt -0.118286 0.0143521
v 42.9934 29.4322 6.04142
vn 0.189053 -0.969921 -0.153339
vt -0.096004 0.0143521
v 43.3995 29.5394 5.5088
vn -0.0684224 -0.985802 -0.153339
vt -0.118886 -0.015586
v 43.3995 29.5394 5.5088
vn 0.0684224 0.985802 0.153339
vt -0.118886 -0.015586
v 42.9934 29.4322 6.04142
vn -0.189053 0.969921 0.153339
vt -0.096004 0.0143521
v 43.3938 29.4569 6.04142
vn 0.0684224 0.985802 0.153339
vt -0.118286 0.0143521
v 42.9934 29.4322 6.04142
vn -0.189053 0.969921 0.153339
vt -0.096004 0.0143521
v 43.3995 29.5394 5.5088
vn 0.0684224 0.985802 0.153339
vt -0.118886 -0.015586
v 42.9776 29.5134 5.5088
vn -0.189053 0.969921 0.153339
vt -0.0954047 -0.015586
v 43.3995 29.5394 5.5088
vn -0.0684224 -0.985802 -0.153339
vt -0.0672448 -0.0193121
v 43.8137 29.4553 5.5088
vn -0.321235 -0.934503 -0.153339
vt -0.0907257 -0.0193121
v 43.3938 29.4569 6.04142
vn -0.0684224 -0.985802 -0.153339
vt -0.0678441 0.010626
v 43.7868 29.3772 6.04142
vn -0.321235 -0.934503 -0.153339
vt -0.0901264 0.010626
v 43.3938 29.4569 6.04142
vn -0.0684224 -0.985802 -0.153339
vt -0.0678441 0.010626
v 43.8137 29.4553 5.5088
vn -0.321235 -0.934503 -0.153339
vt -0.0907257 -0.0193121
v 43.8137 29.4553 5.5088
vn 0.321235 0.934503 0.153339
vt -0.0907257 -0.0193121
v 43.3938 29.4569 6.04142
vn 0.0684224 0.985802 0.153339
vt -0.0678441 0.010626
v 43.7868 29.3772 6.04142
vn 0.321235 0.934503 0.153339
vt -0.0901264 0.010626
v 43.3938 29.4569 6.04142
vn 0.0684224 0.985802 0.153339
vt -0.0678441 0.010626
v 43.8137 29.4553 5.5088
vn 0.321235 0.934503 0.153339
vt -0.0907257 -0.0193121
v 43.3995 29.5394 5.5088
vn 0.0684224 0.985802 0.153339
vt -0.0672448 -0.0193121
v 43.8137 29.4553 5.5088
vn -0.321235 -0.934503 -0.153339
vt -0.0337022 -0.0218029
v 44.1921 29.2669 5.5088
vn -0.552157 -0.819518 -0.153339
vt -0.0571832 -0.0218029
v 43.7868 29.3772 6.04142
vn -0.321235 -0.934503 -0.153339
vt -0.0343016 0.00813512
v 44.1459 29.1984 6.04142
vn -0.552157 -0.819518 -0.153339
vt -0.0565838 0.00813512
v 43.7868 29.3772 6.04142
vn -0.321235 -0.934503 -0.153339
vt -0.0343016 0.00813512
v 44.1921 29.2669 5.5088
vn -0.552157 -0.819518 -0.153339
vt -0.0571832 -0.0218029
v 44.1921 29.2669 5.5088
vn 0.552157 0.819518 0.153339
vt -0.0571832 -0.0218029
v 43.7868 29.3772 6.04142
vn 0.321235 0.934503 0.153339
vt -0.0343016 0.00813512
v 44.1459 29.1984 6.04142
vn 0.552157 0.819518 0.153339
vt -0.0565838 0.00813512
v 43.7868 29.3772 6.04142
vn 0.321235 0.934503 0.153339
vt -0.0343016 0.00813512
v 44.1921 29.2669 5.5088
vn 0.552157 0.819518 0.153339
vt -0.0571832 -0.0218029
v 43.8137 29.4553 5.5088
vn 0.321235 0.934503 0.153339
vt -0.0337022 -0.0218029
v 44.1921 29.2669 5.5088
vn -0.552157 -0.819518 -0.153339
vt 0.00293717 -0.0228889
v 44.5087 28.987 5.5088
vn -0.745449 -0.648685 -0.153339
vt -0.0205438 -0.0228889
v 44.1459 29.1984 6.04142
vn -0.552157 -0.819518 -0.153339
vt 0.00233785 0.00704919
v 44.4464 28.9328 6.04142
vn -0.745449 -0.648685 -0.153339
vt -0.0199444 0.00704919
v 44.1459 29.1984 6.04142
vn -0.552157 -0.819518 -0.153339
vt 0.00233785 0.00704919
v 44.5087 28.987 5.5088
vn -0.745449 -0.648685 -0.153339
vt -0.0205438 -0.0228889
v 44.5087 28.987 5.5088
vn 0.745449 0.648685 0.153339
vt -0.0205438 -0.0228889
v 44.1459 29.1984 6.04142
vn 0.552157 0.819518 0.153339
vt 0.00233785 0.00704919
v 44.4464 28.9328 6.04142
vn 0.745449 0.648685 0.153339
vt -0.0199444 0.00704919
v 44.1459 29.1984 6.04142
vn 0.552157 0.819518 0.153339
vt 0.00233785 0.00704919
v 44.5087 28.987 5.5088
vn 0.745449 0.648685 0.153339
vt -0.0205438 -0.0228889
v 44.1921 29.2669 5.5088
vn 0.552157 0.819518 0.153339
vt 0.00293717 -0.0228889
v 44.6679 28.5984 6.04142
vn -0.887941 -0.433646 -0.153339
vt 0.0172949 0.00744221
v 44.4464 28.9328 6.04142
vn -0.745449 -0.648685 -0.153339
vt 0.0395772 0.00744221
v 44.7422 28.6347 5.5088
vn -0.887941 -0.433646 -0.153339
vt 0.0166956 -0.0224959
v 44.5087 28.987 5.5088
vn -0.745449 -0.648685 -0.153339
vt 0.0401765 -0.0224959
v 44.7422 28.6347 5.5088
vn -0.887941 -0.433646 -0.153339
vt 0.0166956 -0.0224959
v 44.4464 28.9328 6.04142
vn -0.745449 -0.648685 -0.153339
vt 0.0395772 0.00744221
v 44.4464 28.9328 6.04142
vn 0.745449 0.648685 0.153339
vt 0.0395772 0.00744221
v 44.7422 28.6347 5.5088
vn 0.887941 0.433646 0.153339
vt 0.0166956 -0.0224959
v 44.5087 28.987 5.5088
vn 0.745449 0.648685 0.153339
vt 0.0401765 -0.0224959
v 44.7422 28.6347 5.5088
vn 0.887941 0.433646 0.153339
vt 0.0166956 -0.0224959
v 44.4464 28.9328 6.04142
vn 0.745449 0.648685 0.153339
vt 0.0395772 0.00744221
v 44.6679 28.5984 6.04142
vn 0.887941 0.433646 0.153339
vt 0.0172949 0.00744221
v 44.7954 28.2182 6.04142
vn -0.969921 -0.189053 -0.153339
vt 0.0525964 0.00928741
v 44.6679 28.5984 6.04142
vn -0.887941 -0.433646 -0.153339
vt 0.0748787 0.00928741
v 44.8765 28.234 5.5088
vn -0.969921 -0.189053 -0.153339
vt 0.0519971 -0.0206507
v 44.7422 28.6347 5.5088
vn -0.887941 -0.433646 -0.153339
vt 0.075478 -0.0206507
v 44.8765 28.234 5.5088
vn -0.969921 -0.189053 -0.153339
vt 0.0519971 -0.0206507
v 44.6679 28.5984 6.04142
vn -0.887941 -0.433646 -0.153339
vt 0.0748787 0.00928741
v 44.6679 28.5984 6.04142
vn 0.887941 0.433646 0.153339
vt 0.0748787 0.00928741
v 44.8765 28.234 5.5088
vn 0.969921 0.189053 0.153339
vt 0.0519971 -0.0206507
v 44.7422 28.6347 5.5088
vn 0.887941 0.433646 0.153339
vt 0.075478 -0.0206507
v 44.8765 28.234 5.5088
vn 0.969921 0.189053 0.153339
vt 0.0519971 -0.0206507
v 44.6679 28.5984 6.04142
vn 0.887941 0.433646 0.153339
vt 0.0748787 0.00928741
v 44.7954 28.2182 6.04142
vn 0.969921 0.189053 0.153339
vt 0.0525964 0.00928741
v 44.9025 27.8121 5.5088
vn -0.985802 0.0684224 -0.153339
vt 0.0829549 -0.017479
v 44.8201 27.8178 6.04142
vn -0.985802 0.0684224 -0.153339
vt 0.0835542 0.012459
v 44.8765 28.234 5.5088
vn -0.969921 -0.189053 -0.153339
vt 0.106436 -0.017479
v 44.7954 28.2182 6.04142
vn -0.969921 -0.189053 -0.153339
vt 0.105837 0.012459
v 44.8765 28.234 5.5088
vn -0.969921 -0.189053 -0.153339
vt 0.106436 -0.017479
v 44.8201 27.8178 6.04142
vn -0.985802 0.0684224 -0.153339
vt 0.0835542 0.012459
v 44.8201 27.8178 6.04142
vn 0.985802 -0.0684224 0.153339
vt 0.0835542 0.012459
v 44.8765 28.234 5.5088
vn 0.969921 0.189053 0.153339
vt 0.106436 -0.017479
v 44.7954 28.2182 6.04142
vn 0.969921 0.189053 0.153339
vt 0.105837 0.012459
v 44.8765 28.234 5.5088
vn 0.969921 0.189053 0.153339
vt 0.106436 -0.017479
v 44.8201 27.8178 6.04142
vn 0.985802 -0.0684224 0.153339
vt 0.0835542 0.012459
v 44.9025 27.8121 5.5088
vn 0.985802 -0.0684224 0.153339
vt 0.0829549 -0.017479
v 44.8185 27.3979 5.5088
vn -0.934503 0.321235 -0.153339
vt 0.107459 -0.0131971
v 44.7403 27.4248 6.04142
vn -0.934503 0.321235 -0.153339
vt 0.108059 0.0167409
v 44.9025 27.8121 5.5088
vn -0.985802 0.0684224 -0.153339
vt 0.13094 -0.0131971
v 44.8201 27.8178 6.04142
vn -0.985802 0.0684224 -0.153339
vt 0.130341 0.0167409
v 44.9025 27.8121 5.5088
vn -0.985802 0.0684224 -0.153339
vt 0.13094 -0.0131971
v 44.7403 27.4248 6.04142
vn -0.934503 0.321235 -0.153339
vt 0.108059 0.0167409
v 44.7403 27.4248 6.04142
vn 0.934503 -0.321235 0.153339
vt 0.108059 0.0167409
v 44.9025 27.8121 5.5088
vn 0.985802 -0.0684224 0.153339
vt 0.13094 -0.0131971
v 44.8201 27.8178 6.04142
vn 0.985802 -0.0684224 0.153339
vt 0.130341 0.0167409
v 44.9025 27.8121 5.5088
vn 0.985802 -0.0684224 0.153339
vt 0.13094 -0.0131971
v 44.7403 27.4248 6.04142
vn 0.934503 -0.321235 0.153339
vt 0.108059 0.0167409
v 44.8185 27.3979 5.5088
vn 0.934503 -0.321235 0.153339
vt 0.107459 -0.0131971
v 43.1753 26.3091 5.5088
vn 0.0684224 0.985802 -0.153339
vt 0.0954047 0.0132123
v 43.181 26.3915 6.04142
vn 0.0684224 0.985802 -0.153339
vt 0.096004 0.0431503
v 43.5971 26.3351 5.5088
vn -0.189053 0.969921 -0.153339
vt 0.118886 0.0132123
v 43.5813 26.4162 6.04142
vn -0.189053 0.969921 -0.153339
vt 0.118286 0.0431503
v 43.5971 26.3351 5.5088
vn -0.189053 0.969921 -0.153339
vt 0.118886 0.0132123
v 43.181 26.3915 6.04142
vn 0.0684224 0.985802 -0.153339
vt 0.096004 0.0431503
v 43.181 26.3915 6.04142
vn -0.0684224 -0.985802 0.153339
vt 0.096004 0.0431503
v 43.5971 26.3351 5.5088
vn 0.189053 -0.969921 0.153339
vt 0.118886 0.0132123
v 43.5813 26.4162 6.04142
vn 0.189053 -0.969921 0.153339
vt 0.118286 0.0431503
v 43.5971 26.3351 5.5088
vn 0.189053 -0.969921 0.153339
vt 0.118886 0.0132123
v 43.181 26.3915 6.04142
vn -0.0684224 -0.985802 0.153339
vt 0.096004 0.0431503
v 43.1753 26.3091 5.5088
vn -0.0684224 -0.985802 0.153339
vt 0.0954047 0.0132123
v 43.8184 29.4727 5.55226
vn 0.228287 0.664266 -0.711783
vt 0.0336752 0.186935
v 43.8217 29.485 5.56203
vn 0.159721 0.466005 -0.870246
vt 0.0335351 0.187815
v 44.201 29.2825 5.55226
vn 0.39238 0.582623 -0.71175
vt 0.0574166 0.186935
v 44.201 29.2825 5.55226
vn -0.39238 -0.582623 0.71175
vt 0.0574166 0.186935
v 43.8217 29.485 5.56203
vn -0.159721 -0.466005 0.870246
vt 0.0335351 0.187815
v 43.8184 29.4727 5.55226
vn -0.228287 -0.664266 0.711783
vt 0.0336752 0.186935
v 44.201 29.2825 5.55226
vn 0.39238 0.582623 -0.71175
vt -0.00295873 0.192581
v 44.2074 29.2936 5.56203
vn 0.274767 0.408847 -0.870257
vt -0.00309882 0.193461
v 44.5215 28.9998 5.55226
vn 0.529785 0.461292 -0.711715
vt 0.0207826 0.192581
v 44.5215 28.9998 5.55226
vn -0.529785 -0.461292 0.711715
vt 0.0207826 0.192581
v 44.2074 29.2936 5.56203
vn -0.274767 -0.408847 0.870257
vt -0.00309882 0.193461
v 44.201 29.2825 5.55226
vn -0.39238 -0.582623 0.71175
vt -0.00295873 0.192581
v 44.5215 28.9998 5.55226
vn 0.529785 0.461292 -0.711715
vt -0.0402 0.190568
v 44.5305 29.0088 5.56203
vn 0.371222 0.323801 -0.870257
vt -0.0403401 0.191448
v 44.7578 28.6437 5.55226
vn 0.631192 0.308407 -0.711676
vt -0.0164587 0.190568
v 44.7578 28.6437 5.55226
vn -0.631192 -0.308407 0.711676
vt -0.0164587 0.190568
v 44.5305 29.0088 5.56203
vn -0.371222 -0.323801 0.870257
vt -0.0403401 0.191448
v 44.5215 28.9998 5.55226
vn -0.529785 -0.461292 0.711715
vt -0.0402 0.190568
v 44.7578 28.6437 5.55226
vn 0.631192 0.308407 -0.711676
vt -0.0755107 0.181034
v 44.7688 28.6501 5.56203
vn 0.442379 0.216688 -0.870257
vt -0.0756508 0.181914
v 44.8939 28.2386 5.55226
vn 0.689485 0.134458 -0.711711
vt -0.0517694 0.181034
v 44.8939 28.2386 5.55226
vn -0.689485 -0.134458 0.711711
vt -0.0517694 0.181034
v 44.7688 28.6501 5.56203
vn -0.442379 -0.216688 0.870257
vt -0.0756508 0.181914
v 44.7578 28.6437 5.55226
vn -0.631192 -0.308407 0.711676
vt -0.0755107 0.181034
v 43.8184 29.4727 5.55226
vn 0.228287 0.664266 -0.711783
vt 0.0909467 0.175036
v 43.3995 29.5574 5.55226
vn 0.0484868 0.700683 -0.711823
vt 0.0672053 0.175036
v 43.8217 29.485 5.56203
vn 0.159721 0.466005 -0.870246
vt 0.0909908 0.175926
v 43.8217 29.485 5.56203
vn -0.159721 -0.466005 0.870246
vt 0.0909908 0.175926
v 43.3995 29.5574 5.55226
vn -0.0484868 -0.700683 0.711823
vt 0.0672053 0.175036
v 43.8184 29.4727 5.55226
vn -0.228287 -0.664266 0.711783
vt 0.0909467 0.175036
v 43.3995 29.5476 5.53953
vn 0.0575331 0.7921 -0.607674
vt 0.119054 0.123315
v 42.973 29.5308 5.55226
vn -0.134515 0.689357 -0.711823
vt 0.0953465 0.124205
v 43.3995 29.5574 5.55226
vn 0.0484868 0.700683 -0.711823
vt 0.119088 0.124205
v 43.3995 29.5574 5.55226
vn -0.0484868 -0.700683 0.711823
vt 0.119088 0.124205
v 42.973 29.5308 5.55226
vn 0.134515 -0.689357 0.711823
vt 0.0953465 0.124205
v 43.3995 29.5476 5.53953
vn -0.0575331 -0.7921 0.607674
vt 0.119054 0.123315
v 43.3995 29.5415 5.52471
vn 0.0674509 0.962992 -0.260955
vt 0.118957 0.0826641
v 42.9755 29.5213 5.53953
vn -0.178911 0.906669 -0.382024
vt 0.0953783 0.0835551
v 43.3995 29.5476 5.53953
vn 0.0618479 0.92208 -0.382024
vt 0.118978 0.0835551
v 43.3995 29.5476 5.53953
vn -0.0618479 -0.92208 0.382024
vt 0.118978 0.0835551
v 42.9755 29.5213 5.53953
vn 0.178911 -0.906669 0.382024
vt 0.0953783 0.0835551
v 43.3995 29.5415 5.52471
vn -0.0674509 -0.962992 0.260955
vt 0.118957 0.0826641
v 43.3995 29.5394 5.5088
vn 0.0693634 0.989061 -0.130184
vt 0.118902 0.0363661
v 42.9771 29.5154 5.52471
vn -0.184088 0.947636 -0.260955
vt 0.095398 0.0372574
v 43.3995 29.5415 5.52471
vn 0.0674509 0.962992 -0.260955
vt 0.118909 0.0372574
v 43.3995 29.5415 5.52471
vn -0.0674509 -0.962992 0.260955
vt 0.118909 0.0372574
v 42.9771 29.5154 5.52471
vn 0.184088 -0.947636 0.260955
vt 0.095398 0.0372574
v 43.3995 29.5394 5.5088
vn -0.0693634 -0.989061 0.130184
vt 0.118902 0.0363661
v 43.3995 29.5394 5.5088
vn 0.0693634 0.989061 -0.130184
vt 0.118886 0.0359447
v 42.9776 29.5134 5.5088
vn -0.188988 0.973312 -0.130184
vt 0.0954047 0.0359447
v 42.9771 29.5154 5.52471
vn -0.184088 0.947636 -0.260955
vt 0.0953815 0.0368357
v 42.9771 29.5154 5.52471
vn 0.184088 -0.947636 0.260955
vt 0.0953815 0.0368357
v 42.9776 29.5134 5.5088
vn 0.188988 -0.973312 0.130184
vt 0.0954047 0.0359447
v 43.3995 29.5394 5.5088
vn -0.0693634 -0.989061 0.130184
vt 0.118886 0.0359447
v 42.5769 29.379 5.5088
vn 0.433646 -0.887941 -0.153339
vt -0.116263 -0.0108786
v 42.9776 29.5134 5.5088
vn 0.189053 -0.969921 -0.153339
vt -0.139744 -0.0108786
v 42.6132 29.3048 6.04142
vn 0.433646 -0.887941 -0.153339
vt -0.116862 0.0190595
v 42.9934 29.4322 6.04142
vn 0.189053 -0.969921 -0.153339
vt -0.139144 0.0190595
v 42.6132 29.3048 6.04142
vn 0.433646 -0.887941 -0.153339
vt -0.116862 0.0190595
v 42.9776 29.5134 5.5088
vn 0.189053 -0.969921 -0.153339
vt -0.139744 -0.0108786
v 42.9776 29.5134 5.5088
vn -0.189053 0.969921 0.153339
vt -0.139744 -0.0108786
v 42.6132 29.3048 6.04142
vn -0.433646 0.887941 0.153339
vt -0.116862 0.0190595
v 42.9934 29.4322 6.04142
vn -0.189053 0.969921 0.153339
vt -0.139144 0.0190595
v 42.6132 29.3048 6.04142
vn -0.433646 0.887941 0.153339
vt -0.116862 0.0190595
v 42.9776 29.5134 5.5088
vn -0.189053 0.969921 0.153339
vt -0.139744 -0.0108786
v 42.5769 29.379 5.5088
vn -0.433646 0.887941 0.153339
vt -0.116263 -0.0108786
v 43.5971 26.3351 5.5088
vn 0.188987 -0.973304 -0.13024
vt -0.116263 0.0157265
v 43.9979 26.4694 5.5088
vn 0.434457 -0.891226 -0.13024
vt -0.139744 0.0157265
v 43.5977 26.3331 5.52471
vn 0.184088 -0.947623 -0.261003
vt -0.116256 0.0166178
v 43.5977 26.3331 5.52471
vn -0.184088 0.947623 0.261003
vt -0.116256 0.0166178
v 43.9979 26.4694 5.5088
vn -0.434457 0.891226 0.13024
vt -0.139744 0.0157265
v 43.5971 26.3351 5.5088
vn -0.188987 0.973304 0.13024
vt -0.116263 0.0157265
v 43.5977 26.3331 5.52471
vn 0.184088 -0.947623 -0.261003
vt -0.116253 0.0221538
v 43.9989 26.4676 5.52471
vn 0.423078 -0.867688 -0.261003
vt -0.139765 0.0221538
v 43.5993 26.3271 5.53953
vn 0.17892 -0.906729 -0.381877
vt -0.116232 0.0230448
v 43.5993 26.3271 5.53953
vn -0.17892 0.906729 0.381877
vt -0.116232 0.0230448
v 43.9989 26.4676 5.52471
vn -0.423078 0.867688 0.261003
vt -0.139765 0.0221538
v 43.5977 26.3331 5.52471
vn -0.184088 0.947623 0.261003
vt -0.116253 0.0221538
v 43.5993 26.3271 5.53953
vn 0.17892 -0.906729 -0.381877
vt -0.116226 0.0229376
v 43.9989 26.4676 5.52471
vn 0.423078 -0.867688 -0.261003
vt -0.139758 0.0220489
v 44.002 26.4623 5.53953
vn 0.407502 -0.829525 -0.381877
vt -0.139826 0.0229376
v 44.002 26.4623 5.53953
vn -0.407502 0.829525 0.381877
vt -0.139826 0.0229376
v 43.9989 26.4676 5.52471
vn -0.423078 0.867688 0.261003
vt -0.139758 0.0220489
v 43.5993 26.3271 5.53953
vn -0.17892 0.906729 0.381877
vt -0.116226 0.0229376
v 44.002 26.4623 5.53953
vn 0.407502 -0.829525 -0.381877
vt -0.128348 0.036218
v 44.3517 26.7014 5.52471
vn 0.633302 -0.728572 -0.260981
vt -0.15188 0.0353293
v 44.356 26.697 5.53953
vn 0.60838 -0.695691 -0.381953
vt -0.151948 0.036218
v 44.356 26.697 5.53953
vn -0.60838 0.695691 0.381953
vt -0.151948 0.036218
v 44.3517 26.7014 5.52471
vn -0.633302 0.728572 0.260981
vt -0.15188 0.0353293
v 44.002 26.4623 5.53953
vn -0.407502 0.829525 0.381877
vt -0.128348 0.036218
v 44.356 26.697 5.53953
vn 0.60838 -0.695691 -0.381953
vt -0.13092 0.050773
v 44.3517 26.7014 5.52471
vn 0.633302 -0.728572 -0.260981
vt -0.130941 0.0498819
v 44.6372 27.0154 5.53953
vn 0.767621 -0.514602 -0.382024
vt -0.15452 0.050773
v 44.6372 27.0154 5.53953
vn -0.767621 0.514602 0.382024
vt -0.15452 0.050773
v 44.3517 26.7014 5.52471
vn -0.633302 0.728572 0.260981
vt -0.130941 0.0498819
v 44.356 26.697 5.53953
vn -0.60838 0.695691 0.381953
vt -0.13092 0.050773
v 44.8264 27.3958 5.53953
vn 0.874654 -0.298392 -0.382024
vt -0.107372 0.0775833
v 44.8205 27.3974 5.52471
vn 0.912721 -0.314393 -0.260955
vt -0.107393 0.0766923
v 44.9108 27.8121 5.53953
vn 0.922104 -0.0619655 -0.381948
vt -0.130972 0.0775833
v 44.9108 27.8121 5.53953
vn -0.922104 0.0619655 0.381948
vt -0.130972 0.0775833
v 44.8205 27.3974 5.52471
vn -0.912721 0.314393 0.260955
vt -0.107393 0.0766923
v 44.8264 27.3958 5.53953
vn -0.874654 0.298392 0.382024
vt -0.107372 0.0775833
v 44.6372 27.0154 5.53953
vn 0.767621 -0.514602 -0.382024
vt -0.123765 0.0647703
v 44.6319 27.0185 5.52471
vn 0.80025 -0.53991 -0.260955
vt -0.123786 0.0638793
v 44.8264 27.3958 5.53953
vn 0.874654 -0.298392 -0.382024
vt -0.147365 0.0647703
v 44.8264 27.3958 5.53953
vn -0.874654 0.298392 0.382024
vt -0.147365 0.0647703
v 44.6319 27.0185 5.52471
vn -0.80025 0.53991 0.260955
vt -0.123786 0.0638793
v 44.6372 27.0154 5.53953
vn -0.767621 0.514602 0.382024
vt -0.123765 0.0647703
v 44.9205 27.8121 5.55226
vn 0.700722 -0.0484026 -0.71179
vt -0.0827431 0.131868
v 44.9108 27.8121 5.53953
vn 0.7921 -0.0575331 -0.607674
vt -0.0827769 0.130978
v 44.8939 28.2386 5.55226
vn 0.689485 0.134458 -0.711711
vt -0.106484 0.131868
v 44.8939 28.2386 5.55226
vn -0.689485 -0.134458 0.711711
vt -0.106484 0.131868
v 44.9108 27.8121 5.53953
vn -0.7921 0.0575331 0.607674
vt -0.0827769 0.130978
v 44.9205 27.8121 5.55226
vn -0.700722 0.0484026 0.71179
vt -0.0827431 0.131868
v 41.7547 28.0306 6.04142
vn 1.00395e-012 -3.38699e-015 -1
vt 0.0159613 0.107022
v 41.8344 28.4237 6.04142
vn 1.00395e-012 -3.38699e-015 -1
vt 0.0203924 0.128859
v 41.7794 27.6303 6.04142
vn 1.00395e-012 -3.38699e-015 -1
vt 0.0173331 0.0847822
v 41.8504 27.7603 6.04142
vn 1.00395e-012 -3.38699e-015 -1
vt 0.021279 0.0920075
v 41.7794 27.6303 6.04142
vn 1.00395e-012 -3.38699e-015 -1
vt 0.0173331 0.0847822
v 41.8344 28.4237 6.04142
vn 1.00395e-012 -3.38699e-015 -1
vt 0.0203924 0.128859
v 41.9068 27.25 6.04142
vn 1.00395e-012 -3.38699e-015 -1
vt 0.0244143 0.063655
v 41.7794 27.6303 6.04142
vn 1.00395e-012 -3.38699e-015 -1
vt 0.0173331 0.0847822
v 41.8504 27.7603 6.04142
vn 1.00395e-012 -3.38699e-015 -1
vt 0.021279 0.0920075
v 41.8532 27.7391 6.04142
vn 1.00395e-012 -3.38699e-015 -1
vt 0.0214342 0.0908292
v 41.9068 27.25 6.04142
vn 1.00395e-012 -3.38699e-015 -1
vt 0.0244143 0.063655
v 41.8504 27.7603 6.04142
vn 1.00395e-012 -3.38699e-015 -1
vt 0.021279 0.0920075
v 41.8614 27.7194 6.04142
vn 1.00395e-012 -3.38699e-015 -1
vt 0.0218889 0.0897313
v 41.9068 27.25 6.04142
vn 1.00395e-012 -3.38699e-015 -1
vt 0.0244143 0.063655
v 41.8532 27.7391 6.04142
vn 1.00395e-012 -3.38699e-015 -1
vt 0.0214342 0.0908292
v 41.8744 27.7024 6.04142
vn 1.00395e-012 -3.38699e-015 -1
vt 0.0226124 0.0887885
v 41.9068 27.25 6.04142
vn 1.00395e-012 -3.38699e-015 -1
vt 0.0244143 0.063655
v 41.8614 27.7194 6.04142
vn 1.00395e-012 -3.38699e-015 -1
vt 0.0218889 0.0897313
v 41.8914 27.6894 6.04142
vn 1.00395e-012 -3.38699e-015 -1
vt 0.0235552 0.0880651
v 41.9068 27.25 6.04142
vn 1.00395e-012 -3.38699e-015 -1
vt 0.0244143 0.063655
v 41.8744 27.7024 6.04142
vn 1.00395e-012 -3.38699e-015 -1
vt 0.0226124 0.0887885
v 41.9111 27.6812 6.04142
vn 1.00395e-012 -3.38699e-015 -1
vt 0.0246531 0.0876103
v 41.9068 27.25 6.04142
vn 1.00395e-012 -3.38699e-015 -1
vt 0.0244143 0.063655
v 41.8914 27.6894 6.04142
vn 1.00395e-012 -3.38699e-015 -1
vt 0.0235552 0.0880651
v 42.1284 26.9157 6.04142
vn 1.00395e-012 -3.38699e-015 -1
vt 0.0367223 0.0450805
v 41.9068 27.25 6.04142
vn 1.00395e-012 -3.38699e-015 -1
vt 0.0244143 0.063655
v 41.9111 27.6812 6.04142
vn 1.00395e-012 -3.38699e-015 -1
vt 0.0246531 0.0876103
v 41.9323 27.6784 6.04142
vn 1.00395e-012 -3.38699e-015 -1
vt 0.0258313 0.0874552
v 42.1284 26.9157 6.04142
vn 1.00395e-012 -3.38699e-015 -1
vt 0.0367223 0.0450805
v 41.9111 27.6812 6.04142
vn 1.00395e-012 -3.38699e-015 -1
vt 0.0246531 0.0876103
v 41.9535 27.6812 6.04142
vn 1.00395e-012 -3.38699e-015 -1
vt 0.0270096 0.0876103
v 42.1284 26.9157 6.04142
vn 1.00395e-012 -3.38699e-015 -1
vt 0.0367223 0.0450805
v 41.9323 27.6784 6.04142
vn 1.00395e-012 -3.38699e-015 -1
vt 0.0258313 0.0874552
v 41.9733 27.6894 6.04142
vn 1.00395e-012 -3.38699e-015 -1
vt 0.0281075 0.0880651
v 42.1284 26.9157 6.04142
vn 1.00395e-012 -3.38699e-015 -1
vt 0.0367223 0.0450805
v 41.9535 27.6812 6.04142
vn 1.00395e-012 -3.38699e-015 -1
vt 0.0270096 0.0876103
v 41.9903 27.7024 6.04142
vn 1.00395e-012 -3.38699e-015 -1
vt 0.0290503 0.0887885
v 42.1284 26.9157 6.04142
vn 1.00395e-012 -3.38699e-015 -1
vt 0.0367223 0.0450805
v 41.9733 27.6894 6.04142
vn 1.00395e-012 -3.38699e-015 -1
vt 0.0281075 0.0880651
v 42.0033 27.7194 6.04142
vn 1.00395e-012 -3.38699e-015 -1
vt 0.0297737 0.0897313
v 42.1284 26.9157 6.04142
vn 1.00395e-012 -3.38699e-015 -1
vt 0.0367223 0.0450805
v 41.9903 27.7024 6.04142
vn 1.00395e-012 -3.38699e-015 -1
vt 0.0290503 0.0887885
v 42.0115 27.7391 6.04142
vn 1.00395e-012 -3.38699e-015 -1
vt 0.0302285 0.0908292
v 42.1284 26.9157 6.04142
vn 1.00395e-012 -3.38699e-015 -1
vt 0.0367223 0.0450805
v 42.0033 27.7194 6.04142
vn 1.00395e-012 -3.38699e-015 -1
vt 0.0297737 0.0897313
v 42.0143 27.7603 6.04142
vn 1.00395e-012 -3.38699e-015 -1
vt 0.0303836 0.0920075
v 42.1284 26.9157 6.04142
vn 1.00395e-012 -3.38699e-015 -1
vt 0.0367223 0.0450805
v 42.0115 27.7391 6.04142
vn 1.00395e-012 -3.38699e-015 -1
vt 0.0302285 0.0908292
v 42.0143 28.0881 6.04142
vn 1.00395e-012 -3.38699e-015 -1
vt 0.0303836 0.110217
v 42.1284 26.9157 6.04142
vn 1.00395e-012 -3.38699e-015 -1
vt 0.0367223 0.0450805
v 42.0143 27.7603 6.04142
vn 1.00395e-012 -3.38699e-015 -1
vt 0.0303836 0.0920075
v 42.1236 28.0212 6.04142
vn 1.00395e-012 -3.38699e-015 -1
vt 0.0364556 0.106499
v 42.1284 26.9157 6.04142
vn 1.00395e-012 -3.38699e-015 -1
vt 0.0367223 0.0450805
v 42.0143 28.0881 6.04142
vn 1.00395e-012 -3.38699e-015 -1
vt 0.0303836 0.110217
v 42.1287 27.9242 6.04142
vn 1.00395e-012 -3.38699e-015 -1
vt 0.0367426 0.101112
v 42.1284 26.9157 6.04142
vn 1.00395e-012 -3.38699e-015 -1
vt 0.0367223 0.0450805
v 42.1236 28.0212 6.04142
vn 1.00395e-012 -3.38699e-015 -1
vt 0.0364556 0.106499
v 42.1409 27.6954 6.04142
vn 1.00395e-012 -3.38699e-015 -1
vt 0.0374197 0.0884021
v 42.1284 26.9157 6.04142
vn 1.00395e-012 -3.38699e-015 -1
vt 0.0367223 0.0450805
v 42.1287 27.9242 6.04142
vn 1.00395e-012 -3.38699e-015 -1
vt 0.0367426 0.101112
v 42.4289 26.65 6.04142
vn 1.00395e-012 -3.38699e-015 -1
vt 0.0534184 0.0303244
v 42.1284 26.9157 6.04142
vn 1.00395e-012 -3.38699e-015 -1
vt 0.0367223 0.0450805
v 42.1409 27.6954 6.04142
vn 1.00395e-012 -3.38699e-015 -1
vt 0.0374197 0.0884021
v 42.242 27.3853 6.04142
vn 1.00395e-012 -3.38699e-015 -1
vt 0.0430348 0.071171
v 42.4289 26.65 6.04142
vn 1.00395e-012 -3.38699e-015 -1
vt 0.0534184 0.0303244
v 42.1409 27.6954 6.04142
vn 1.00395e-012 -3.38699e-015 -1
vt 0.0374197 0.0884021
v 42.4199 27.1119 6.04142
vn 1.00395e-012 -3.38699e-015 -1
vt 0.0529183 0.0559803
v 42.4289 26.65 6.04142
vn 1.00395e-012 -3.38699e-015 -1
vt 0.0534184 0.0303244
v 42.242 27.3853 6.04142
vn 1.00395e-012 -3.38699e-015 -1
vt 0.0430348 0.071171
v 42.5447 26.9997 6.04142
vn 1.00395e-012 -3.38699e-015 -1
vt 0.0598497 0.0497501
v 42.4289 26.65 6.04142
vn 1.00395e-012 -3.38699e-015 -1
vt 0.0534184 0.0303244
v 42.4199 27.1119 6.04142
vn 1.00395e-012 -3.38699e-015 -1
vt 0.0529183 0.0559803
v 42.7879 26.4713 6.04142
vn 1.00395e-012 -3.38699e-015 -1
vt 0.0733647 0.0203924
v 42.4289 26.65 6.04142
vn 1.00395e-012 -3.38699e-015 -1
vt 0.0534184 0.0303244
v 42.5447 26.9997 6.04142
vn 1.00395e-012 -3.38699e-015 -1
vt 0.0598497 0.0497501
v 42.6625 26.8938 6.04142
vn 1.00395e-012 -3.38699e-015 -1
vt 0.0663967 0.0438653
v 42.7879 26.4713 6.04142
vn 1.00395e-012 -3.38699e-015 -1
vt 0.0733647 0.0203924
v 42.5447 26.9997 6.04142
vn 1.00395e-012 -3.38699e-015 -1
vt 0.0598497 0.0497501
v 42.7229 26.8631 6.04142
vn 1.00395e-012 -3.38699e-015 -1
vt 0.0697537 0.0421585
v 42.7879 26.4713 6.04142
vn 1.00395e-012 -3.38699e-015 -1
vt 0.0733647 0.0203924
v 42.6625 26.8938 6.04142
vn 1.00395e-012 -3.38699e-015 -1
vt 0.0663967 0.0438653
v 42.9533 26.7459 6.04142
vn 1.00395e-012 -3.38699e-015 -1
vt 0.0825514 0.0356516
v 42.7879 26.4713 6.04142
vn 1.00395e-012 -3.38699e-015 -1
vt 0.0733647 0.0203924
v 42.7229 26.8631 6.04142
vn 1.00395e-012 -3.38699e-015 -1
vt 0.0697537 0.0421585
v 43.181 26.3915 6.04142
vn 1.00395e-012 -3.38699e-015 -1
vt 0.0952019 0.0159613
v 42.7879 26.4713 6.04142
vn 1.00395e-012 -3.38699e-015 -1
vt 0.0733647 0.0203924
v 42.9533 26.7459 6.04142
vn 1.00395e-012 -3.38699e-015 -1
vt 0.0825514 0.0356516
v 43.2724 26.6784 6.04142
vn 1.00395e-012 -3.38699e-015 -1
vt 0.100282 0.0318988
v 43.181 26.3915 6.04142
vn 1.00395e-012 -3.38699e-015 -1
vt 0.0952019 0.0159613
v 42.9533 26.7459 6.04142
vn 1.00395e-012 -3.38699e-015 -1
vt 0.0825514 0.0356516
v 43.5813 26.4162 6.04142
vn 1.00395e-012 -3.38699e-015 -1
vt 0.117442 0.0173331
v 43.181 26.3915 6.04142
vn 1.00395e-012 -3.38699e-015 -1
vt 0.0952019 0.0159613
v 43.2724 26.6784 6.04142
vn 1.00395e-012 -3.38699e-015 -1
vt 0.100282 0.0318988
v 43.5982 26.6957 6.04142
vn 1.00395e-012 -3.38699e-015 -1
vt 0.118379 0.0328629
v 43.5813 26.4162 6.04142
vn 1.00395e-012 -3.38699e-015 -1
vt 0.117442 0.0173331
v 43.2724 26.6784 6.04142
vn 1.00395e-012 -3.38699e-015 -1
vt 0.100282 0.0318988
v 43.9616 26.5437 6.04142
vn 1.00395e-012 -3.38699e-015 -1
vt 0.138569 0.0244143
v 43.5813 26.4162 6.04142
vn 1.00395e-012 -3.38699e-015 -1
vt 0.117442 0.0173331
v 43.5982 26.6957 6.04142
vn 1.00395e-012 -3.38699e-015 -1
vt 0.118379 0.0328629
v 43.9083 26.7968 6.04142
vn 1.00395e-012 -3.38699e-015 -1
vt 0.13561 0.038478
v 43.9616 26.5437 6.04142
vn 1.00395e-012 -3.38699e-015 -1
vt 0.138569 0.0244143
v 43.5982 26.6957 6.04142
vn 1.00395e-012 -3.38699e-015 -1
vt 0.118379 0.0328629
v 44.1818 26.9747 6.04142
vn 1.00395e-012 -3.38699e-015 -1
vt 0.150801 0.0483615
v 43.9616 26.5437 6.04142
vn 1.00395e-012 -3.38699e-015 -1
vt 0.138569 0.0244143
v 43.9083 26.7968 6.04142
vn 1.00395e-012 -3.38699e-015 -1
vt 0.13561 0.038478
v 44.296 26.7652 6.04142
vn 1.00395e-012 -3.38699e-015 -1
vt 0.157144 0.0367223
v 43.9616 26.5437 6.04142
vn 1.00395e-012 -3.38699e-015 -1
vt 0.138569 0.0244143
v 44.1818 26.9747 6.04142
vn 1.00395e-012 -3.38699e-015 -1
vt 0.150801 0.0483615
v 44.3998 27.2173 6.04142
vn 1.00395e-012 -3.38699e-015 -1
vt 0.162916 0.0618399
v 44.296 26.7652 6.04142
vn 1.00395e-012 -3.38699e-015 -1
vt 0.157144 0.0367223
v 44.1818 26.9747 6.04142
vn 1.00395e-012 -3.38699e-015 -1
vt 0.150801 0.0483615
v 44.5616 27.0657 6.04142
vn 1.00395e-012 -3.38699e-015 -1
vt 0.1719 0.0534184
v 44.296 26.7652 6.04142
vn 1.00395e-012 -3.38699e-015 -1
vt 0.157144 0.0367223
v 44.3998 27.2173 6.04142
vn 1.00395e-012 -3.38699e-015 -1
vt 0.162916 0.0618399
v 44.5477 27.5081 6.04142
vn 1.00395e-012 -3.38699e-015 -1
vt 0.171129 0.0779946
v 44.5616 27.0657 6.04142
vn 1.00395e-012 -3.38699e-015 -1
vt 0.1719 0.0534184
v 44.3998 27.2173 6.04142
vn 1.00395e-012 -3.38699e-015 -1
vt 0.162916 0.0618399
v 44.6152 27.8272 6.04142
vn 1.00395e-012 -3.38699e-015 -1
vt 0.174882 0.0957247
v 44.5616 27.0657 6.04142
vn 1.00395e-012 -3.38699e-015 -1
vt 0.1719 0.0534184
v 44.5477 27.5081 6.04142
vn 1.00395e-012 -3.38699e-015 -1
vt 0.171129 0.0779946
v 44.7403 27.4248 6.04142
vn 1.00395e-012 -3.38699e-015 -1
vt 0.181832 0.0733647
v 44.5616 27.0657 6.04142
vn 1.00395e-012 -3.38699e-015 -1
vt 0.1719 0.0534184
v 44.6152 27.8272 6.04142
vn 1.00395e-012 -3.38699e-015 -1
vt 0.174882 0.0957247
v 44.6905 27.923 6.04142
vn 1.00395e-012 -3.38699e-015 -1
vt 0.179061 0.101042
v 44.7403 27.4248 6.04142
vn 1.00395e-012 -3.38699e-015 -1
vt 0.181832 0.0733647
v 44.6152 27.8272 6.04142
vn 1.00395e-012 -3.38699e-015 -1
vt 0.174882 0.0957247
v 44.6679 28.5984 6.04142
vn 1.00395e-012 -3.38699e-015 -1
vt 0.17781 0.138569
v 44.6905 27.923 6.04142
vn 1.00395e-012 -3.38699e-015 -1
vt 0.179061 0.101042
v 44.6152 27.8272 6.04142
vn 1.00395e-012 -3.38699e-015 -1
vt 0.174882 0.0957247
v 44.6915 27.9177 6.04142
vn 1.00395e-012 -3.38699e-015 -1
vt 0.179118 0.10075
v 44.7403 27.4248 6.04142
vn 1.00395e-012 -3.38699e-015 -1
vt 0.181832 0.0733647
v 44.6905 27.923 6.04142
vn 1.00395e-012 -3.38699e-015 -1
vt 0.179061 0.101042
v 44.6938 27.9129 6.04142
vn 1.00395e-012 -3.38699e-015 -1
vt 0.179248 0.100483
v 44.7403 27.4248 6.04142
vn 1.00395e-012 -3.38699e-015 -1
vt 0.181832 0.0733647
v 44.6915 27.9177 6.04142
vn 1.00395e-012 -3.38699e-015 -1
vt 0.179118 0.10075
v 44.6973 27.9089 6.04142
vn 1.00395e-012 -3.38699e-015 -1
vt 0.179443 0.100259
v 44.7403 27.4248 6.04142
vn 1.00395e-012 -3.38699e-015 -1
vt 0.181832 0.0733647
v 44.6938 27.9129 6.04142
vn 1.00395e-012 -3.38699e-015 -1
vt 0.179248 0.100483
v 44.7018 27.9059 6.04142
vn 1.00395e-012 -3.38699e-015 -1
vt 0.17969 0.100093
v 44.7403 27.4248 6.04142
vn 1.00395e-012 -3.38699e-015 -1
vt 0.181832 0.0733647
v 44.6973 27.9089 6.04142
vn 1.00395e-012 -3.38699e-015 -1
vt 0.179443 0.100259
v 44.7068 27.9041 6.04142
vn 1.00395e-012 -3.38699e-015 -1
vt 0.179971 0.0999967
v 44.7403 27.4248 6.04142
vn 1.00395e-012 -3.38699e-015 -1
vt 0.181832 0.0733647
v 44.7018 27.9059 6.04142
vn 1.00395e-012 -3.38699e-015 -1
vt 0.17969 0.100093
v 44.7122 27.9038 6.04142
vn 1.00395e-012 -3.38699e-015 -1
vt 0.180267 0.0999761
v 44.7403 27.4248 6.04142
vn 1.00395e-012 -3.38699e-015 -1
vt 0.181832 0.0733647
v 44.7068 27.9041 6.04142
vn 1.00395e-012 -3.38699e-015 -1
vt 0.179971 0.0999967
v 44.7174 27.9048 6.04142
vn 1.00395e-012 -3.38699e-015 -1
vt 0.180559 0.100033
v 44.7403 27.4248 6.04142
vn 1.00395e-012 -3.38699e-015 -1
vt 0.181832 0.0733647
v 44.7122 27.9038 6.04142
vn 1.00395e-012 -3.38699e-015 -1
vt 0.180267 0.0999761
v 44.7222 27.9071 6.04142
vn 1.00395e-012 -3.38699e-015 -1
vt 0.180826 0.100163
v 44.7403 27.4248 6.04142
vn 1.00395e-012 -3.38699e-015 -1
vt 0.181832 0.0733647
v 44.7174 27.9048 6.04142
vn 1.00395e-012 -3.38699e-015 -1
vt 0.180559 0.100033
v 44.7263 27.9107 6.04142
vn 1.00395e-012 -3.38699e-015 -1
vt 0.18105 0.100358
v 44.7403 27.4248 6.04142
vn 1.00395e-012 -3.38699e-015 -1
vt 0.181832 0.0733647
v 44.7222 27.9071 6.04142
vn 1.00395e-012 -3.38699e-015 -1
vt 0.180826 0.100163
v 44.7293 27.9151 6.04142
vn 1.00395e-012 -3.38699e-015 -1
vt 0.181216 0.100605
v 44.7403 27.4248 6.04142
vn 1.00395e-012 -3.38699e-015 -1
vt 0.181832 0.0733647
v 44.7263 27.9107 6.04142
vn 1.00395e-012 -3.38699e-015 -1
vt 0.18105 0.100358
v 44.731 27.9201 6.04142
vn 1.00395e-012 -3.38699e-015 -1
vt 0.181312 0.100886
v 44.7403 27.4248 6.04142
vn 1.00395e-012 -3.38699e-015 -1
vt 0.181832 0.0733647
v 44.7293 27.9151 6.04142
vn 1.00395e-012 -3.38699e-015 -1
vt 0.181216 0.100605
v 44.7314 27.9255 6.04142
vn 1.00395e-012 -3.38699e-015 -1
vt 0.181333 0.101182
v 44.7403 27.4248 6.04142
vn 1.00395e-012 -3.38699e-015 -1
vt 0.181832 0.0733647
v 44.731 27.9201 6.04142
vn 1.00395e-012 -3.38699e-015 -1
vt 0.181312 0.100886
v 44.7954 28.2182 6.04142
vn 1.00395e-012 -3.38699e-015 -1
vt 0.184891 0.117442
v 44.6926 27.9334 6.04142
vn 1.00395e-012 -3.38699e-015 -1
vt 0.179178 0.101619
v 44.6679 28.5984 6.04142
vn 1.00395e-012 -3.38699e-015 -1
vt 0.17781 0.138569
v 44.6908 27.9283 6.04142
vn 1.00395e-012 -3.38699e-015 -1
vt 0.179082 0.101338
v 44.6679 28.5984 6.04142
vn 1.00395e-012 -3.38699e-015 -1
vt 0.17781 0.138569
v 44.6926 27.9334 6.04142
vn 1.00395e-012 -3.38699e-015 -1
vt 0.179178 0.101619
v 44.6905 27.923 6.04142
vn 1.00395e-012 -3.38699e-015 -1
vt 0.179061 0.101042
v 44.6679 28.5984 6.04142
vn 1.00395e-012 -3.38699e-015 -1
vt 0.17781 0.138569
v 44.6908 27.9283 6.04142
vn 1.00395e-012 -3.38699e-015 -1
vt 0.179082 0.101338
v 44.6956 27.9378 6.04142
vn 1.00395e-012 -3.38699e-015 -1
vt 0.179344 0.101866
v 44.6926 27.9334 6.04142
vn 1.00395e-012 -3.38699e-015 -1
vt 0.179178 0.101619
v 44.7954 28.2182 6.04142
vn 1.00395e-012 -3.38699e-015 -1
vt 0.184891 0.117442
v 44.6996 27.9413 6.04142
vn 1.00395e-012 -3.38699e-015 -1
vt 0.179568 0.102061
v 44.6956 27.9378 6.04142
vn 1.00395e-012 -3.38699e-015 -1
vt 0.179344 0.101866
v 44.7954 28.2182 6.04142
vn 1.00395e-012 -3.38699e-015 -1
vt 0.184891 0.117442
v 44.7044 27.9436 6.04142
vn 1.00395e-012 -3.38699e-015 -1
vt 0.179835 0.102191
v 44.6996 27.9413 6.04142
vn 1.00395e-012 -3.38699e-015 -1
vt 0.179568 0.102061
v 44.7954 28.2182 6.04142
vn 1.00395e-012 -3.38699e-015 -1
vt 0.184891 0.117442
v 44.7097 27.9447 6.04142
vn 1.00395e-012 -3.38699e-015 -1
vt 0.180127 0.102248
v 44.7044 27.9436 6.04142
vn 1.00395e-012 -3.38699e-015 -1
vt 0.179835 0.102191
v 44.7954 28.2182 6.04142
vn 1.00395e-012 -3.38699e-015 -1
vt 0.184891 0.117442
v 44.715 27.9443 6.04142
vn 1.00395e-012 -3.38699e-015 -1
vt 0.180423 0.102227
v 44.7097 27.9447 6.04142
vn 1.00395e-012 -3.38699e-015 -1
vt 0.180127 0.102248
v 44.7954 28.2182 6.04142
vn 1.00395e-012 -3.38699e-015 -1
vt 0.184891 0.117442
v 44.72 27.9426 6.04142
vn 1.00395e-012 -3.38699e-015 -1
vt 0.180704 0.102131
v 44.715 27.9443 6.04142
vn 1.00395e-012 -3.38699e-015 -1
vt 0.180423 0.102227
v 44.7954 28.2182 6.04142
vn 1.00395e-012 -3.38699e-015 -1
vt 0.184891 0.117442
v 44.7245 27.9396 6.04142
vn 1.00395e-012 -3.38699e-015 -1
vt 0.180951 0.101965
v 44.72 27.9426 6.04142
vn 1.00395e-012 -3.38699e-015 -1
vt 0.180704 0.102131
v 44.7954 28.2182 6.04142
vn 1.00395e-012 -3.38699e-015 -1
vt 0.184891 0.117442
v 44.728 27.9355 6.04142
vn 1.00395e-012 -3.38699e-015 -1
vt 0.181146 0.101741
v 44.7245 27.9396 6.04142
vn 1.00395e-012 -3.38699e-015 -1
vt 0.180951 0.101965
v 44.7954 28.2182 6.04142
vn 1.00395e-012 -3.38699e-015 -1
vt 0.184891 0.117442
v 44.7303 27.9307 6.04142
vn 1.00395e-012 -3.38699e-015 -1
vt 0.181276 0.101474
v 44.728 27.9355 6.04142
vn 1.00395e-012 -3.38699e-015 -1
vt 0.181146 0.101741
v 44.7954 28.2182 6.04142
vn 1.00395e-012 -3.38699e-015 -1
vt 0.184891 0.117442
v 44.7314 27.9255 6.04142
vn 1.00395e-012 -3.38699e-015 -1
vt 0.181333 0.101182
v 44.7303 27.9307 6.04142
vn 1.00395e-012 -3.38699e-015 -1
vt 0.181276 0.101474
v 44.7954 28.2182 6.04142
vn 1.00395e-012 -3.38699e-015 -1
vt 0.184891 0.117442
v 44.7403 27.4248 6.04142
vn 1.00395e-012 -3.38699e-015 -1
vt 0.181832 0.0733647
v 44.7314 27.9255 6.04142
vn 1.00395e-012 -3.38699e-015 -1
vt 0.181333 0.101182
v 44.7954 28.2182 6.04142
vn 1.00395e-012 -3.38699e-015 -1
vt 0.184891 0.117442
v 44.8201 27.8178 6.04142
vn 1.00395e-012 -3.38699e-015 -1
vt 0.186263 0.0952019
v 44.7403 27.4248 6.04142
vn 1.00395e-012 -3.38699e-015 -1
vt 0.181832 0.0733647
v 44.7954 28.2182 6.04142
vn 1.00395e-012 -3.38699e-015 -1
vt 0.184891 0.117442
v 42.0132 28.7827 6.04142
vn 1.00395e-012 -3.38699e-015 -1
vt 0.0303244 0.148806
v 41.8532 28.1093 6.04142
vn 1.00395e-012 -3.38699e-015 -1
vt 0.0214342 0.111395
v 41.8344 28.4237 6.04142
vn 1.00395e-012 -3.38699e-015 -1
vt 0.0203924 0.128859
v 41.8504 28.0881 6.04142
vn 1.00395e-012 -3.38699e-015 -1
vt 0.021279 0.110217
v 41.8344 28.4237 6.04142
vn 1.00395e-012 -3.38699e-015 -1
vt 0.0203924 0.128859
v 41.8532 28.1093 6.04142
vn 1.00395e-012 -3.38699e-015 -1
vt 0.0214342 0.111395
v 41.8504 27.7603 6.04142
vn 1.00395e-012 -3.38699e-015 -1
vt 0.021279 0.0920075
v 41.8344 28.4237 6.04142
vn 1.00395e-012 -3.38699e-015 -1
vt 0.0203924 0.128859
v 41.8504 28.0881 6.04142
vn 1.00395e-012 -3.38699e-015 -1
vt 0.021279 0.110217
v 41.8614 28.1291 6.04142
vn 1.00395e-012 -3.38699e-015 -1
vt 0.0218889 0.112493
v 41.8532 28.1093 6.04142
vn 1.00395e-012 -3.38699e-015 -1
vt 0.0214342 0.111395
v 42.0132 28.7827 6.04142
vn 1.00395e-012 -3.38699e-015 -1
vt 0.0303244 0.148806
v 41.8744 28.146 6.04142
vn 1.00395e-012 -3.38699e-015 -1
vt 0.0226124 0.113436
v 41.8614 28.1291 6.04142
vn 1.00395e-012 -3.38699e-015 -1
vt 0.0218889 0.112493
v 42.0132 28.7827 6.04142
vn 1.00395e-012 -3.38699e-015 -1
vt 0.0303244 0.148806
v 41.8914 28.1591 6.04142
vn 1.00395e-012 -3.38699e-015 -1
vt 0.0235552 0.114159
v 41.8744 28.146 6.04142
vn 1.00395e-012 -3.38699e-015 -1
vt 0.0226124 0.113436
v 42.0132 28.7827 6.04142
vn 1.00395e-012 -3.38699e-015 -1
vt 0.0303244 0.148806
v 41.9111 28.1673 6.04142
vn 1.00395e-012 -3.38699e-015 -1
vt 0.0246531 0.114614
v 41.8914 28.1591 6.04142
vn 1.00395e-012 -3.38699e-015 -1
vt 0.0235552 0.114159
v 42.0132 28.7827 6.04142
vn 1.00395e-012 -3.38699e-015 -1
vt 0.0303244 0.148806
v 41.9323 28.17 6.04142
vn 1.00395e-012 -3.38699e-015 -1
vt 0.0258313 0.114769
v 41.9111 28.1673 6.04142
vn 1.00395e-012 -3.38699e-015 -1
vt 0.0246531 0.114614
v 42.0132 28.7827 6.04142
vn 1.00395e-012 -3.38699e-015 -1
vt 0.0303244 0.148806
v 41.9535 28.1673 6.04142
vn 1.00395e-012 -3.38699e-015 -1
vt 0.0270096 0.114614
v 41.9323 28.17 6.04142
vn 1.00395e-012 -3.38699e-015 -1
vt 0.0258313 0.114769
v 42.0132 28.7827 6.04142
vn 1.00395e-012 -3.38699e-015 -1
vt 0.0303244 0.148806
v 41.9733 28.1591 6.04142
vn 1.00395e-012 -3.38699e-015 -1
vt 0.0281075 0.114159
v 41.9535 28.1673 6.04142
vn 1.00395e-012 -3.38699e-015 -1
vt 0.0270096 0.114614
v 42.0132 28.7827 6.04142
vn 1.00395e-012 -3.38699e-015 -1
vt 0.0303244 0.148806
v 41.9903 28.146 6.04142
vn 1.00395e-012 -3.38699e-015 -1
vt 0.0290503 0.113436
v 41.9733 28.1591 6.04142
vn 1.00395e-012 -3.38699e-015 -1
vt 0.0281075 0.114159
v 42.0132 28.7827 6.04142
vn 1.00395e-012 -3.38699e-015 -1
vt 0.0303244 0.148806
v 42.0033 28.1291 6.04142
vn 1.00395e-012 -3.38699e-015 -1
vt 0.0297737 0.112493
v 41.9903 28.146 6.04142
vn 1.00395e-012 -3.38699e-015 -1
vt 0.0290503 0.113436
v 42.0132 28.7827 6.04142
vn 1.00395e-012 -3.38699e-015 -1
vt 0.0303244 0.148806
v 42.0115 28.1093 6.04142
vn 1.00395e-012 -3.38699e-015 -1
vt 0.0302285 0.111395
v 42.0033 28.1291 6.04142
vn 1.00395e-012 -3.38699e-015 -1
vt 0.0297737 0.112493
v 42.0132 28.7827 6.04142
vn 1.00395e-012 -3.38699e-015 -1
vt 0.0303244 0.148806
v 42.0143 28.0881 6.04142
vn 1.00395e-012 -3.38699e-015 -1
vt 0.0303836 0.110217
v 42.0115 28.1093 6.04142
vn 1.00395e-012 -3.38699e-015 -1
vt 0.0302285 0.111395
v 42.0132 28.7827 6.04142
vn 1.00395e-012 -3.38699e-015 -1
vt 0.0303244 0.148806
v 42.2788 29.0832 6.04142
vn 1.00395e-012 -3.38699e-015 -1
vt 0.0450805 0.165502
v 42.0143 28.0881 6.04142
vn 1.00395e-012 -3.38699e-015 -1
vt 0.0303836 0.110217
v 42.0132 28.7827 6.04142
vn 1.00395e-012 -3.38699e-015 -1
vt 0.0303244 0.148806
v 42.1236 28.0212 6.04142
vn 1.00395e-012 -3.38699e-015 -1
vt 0.0364556 0.106499
v 42.0143 28.0881 6.04142
vn 1.00395e-012 -3.38699e-015 -1
vt 0.0303836 0.110217
v 42.2788 29.0832 6.04142
vn 1.00395e-012 -3.38699e-015 -1
vt 0.0450805 0.165502
v 42.1911 28.3403 6.04142
vn 1.00395e-012 -3.38699e-015 -1
vt 0.0402084 0.124229
v 42.1236 28.0212 6.04142
vn 1.00395e-012 -3.38699e-015 -1
vt 0.0364556 0.106499
v 42.2788 29.0832 6.04142
vn 1.00395e-012 -3.38699e-015 -1
vt 0.0450805 0.165502
v 42.339 28.6311 6.04142
vn 1.00395e-012 -3.38699e-015 -1
vt 0.0484221 0.140384
v 42.1911 28.3403 6.04142
vn 1.00395e-012 -3.38699e-015 -1
vt 0.0402084 0.124229
v 42.2788 29.0832 6.04142
vn 1.00395e-012 -3.38699e-015 -1
vt 0.0450805 0.165502
v 42.6132 29.3048 6.04142
vn 1.00395e-012 -3.38699e-015 -1
vt 0.063655 0.17781
v 42.339 28.6311 6.04142
vn 1.00395e-012 -3.38699e-015 -1
vt 0.0484221 0.140384
v 42.2788 29.0832 6.04142
vn 1.00395e-012 -3.38699e-015 -1
vt 0.0450805 0.165502
v 42.557 28.8737 6.04142
vn 1.00395e-012 -3.38699e-015 -1
vt 0.0605371 0.153863
v 42.339 28.6311 6.04142
vn 1.00395e-012 -3.38699e-015 -1
vt 0.0484221 0.140384
v 42.6132 29.3048 6.04142
vn 1.00395e-012 -3.38699e-015 -1
vt 0.063655 0.17781
v 42.7229 28.9817 6.04142
vn 1.00395e-012 -3.38699e-015 -1
vt 0.0697537 0.159859
v 42.557 28.8737 6.04142
vn 1.00395e-012 -3.38699e-015 -1
vt 0.0605371 0.153863
v 42.6132 29.3048 6.04142
vn 1.00395e-012 -3.38699e-015 -1
vt 0.063655 0.17781
v 42.9934 29.4322 6.04142
vn 1.00395e-012 -3.38699e-015 -1
vt 0.0847822 0.184891
v 42.7229 28.9817 6.04142
vn 1.00395e-012 -3.38699e-015 -1
vt 0.0697537 0.159859
v 42.6132 29.3048 6.04142
vn 1.00395e-012 -3.38699e-015 -1
vt 0.063655 0.17781
v 42.8305 29.0516 6.04142
vn 1.00395e-012 -3.38699e-015 -1
vt 0.0757278 0.163746
v 42.7229 28.9817 6.04142
vn 1.00395e-012 -3.38699e-015 -1
vt 0.0697537 0.159859
v 42.9934 29.4322 6.04142
vn 1.00395e-012 -3.38699e-015 -1
vt 0.0847822 0.184891
v 43.1406 29.1527 6.04142
vn 1.00395e-012 -3.38699e-015 -1
vt 0.0929589 0.169361
v 42.8305 29.0516 6.04142
vn 1.00395e-012 -3.38699e-015 -1
vt 0.0757278 0.163746
v 42.9934 29.4322 6.04142
vn 1.00395e-012 -3.38699e-015 -1
vt 0.0847822 0.184891
v 43.3938 29.4569 6.04142
vn 1.00395e-012 -3.38699e-015 -1
vt 0.107022 0.186263
v 43.1406 29.1527 6.04142
vn 1.00395e-012 -3.38699e-015 -1
vt 0.0929589 0.169361
v 42.9934 29.4322 6.04142
vn 1.00395e-012 -3.38699e-015 -1
vt 0.0847822 0.184891
v 43.4664 29.1701 6.04142
vn 1.00395e-012 -3.38699e-015 -1
vt 0.111056 0.170325
v 43.1406 29.1527 6.04142
vn 1.00395e-012 -3.38699e-015 -1
vt 0.0929589 0.169361
v 43.3938 29.4569 6.04142
vn 1.00395e-012 -3.38699e-015 -1
vt 0.107022 0.186263
v 43.7868 29.3772 6.04142
vn 1.00395e-012 -3.38699e-015 -1
vt 0.128859 0.181832
v 43.4664 29.1701 6.04142
vn 1.00395e-012 -3.38699e-015 -1
vt 0.111056 0.170325
v 43.3938 29.4569 6.04142
vn 1.00395e-012 -3.38699e-015 -1
vt 0.107022 0.186263
v 43.7855 29.1025 6.04142
vn 1.00395e-012 -3.38699e-015 -1
vt 0.128786 0.166573
v 43.4664 29.1701 6.04142
vn 1.00395e-012 -3.38699e-015 -1
vt 0.111056 0.170325
v 43.7868 29.3772 6.04142
vn 1.00395e-012 -3.38699e-015 -1
vt 0.128859 0.181832
v 44.0763 28.9547 6.04142
vn 1.00395e-012 -3.38699e-015 -1
vt 0.144941 0.158359
v 43.7855 29.1025 6.04142
vn 1.00395e-012 -3.38699e-015 -1
vt 0.128786 0.166573
v 43.7868 29.3772 6.04142
vn 1.00395e-012 -3.38699e-015 -1
vt 0.128859 0.181832
v 44.1459 29.1984 6.04142
vn 1.00395e-012 -3.38699e-015 -1
vt 0.148806 0.1719
v 44.0763 28.9547 6.04142
vn 1.00395e-012 -3.38699e-015 -1
vt 0.144941 0.158359
v 43.7868 29.3772 6.04142
vn 1.00395e-012 -3.38699e-015 -1
vt 0.128859 0.181832
v 44.3189 28.7366 6.04142
vn 1.00395e-012 -3.38699e-015 -1
vt 0.158419 0.146244
v 44.0763 28.9547 6.04142
vn 1.00395e-012 -3.38699e-015 -1
vt 0.144941 0.158359
v 44.1459 29.1984 6.04142
vn 1.00395e-012 -3.38699e-015 -1
vt 0.148806 0.1719
v 44.4464 28.9328 6.04142
vn 1.00395e-012 -3.38699e-015 -1
vt 0.165502 0.157144
v 44.3189 28.7366 6.04142
vn 1.00395e-012 -3.38699e-015 -1
vt 0.158419 0.146244
v 44.1459 29.1984 6.04142
vn 1.00395e-012 -3.38699e-015 -1
vt 0.148806 0.1719
v 44.4968 28.4632 6.04142
vn 1.00395e-012 -3.38699e-015 -1
vt 0.168303 0.131053
v 44.3189 28.7366 6.04142
vn 1.00395e-012 -3.38699e-015 -1
vt 0.158419 0.146244
v 44.4464 28.9328 6.04142
vn 1.00395e-012 -3.38699e-015 -1
vt 0.165502 0.157144
v 44.6679 28.5984 6.04142
vn 1.00395e-012 -3.38699e-015 -1
vt 0.17781 0.138569
v 44.4968 28.4632 6.04142
vn 1.00395e-012 -3.38699e-015 -1
vt 0.168303 0.131053
v 44.4464 28.9328 6.04142
vn 1.00395e-012 -3.38699e-015 -1
vt 0.165502 0.157144
v 44.5979 28.153 6.04142
vn 1.00395e-012 -3.38699e-015 -1
vt 0.173918 0.113822
v 44.4968 28.4632 6.04142
vn 1.00395e-012 -3.38699e-015 -1
vt 0.168303 0.131053
v 44.6679 28.5984 6.04142
vn 1.00395e-012 -3.38699e-015 -1
vt 0.17781 0.138569
v 44.6152 27.8272 6.04142
vn 1.00395e-012 -3.38699e-015 -1
vt 0.174882 0.0957247
v 44.5979 28.153 6.04142
vn 1.00395e-012 -3.38699e-015 -1
vt 0.173918 0.113822
v 44.6679 28.5984 6.04142
vn 1.00395e-012 -3.38699e-015 -1
vt 0.17781 0.138569
v 44.6679 28.5984 6.04142
vn -1.00395e-012 3.38699e-015 1
vt 0.17781 0.138569
v 44.5979 28.153 6.04142
vn -1.00395e-012 3.38699e-015 1
vt 0.173918 0.113822
v 44.6152 27.8272 6.04142
vn -1.00395e-012 3.38699e-015 1
vt 0.174882 0.0957247
v 44.6679 28.5984 6.04142
vn -1.00395e-012 3.38699e-015 1
vt 0.17781 0.138569
v 44.4968 28.4632 6.04142
vn -1.00395e-012 3.38699e-015 1
vt 0.168303 0.131053
v 44.5979 28.153 6.04142
vn -1.00395e-012 3.38699e-015 1
vt 0.173918 0.113822
v 44.4464 28.9328 6.04142
vn -1.00395e-012 3.38699e-015 1
vt 0.165502 0.157144
v 44.4968 28.4632 6.04142
vn -1.00395e-012 3.38699e-015 1
vt 0.168303 0.131053
v 44.6679 28.5984 6.04142
vn -1.00395e-012 3.38699e-015 1
vt 0.17781 0.138569
v 44.4464 28.9328 6.04142
vn -1.00395e-012 3.38699e-015 1
vt 0.165502 0.157144
v 44.3189 28.7366 6.04142
vn -1.00395e-012 3.38699e-015 1
vt 0.158419 0.146244
v 44.4968 28.4632 6.04142
vn -1.00395e-012 3.38699e-015 1
vt 0.168303 0.131053
v 44.1459 29.1984 6.04142
vn -1.00395e-012 3.38699e-015 1
vt 0.148806 0.1719
v 44.3189 28.7366 6.04142
vn -1.00395e-012 3.38699e-015 1
vt 0.158419 0.146244
v 44.4464 28.9328 6.04142
vn -1.00395e-012 3.38699e-015 1
vt 0.165502 0.157144
v 44.1459 29.1984 6.04142
vn -1.00395e-012 3.38699e-015 1
vt 0.148806 0.1719
v 44.0763 28.9547 6.04142
vn -1.00395e-012 3.38699e-015 1
vt 0.144941 0.158359
v 44.3189 28.7366 6.04142
vn -1.00395e-012 3.38699e-015 1
vt 0.158419 0.146244
v 43.7868 29.3772 6.04142
vn -1.00395e-012 3.38699e-015 1
vt 0.128859 0.181832
v 44.0763 28.9547 6.04142
vn -1.00395e-012 3.38699e-015 1
vt 0.144941 0.158359
v 44.1459 29.1984 6.04142
vn -1.00395e-012 3.38699e-015 1
vt 0.148806 0.1719
v 43.7868 29.3772 6.04142
vn -1.00395e-012 3.38699e-015 1
vt 0.128859 0.181832
v 43.7855 29.1025 6.04142
vn -1.00395e-012 3.38699e-015 1
vt 0.128786 0.166573
v 44.0763 28.9547 6.04142
vn -1.00395e-012 3.38699e-015 1
vt 0.144941 0.158359
v 43.7868 29.3772 6.04142
vn -1.00395e-012 3.38699e-015 1
vt 0.128859 0.181832
v 43.4664 29.1701 6.04142
vn -1.00395e-012 3.38699e-015 1
vt 0.111056 0.170325
v 43.7855 29.1025 6.04142
vn -1.00395e-012 3.38699e-015 1
vt 0.128786 0.166573
v 43.3938 29.4569 6.04142
vn -1.00395e-012 3.38699e-015 1
vt 0.107022 0.186263
v 43.4664 29.1701 6.04142
vn -1.00395e-012 3.38699e-015 1
vt 0.111056 0.170325
v 43.7868 29.3772 6.04142
vn -1.00395e-012 3.38699e-015 1
vt 0.128859 0.181832
v 43.3938 29.4569 6.04142
vn -1.00395e-012 3.38699e-015 1
vt 0.107022 0.186263
v 43.1406 29.1527 6.04142
vn -1.00395e-012 3.38699e-015 1
vt 0.0929589 0.169361
v 43.4664 29.1701 6.04142
vn -1.00395e-012 3.38699e-015 1
vt 0.111056 0.170325
v 42.9934 29.4322 6.04142
vn -1.00395e-012 3.38699e-015 1
vt 0.0847822 0.184891
v 43.1406 29.1527 6.04142
vn -1.00395e-012 3.38699e-015 1
vt 0.0929589 0.169361
v 43.3938 29.4569 6.04142
vn -1.00395e-012 3.38699e-015 1
vt 0.107022 0.186263
v 42.9934 29.4322 6.04142
vn -1.00395e-012 3.38699e-015 1
vt 0.0847822 0.184891
v 42.8305 29.0516 6.04142
vn -1.00395e-012 3.38699e-015 1
vt 0.0757278 0.163746
v 43.1406 29.1527 6.04142
vn -1.00395e-012 3.38699e-015 1
vt 0.0929589 0.169361
v 42.9934 29.4322 6.04142
vn -1.00395e-012 3.38699e-015 1
vt 0.0847822 0.184891
v 42.7229 28.9817 6.04142
vn -1.00395e-012 3.38699e-015 1
vt 0.0697537 0.159859
v 42.8305 29.0516 6.04142
vn -1.00395e-012 3.38699e-015 1
vt 0.0757278 0.163746
v 42.6132 29.3048 6.04142
vn -1.00395e-012 3.38699e-015 1
vt 0.063655 0.17781
v 42.7229 28.9817 6.04142
vn -1.00395e-012 3.38699e-015 1
vt 0.0697537 0.159859
v 42.9934 29.4322 6.04142
vn -1.00395e-012 3.38699e-015 1
vt 0.0847822 0.184891
v 42.6132 29.3048 6.04142
vn -1.00395e-012 3.38699e-015 1
vt 0.063655 0.17781
v 42.557 28.8737 6.04142
vn -1.00395e-012 3.38699e-015 1
vt 0.0605371 0.153863
v 42.7229 28.9817 6.04142
vn -1.00395e-012 3.38699e-015 1
vt 0.0697537 0.159859
v 42.6132 29.3048 6.04142
vn -1.00395e-012 3.38699e-015 1
vt 0.063655 0.17781
v 42.339 28.6311 6.04142
vn -1.00395e-012 3.38699e-015 1
vt 0.0484221 0.140384
v 42.557 28.8737 6.04142
vn -1.00395e-012 3.38699e-015 1
vt 0.0605371 0.153863
v 42.2788 29.0832 6.04142
vn -1.00395e-012 3.38699e-015 1
vt 0.0450805 0.165502
v 42.339 28.6311 6.04142
vn -1.00395e-012 3.38699e-015 1
vt 0.0484221 0.140384
v 42.6132 29.3048 6.04142
vn -1.00395e-012 3.38699e-015 1
vt 0.063655 0.17781
v 42.2788 29.0832 6.04142
vn -1.00395e-012 3.38699e-015 1
vt 0.0450805 0.165502
v 42.1911 28.3403 6.04142
vn -1.00395e-012 3.38699e-015 1
vt 0.0402084 0.124229
v 42.339 28.6311 6.04142
vn -1.00395e-012 3.38699e-015 1
vt 0.0484221 0.140384
v 42.2788 29.0832 6.04142
vn -1.00395e-012 3.38699e-015 1
vt 0.0450805 0.165502
v 42.1236 28.0212 6.04142
vn -1.00395e-012 3.38699e-015 1
vt 0.0364556 0.106499
v 42.1911 28.3403 6.04142
vn -1.00395e-012 3.38699e-015 1
vt 0.0402084 0.124229
v 42.2788 29.0832 6.04142
vn -1.00395e-012 3.38699e-015 1
vt 0.0450805 0.165502
v 42.0143 28.0881 6.04142
vn -1.00395e-012 3.38699e-015 1
vt 0.0303836 0.110217
v 42.1236 28.0212 6.04142
vn -1.00395e-012 3.38699e-015 1
vt 0.0364556 0.106499
v 42.0132 28.7827 6.04142
vn -1.00395e-012 3.38699e-015 1
vt 0.0303244 0.148806
v 42.0143 28.0881 6.04142
vn -1.00395e-012 3.38699e-015 1
vt 0.0303836 0.110217
v 42.2788 29.0832 6.04142
vn -1.00395e-012 3.38699e-015 1
vt 0.0450805 0.165502
v 42.0132 28.7827 6.04142
vn -1.00395e-012 3.38699e-015 1
vt 0.0303244 0.148806
v 42.0115 28.1093 6.04142
vn -1.00395e-012 3.38699e-015 1
vt 0.0302285 0.111395
v 42.0143 28.0881 6.04142
vn -1.00395e-012 3.38699e-015 1
vt 0.0303836 0.110217
v 42.0132 28.7827 6.04142
vn -1.00395e-012 3.38699e-015 1
vt 0.0303244 0.148806
v 42.0033 28.1291 6.04142
vn -1.00395e-012 3.38699e-015 1
vt 0.0297737 0.112493
v 42.0115 28.1093 6.04142
vn -1.00395e-012 3.38699e-015 1
vt 0.0302285 0.111395
v 42.0132 28.7827 6.04142
vn -1.00395e-012 3.38699e-015 1
vt 0.0303244 0.148806
v 41.9903 28.146 6.04142
vn -1.00395e-012 3.38699e-015 1
vt 0.0290503 0.113436
v 42.0033 28.1291 6.04142
vn -1.00395e-012 3.38699e-015 1
vt 0.0297737 0.112493
v 42.0132 28.7827 6.04142
vn -1.00395e-012 3.38699e-015 1
vt 0.0303244 0.148806
v 41.9733 28.1591 6.04142
vn -1.00395e-012 3.38699e-015 1
vt 0.0281075 0.114159
v 41.9903 28.146 6.04142
vn -1.00395e-012 3.38699e-015 1
vt 0.0290503 0.113436
v 42.0132 28.7827 6.04142
vn -1.00395e-012 3.38699e-015 1
vt 0.0303244 0.148806
v 41.9535 28.1673 6.04142
vn -1.00395e-012 3.38699e-015 1
vt 0.0270096 0.114614
v 41.9733 28.1591 6.04142
vn -1.00395e-012 3.38699e-015 1
vt 0.0281075 0.114159
v 42.0132 28.7827 6.04142
vn -1.00395e-012 3.38699e-015 1
vt 0.0303244 0.148806
v 41.9323 28.17 6.04142
vn -1.00395e-012 3.38699e-015 1
vt 0.0258313 0.114769
v 41.9535 28.1673 6.04142
vn -1.00395e-012 3.38699e-015 1
vt 0.0270096 0.114614
v 42.0132 28.7827 6.04142
vn -1.00395e-012 3.38699e-015 1
vt 0.0303244 0.148806
v 41.9111 28.1673 6.04142
vn -1.00395e-012 3.38699e-015 1
vt 0.0246531 0.114614
v 41.9323 28.17 6.04142
vn -1.00395e-012 3.38699e-015 1
vt 0.0258313 0.114769
v 42.0132 28.7827 6.04142
vn -1.00395e-012 3.38699e-015 1
vt 0.0303244 0.148806
v 41.8914 28.1591 6.04142
vn -1.00395e-012 3.38699e-015 1
vt 0.0235552 0.114159
v 41.9111 28.1673 6.04142
vn -1.00395e-012 3.38699e-015 1
vt 0.0246531 0.114614
v 42.0132 28.7827 6.04142
vn -1.00395e-012 3.38699e-015 1
vt 0.0303244 0.148806
v 41.8744 28.146 6.04142
vn -1.00395e-012 3.38699e-015 1
vt 0.0226124 0.113436
v 41.8914 28.1591 6.04142
vn -1.00395e-012 3.38699e-015 1
vt 0.0235552 0.114159
v 42.0132 28.7827 6.04142
vn -1.00395e-012 3.38699e-015 1
vt 0.0303244 0.148806
v 41.8614 28.1291 6.04142
vn -1.00395e-012 3.38699e-015 1
vt 0.0218889 0.112493
v 41.8744 28.146 6.04142
vn -1.00395e-012 3.38699e-015 1
vt 0.0226124 0.113436
v 42.0132 28.7827 6.04142
vn -1.00395e-012 3.38699e-015 1
vt 0.0303244 0.148806
v 41.8532 28.1093 6.04142
vn -1.00395e-012 3.38699e-015 1
vt 0.0214342 0.111395
v 41.8614 28.1291 6.04142
vn -1.00395e-012 3.38699e-015 1
vt 0.0218889 0.112493
v 41.8504 28.0881 6.04142
vn -1.00395e-012 3.38699e-015 1
vt 0.021279 0.110217
v 41.8344 28.4237 6.04142
vn -1.00395e-012 3.38699e-015 1
vt 0.0203924 0.128859
v 41.8504 27.7603 6.04142
vn -1.00395e-012 3.38699e-015 1
vt 0.021279 0.0920075
v 41.8532 28.1093 6.04142
vn -1.00395e-012 3.38699e-015 1
vt 0.0214342 0.111395
v 41.8344 28.4237 6.04142
vn -1.00395e-012 3.38699e-015 1
vt 0.0203924 0.128859
v 41.8504 28.0881 6.04142
vn -1.00395e-012 3.38699e-015 1
vt 0.021279 0.110217
v 41.8344 28.4237 6.04142
vn -1.00395e-012 3.38699e-015 1
vt 0.0203924 0.128859
v 41.8532 28.1093 6.04142
vn -1.00395e-012 3.38699e-015 1
vt 0.0214342 0.111395
v 42.0132 28.7827 6.04142
vn -1.00395e-012 3.38699e-015 1
vt 0.0303244 0.148806
v 44.7954 28.2182 6.04142
vn -1.00395e-012 3.38699e-015 1
vt 0.184891 0.117442
v 44.7403 27.4248 6.04142
vn -1.00395e-012 3.38699e-015 1
vt 0.181832 0.0733647
v 44.8201 27.8178 6.04142
vn -1.00395e-012 3.38699e-015 1
vt 0.186263 0.0952019
v 44.7954 28.2182 6.04142
vn -1.00395e-012 3.38699e-015 1
vt 0.184891 0.117442
v 44.7314 27.9255 6.04142
vn -1.00395e-012 3.38699e-015 1
vt 0.181333 0.101182
v 44.7403 27.4248 6.04142
vn -1.00395e-012 3.38699e-015 1
vt 0.181832 0.0733647
v 44.7954 28.2182 6.04142
vn -1.00395e-012 3.38699e-015 1
vt 0.184891 0.117442
v 44.7303 27.9307 6.04142
vn -1.00395e-012 3.38699e-015 1
vt 0.181276 0.101474
v 44.7314 27.9255 6.04142
vn -1.00395e-012 3.38699e-015 1
vt 0.181333 0.101182
v 44.7954 28.2182 6.04142
vn -1.00395e-012 3.38699e-015 1
vt 0.184891 0.117442
v 44.728 27.9355 6.04142
vn -1.00395e-012 3.38699e-015 1
vt 0.181146 0.101741
v 44.7303 27.9307 6.04142
vn -1.00395e-012 3.38699e-015 1
vt 0.181276 0.101474
v 44.7954 28.2182 6.04142
vn -1.00395e-012 3.38699e-015 1
vt 0.184891 0.117442
v 44.7245 27.9396 6.04142
vn -1.00395e-012 3.38699e-015 1
vt 0.180951 0.101965
v 44.728 27.9355 6.04142
vn -1.00395e-012 3.38699e-015 1
vt 0.181146 0.101741
v 44.7954 28.2182 6.04142
vn -1.00395e-012 3.38699e-015 1
vt 0.184891 0.117442
v 44.72 27.9426 6.04142
vn -1.00395e-012 3.38699e-015 1
vt 0.180704 0.102131
v 44.7245 27.9396 6.04142
vn -1.00395e-012 3.38699e-015 1
vt 0.180951 0.101965
v 44.7954 28.2182 6.04142
vn -1.00395e-012 3.38699e-015 1
vt 0.184891 0.117442
v 44.715 27.9443 6.04142
vn -1.00395e-012 3.38699e-015 1
vt 0.180423 0.102227
v 44.72 27.9426 6.04142
vn -1.00395e-012 3.38699e-015 1
vt 0.180704 0.102131
v 44.7954 28.2182 6.04142
vn -1.00395e-012 3.38699e-015 1
vt 0.184891 0.117442
v 44.7097 27.9447 6.04142
vn -1.00395e-012 3.38699e-015 1
vt 0.180127 0.102248
v 44.715 27.9443 6.04142
vn -1.00395e-012 3.38699e-015 1
vt 0.180423 0.102227
v 44.7954 28.2182 6.04142
vn -1.00395e-012 3.38699e-015 1
vt 0.184891 0.117442
v 44.7044 27.9436 6.04142
vn -1.00395e-012 3.38699e-015 1
vt 0.179835 0.102191
v 44.7097 27.9447 6.04142
vn -1.00395e-012 3.38699e-015 1
vt 0.180127 0.102248
v 44.7954 28.2182 6.04142
vn -1.00395e-012 3.38699e-015 1
vt 0.184891 0.117442
v 44.6996 27.9413 6.04142
vn -1.00395e-012 3.38699e-015 1
vt 0.179568 0.102061
v 44.7044 27.9436 6.04142
vn -1.00395e-012 3.38699e-015 1
vt 0.179835 0.102191
v 44.7954 28.2182 6.04142
vn -1.00395e-012 3.38699e-015 1
vt 0.184891 0.117442
v 44.6956 27.9378 6.04142
vn -1.00395e-012 3.38699e-015 1
vt 0.179344 0.101866
v 44.6996 27.9413 6.04142
vn -1.00395e-012 3.38699e-015 1
vt 0.179568 0.102061
v 44.7954 28.2182 6.04142
vn -1.00395e-012 3.38699e-015 1
vt 0.184891 0.117442
v 44.6926 27.9334 6.04142
vn -1.00395e-012 3.38699e-015 1
vt 0.179178 0.101619
v 44.6956 27.9378 6.04142
vn -1.00395e-012 3.38699e-015 1
vt 0.179344 0.101866
v 44.6908 27.9283 6.04142
vn -1.00395e-012 3.38699e-015 1
vt 0.179082 0.101338
v 44.6679 28.5984 6.04142
vn -1.00395e-012 3.38699e-015 1
vt 0.17781 0.138569
v 44.6905 27.923 6.04142
vn -1.00395e-012 3.38699e-015 1
vt 0.179061 0.101042
v 44.6926 27.9334 6.04142
vn -1.00395e-012 3.38699e-015 1
vt 0.179178 0.101619
v 44.6679 28.5984 6.04142
vn -1.00395e-012 3.38699e-015 1
vt 0.17781 0.138569
v 44.6908 27.9283 6.04142
vn -1.00395e-012 3.38699e-015 1
vt 0.179082 0.101338
v 44.6679 28.5984 6.04142
vn -1.00395e-012 3.38699e-015 1
vt 0.17781 0.138569
v 44.6926 27.9334 6.04142
vn -1.00395e-012 3.38699e-015 1
vt 0.179178 0.101619
v 44.7954 28.2182 6.04142
vn -1.00395e-012 3.38699e-015 1
vt 0.184891 0.117442
v 44.731 27.9201 6.04142
vn -1.00395e-012 3.38699e-015 1
vt 0.181312 0.100886
v 44.7403 27.4248 6.04142
vn -1.00395e-012 3.38699e-015 1
vt 0.181832 0.0733647
v 44.7314 27.9255 6.04142
vn -1.00395e-012 3.38699e-015 1
vt 0.181333 0.101182
v 44.7293 27.9151 6.04142
vn -1.00395e-012 3.38699e-015 1
vt 0.181216 0.100605
v 44.7403 27.4248 6.04142
vn -1.00395e-012 3.38699e-015 1
vt 0.181832 0.0733647
v 44.731 27.9201 6.04142
vn -1.00395e-012 3.38699e-015 1
vt 0.181312 0.100886
v 44.7263 27.9107 6.04142
vn -1.00395e-012 3.38699e-015 1
vt 0.18105 0.100358
v 44.7403 27.4248 6.04142
vn -1.00395e-012 3.38699e-015 1
vt 0.181832 0.0733647
v 44.7293 27.9151 6.04142
vn -1.00395e-012 3.38699e-015 1
vt 0.181216 0.100605
v 44.7222 27.9071 6.04142
vn -1.00395e-012 3.38699e-015 1
vt 0.180826 0.100163
v 44.7403 27.4248 6.04142
vn -1.00395e-012 3.38699e-015 1
vt 0.181832 0.0733647
v 44.7263 27.9107 6.04142
vn -1.00395e-012 3.38699e-015 1
vt 0.18105 0.100358
v 44.7174 27.9048 6.04142
vn -1.00395e-012 3.38699e-015 1
vt 0.180559 0.100033
v 44.7403 27.4248 6.04142
vn -1.00395e-012 3.38699e-015 1
vt 0.181832 0.0733647
v 44.7222 27.9071 6.04142
vn -1.00395e-012 3.38699e-015 1
vt 0.180826 0.100163
v 44.7122 27.9038 6.04142
vn -1.00395e-012 3.38699e-015 1
vt 0.180267 0.0999761
v 44.7403 27.4248 6.04142
vn -1.00395e-012 3.38699e-015 1
vt 0.181832 0.0733647
v 44.7174 27.9048 6.04142
vn -1.00395e-012 3.38699e-015 1
vt 0.180559 0.100033
v 44.7068 27.9041 6.04142
vn -1.00395e-012 3.38699e-015 1
vt 0.179971 0.0999967
v 44.7403 27.4248 6.04142
vn -1.00395e-012 3.38699e-015 1
vt 0.181832 0.0733647
v 44.7122 27.9038 6.04142
vn -1.00395e-012 3.38699e-015 1
vt 0.180267 0.0999761
v 44.7018 27.9059 6.04142
vn -1.00395e-012 3.38699e-015 1
vt 0.17969 0.100093
v 44.7403 27.4248 6.04142
vn -1.00395e-012 3.38699e-015 1
vt 0.181832 0.0733647
v 44.7068 27.9041 6.04142
vn -1.00395e-012 3.38699e-015 1
vt 0.179971 0.0999967
v 44.6973 27.9089 6.04142
vn -1.00395e-012 3.38699e-015 1
vt 0.179443 0.100259
v 44.7403 27.4248 6.04142
vn -1.00395e-012 3.38699e-015 1
vt 0.181832 0.0733647
v 44.7018 27.9059 6.04142
vn -1.00395e-012 3.38699e-015 1
vt 0.17969 0.100093
v 44.6938 27.9129 6.04142
vn -1.00395e-012 3.38699e-015 1
vt 0.179248 0.100483
v 44.7403 27.4248 6.04142
vn -1.00395e-012 3.38699e-015 1
vt 0.181832 0.0733647
v 44.6973 27.9089 6.04142
vn -1.00395e-012 3.38699e-015 1
vt 0.179443 0.100259
v 44.6915 27.9177 6.04142
vn -1.00395e-012 3.38699e-015 1
vt 0.179118 0.10075
v 44.7403 27.4248 6.04142
vn -1.00395e-012 3.38699e-015 1
vt 0.181832 0.0733647
v 44.6938 27.9129 6.04142
vn -1.00395e-012 3.38699e-015 1
vt 0.179248 0.100483
v 44.6905 27.923 6.04142
vn -1.00395e-012 3.38699e-015 1
vt 0.179061 0.101042
v 44.7403 27.4248 6.04142
vn -1.00395e-012 3.38699e-015 1
vt 0.181832 0.0733647
v 44.6915 27.9177 6.04142
vn -1.00395e-012 3.38699e-015 1
vt 0.179118 0.10075
v 44.6152 27.8272 6.04142
vn -1.00395e-012 3.38699e-015 1
vt 0.174882 0.0957247
v 44.6905 27.923 6.04142
vn -1.00395e-012 3.38699e-015 1
vt 0.179061 0.101042
v 44.6679 28.5984 6.04142
vn -1.00395e-012 3.38699e-015 1
vt 0.17781 0.138569
v 44.6152 27.8272 6.04142
vn -1.00395e-012 3.38699e-015 1
vt 0.174882 0.0957247
v 44.7403 27.4248 6.04142
vn -1.00395e-012 3.38699e-015 1
vt 0.181832 0.0733647
v 44.6905 27.923 6.04142
vn -1.00395e-012 3.38699e-015 1
vt 0.179061 0.101042
v 44.6152 27.8272 6.04142
vn -1.00395e-012 3.38699e-015 1
vt 0.174882 0.0957247
v 44.5616 27.0657 6.04142
vn -1.00395e-012 3.38699e-015 1
vt 0.1719 0.0534184
v 44.7403 27.4248 6.04142
vn -1.00395e-012 3.38699e-015 1
vt 0.181832 0.0733647
v 44.5477 27.5081 6.04142
vn -1.00395e-012 3.38699e-015 1
vt 0.171129 0.0779946
v 44.5616 27.0657 6.04142
vn -1.00395e-012 3.38699e-015 1
vt 0.1719 0.0534184
v 44.6152 27.8272 6.04142
vn -1.00395e-012 3.38699e-015 1
vt 0.174882 0.0957247
v 44.3998 27.2173 6.04142
vn -1.00395e-012 3.38699e-015 1
vt 0.162916 0.0618399
v 44.5616 27.0657 6.04142
vn -1.00395e-012 3.38699e-015 1
vt 0.1719 0.0534184
v 44.5477 27.5081 6.04142
vn -1.00395e-012 3.38699e-015 1
vt 0.171129 0.0779946
v 44.3998 27.2173 6.04142
vn -1.00395e-012 3.38699e-015 1
vt 0.162916 0.0618399
v 44.296 26.7652 6.04142
vn -1.00395e-012 3.38699e-015 1
vt 0.157144 0.0367223
v 44.5616 27.0657 6.04142
vn -1.00395e-012 3.38699e-015 1
vt 0.1719 0.0534184
v 44.1818 26.9747 6.04142
vn -1.00395e-012 3.38699e-015 1
vt 0.150801 0.0483615
v 44.296 26.7652 6.04142
vn -1.00395e-012 3.38699e-015 1
vt 0.157144 0.0367223
v 44.3998 27.2173 6.04142
vn -1.00395e-012 3.38699e-015 1
vt 0.162916 0.0618399
v 44.1818 26.9747 6.04142
vn -1.00395e-012 3.38699e-015 1
vt 0.150801 0.0483615
v 43.9616 26.5437 6.04142
vn -1.00395e-012 3.38699e-015 1
vt 0.138569 0.0244143
v 44.296 26.7652 6.04142
vn -1.00395e-012 3.38699e-015 1
vt 0.157144 0.0367223
v 43.9083 26.7968 6.04142
vn -1.00395e-012 3.38699e-015 1
vt 0.13561 0.038478
v 43.9616 26.5437 6.04142
vn -1.00395e-012 3.38699e-015 1
vt 0.138569 0.0244143
v 44.1818 26.9747 6.04142
vn -1.00395e-012 3.38699e-015 1
vt 0.150801 0.0483615
v 43.5982 26.6957 6.04142
vn -1.00395e-012 3.38699e-015 1
vt 0.118379 0.0328629
v 43.9616 26.5437 6.04142
vn -1.00395e-012 3.38699e-015 1
vt 0.138569 0.0244143
v 43.9083 26.7968 6.04142
vn -1.00395e-012 3.38699e-015 1
vt 0.13561 0.038478
v 43.5982 26.6957 6.04142
vn -1.00395e-012 3.38699e-015 1
vt 0.118379 0.0328629
v 43.5813 26.4162 6.04142
vn -1.00395e-012 3.38699e-015 1
vt 0.117442 0.0173331
v 43.9616 26.5437 6.04142
vn -1.00395e-012 3.38699e-015 1
vt 0.138569 0.0244143
v 43.2724 26.6784 6.04142
vn -1.00395e-012 3.38699e-015 1
vt 0.100282 0.0318988
v 43.5813 26.4162 6.04142
vn -1.00395e-012 3.38699e-015 1
vt 0.117442 0.0173331
v 43.5982 26.6957 6.04142
vn -1.00395e-012 3.38699e-015 1
vt 0.118379 0.0328629
v 43.2724 26.6784 6.04142
vn -1.00395e-012 3.38699e-015 1
vt 0.100282 0.0318988
v 43.181 26.3915 6.04142
vn -1.00395e-012 3.38699e-015 1
vt 0.0952019 0.0159613
v 43.5813 26.4162 6.04142
vn -1.00395e-012 3.38699e-015 1
vt 0.117442 0.0173331
v 42.9533 26.7459 6.04142
vn -1.00395e-012 3.38699e-015 1
vt 0.0825514 0.0356516
v 43.181 26.3915 6.04142
vn -1.00395e-012 3.38699e-015 1
vt 0.0952019 0.0159613
v 43.2724 26.6784 6.04142
vn -1.00395e-012 3.38699e-015 1
vt 0.100282 0.0318988
v 42.9533 26.7459 6.04142
vn -1.00395e-012 3.38699e-015 1
vt 0.0825514 0.0356516
v 42.7879 26.4713 6.04142
vn -1.00395e-012 3.38699e-015 1
vt 0.0733647 0.0203924
v 43.181 26.3915 6.04142
vn -1.00395e-012 3.38699e-015 1
vt 0.0952019 0.0159613
v 42.7229 26.8631 6.04142
vn -1.00395e-012 3.38699e-015 1
vt 0.0697537 0.0421585
v 42.7879 26.4713 6.04142
vn -1.00395e-012 3.38699e-015 1
vt 0.0733647 0.0203924
v 42.9533 26.7459 6.04142
vn -1.00395e-012 3.38699e-015 1
vt 0.0825514 0.0356516
v 42.6625 26.8938 6.04142
vn -1.00395e-012 3.38699e-015 1
vt 0.0663967 0.0438653
v 42.7879 26.4713 6.04142
vn -1.00395e-012 3.38699e-015 1
vt 0.0733647 0.0203924
v 42.7229 26.8631 6.04142
vn -1.00395e-012 3.38699e-015 1
vt 0.0697537 0.0421585
v 42.5447 26.9997 6.04142
vn -1.00395e-012 3.38699e-015 1
vt 0.0598497 0.0497501
v 42.7879 26.4713 6.04142
vn -1.00395e-012 3.38699e-015 1
vt 0.0733647 0.0203924
v 42.6625 26.8938 6.04142
vn -1.00395e-012 3.38699e-015 1
vt 0.0663967 0.0438653
v 42.5447 26.9997 6.04142
vn -1.00395e-012 3.38699e-015 1
vt 0.0598497 0.0497501
v 42.4289 26.65 6.04142
vn -1.00395e-012 3.38699e-015 1
vt 0.0534184 0.0303244
v 42.7879 26.4713 6.04142
vn -1.00395e-012 3.38699e-015 1
vt 0.0733647 0.0203924
v 42.4199 27.1119 6.04142
vn -1.00395e-012 3.38699e-015 1
vt 0.0529183 0.0559803
v 42.4289 26.65 6.04142
vn -1.00395e-012 3.38699e-015 1
vt 0.0534184 0.0303244
v 42.5447 26.9997 6.04142
vn -1.00395e-012 3.38699e-015 1
vt 0.0598497 0.0497501
v 42.242 27.3853 6.04142
vn -1.00395e-012 3.38699e-015 1
vt 0.0430348 0.071171
v 42.4289 26.65 6.04142
vn -1.00395e-012 3.38699e-015 1
vt 0.0534184 0.0303244
v 42.4199 27.1119 6.04142
vn -1.00395e-012 3.38699e-015 1
vt 0.0529183 0.0559803
v 42.1409 27.6954 6.04142
vn -1.00395e-012 3.38699e-015 1
vt 0.0374197 0.0884021
v 42.4289 26.65 6.04142
vn -1.00395e-012 3.38699e-015 1
vt 0.0534184 0.0303244
v 42.242 27.3853 6.04142
vn -1.00395e-012 3.38699e-015 1
vt 0.0430348 0.071171
v 42.1409 27.6954 6.04142
vn -1.00395e-012 3.38699e-015 1
vt 0.0374197 0.0884021
v 42.1284 26.9157 6.04142
vn -1.00395e-012 3.38699e-015 1
vt 0.0367223 0.0450805
v 42.4289 26.65 6.04142
vn -1.00395e-012 3.38699e-015 1
vt 0.0534184 0.0303244
v 42.1287 27.9242 6.04142
vn -1.00395e-012 3.38699e-015 1
vt 0.0367426 0.101112
v 42.1284 26.9157 6.04142
vn -1.00395e-012 3.38699e-015 1
vt 0.0367223 0.0450805
v 42.1409 27.6954 6.04142
vn -1.00395e-012 3.38699e-015 1
vt 0.0374197 0.0884021
v 42.1236 28.0212 6.04142
vn -1.00395e-012 3.38699e-015 1
vt 0.0364556 0.106499
v 42.1284 26.9157 6.04142
vn -1.00395e-012 3.38699e-015 1
vt 0.0367223 0.0450805
v 42.1287 27.9242 6.04142
vn -1.00395e-012 3.38699e-015 1
vt 0.0367426 0.101112
v 42.0143 28.0881 6.04142
vn -1.00395e-012 3.38699e-015 1
vt 0.0303836 0.110217
v 42.1284 26.9157 6.04142
vn -1.00395e-012 3.38699e-015 1
vt 0.0367223 0.0450805
v 42.1236 28.0212 6.04142
vn -1.00395e-012 3.38699e-015 1
vt 0.0364556 0.106499
v 42.0143 27.7603 6.04142
vn -1.00395e-012 3.38699e-015 1
vt 0.0303836 0.0920075
v 42.1284 26.9157 6.04142
vn -1.00395e-012 3.38699e-015 1
vt 0.0367223 0.0450805
v 42.0143 28.0881 6.04142
vn -1.00395e-012 3.38699e-015 1
vt 0.0303836 0.110217
v 42.0115 27.7391 6.04142
vn -1.00395e-012 3.38699e-015 1
vt 0.0302285 0.0908292
v 42.1284 26.9157 6.04142
vn -1.00395e-012 3.38699e-015 1
vt 0.0367223 0.0450805
v 42.0143 27.7603 6.04142
vn -1.00395e-012 3.38699e-015 1
vt 0.0303836 0.0920075
v 42.0033 27.7194 6.04142
vn -1.00395e-012 3.38699e-015 1
vt 0.0297737 0.0897313
v 42.1284 26.9157 6.04142
vn -1.00395e-012 3.38699e-015 1
vt 0.0367223 0.0450805
v 42.0115 27.7391 6.04142
vn -1.00395e-012 3.38699e-015 1
vt 0.0302285 0.0908292
v 41.9903 27.7024 6.04142
vn -1.00395e-012 3.38699e-015 1
vt 0.0290503 0.0887885
v 42.1284 26.9157 6.04142
vn -1.00395e-012 3.38699e-015 1
vt 0.0367223 0.0450805
v 42.0033 27.7194 6.04142
vn -1.00395e-012 3.38699e-015 1
vt 0.0297737 0.0897313
v 41.9733 27.6894 6.04142
vn -1.00395e-012 3.38699e-015 1
vt 0.0281075 0.0880651
v 42.1284 26.9157 6.04142
vn -1.00395e-012 3.38699e-015 1
vt 0.0367223 0.0450805
v 41.9903 27.7024 6.04142
vn -1.00395e-012 3.38699e-015 1
vt 0.0290503 0.0887885
v 41.9535 27.6812 6.04142
vn -1.00395e-012 3.38699e-015 1
vt 0.0270096 0.0876103
v 42.1284 26.9157 6.04142
vn -1.00395e-012 3.38699e-015 1
vt 0.0367223 0.0450805
v 41.9733 27.6894 6.04142
vn -1.00395e-012 3.38699e-015 1
vt 0.0281075 0.0880651
v 41.9323 27.6784 6.04142
vn -1.00395e-012 3.38699e-015 1
vt 0.0258313 0.0874552
v 42.1284 26.9157 6.04142
vn -1.00395e-012 3.38699e-015 1
vt 0.0367223 0.0450805
v 41.9535 27.6812 6.04142
vn -1.00395e-012 3.38699e-015 1
vt 0.0270096 0.0876103
v 41.9111 27.6812 6.04142
vn -1.00395e-012 3.38699e-015 1
vt 0.0246531 0.0876103
v 42.1284 26.9157 6.04142
vn -1.00395e-012 3.38699e-015 1
vt 0.0367223 0.0450805
v 41.9323 27.6784 6.04142
vn -1.00395e-012 3.38699e-015 1
vt 0.0258313 0.0874552
v 41.9111 27.6812 6.04142
vn -1.00395e-012 3.38699e-015 1
vt 0.0246531 0.0876103
v 41.9068 27.25 6.04142
vn -1.00395e-012 3.38699e-015 1
vt 0.0244143 0.063655
v 42.1284 26.9157 6.04142
vn -1.00395e-012 3.38699e-015 1
vt 0.0367223 0.0450805
v 41.8914 27.6894 6.04142
vn -1.00395e-012 3.38699e-015 1
vt 0.0235552 0.0880651
v 41.9068 27.25 6.04142
vn -1.00395e-012 3.38699e-015 1
vt 0.0244143 0.063655
v 41.9111 27.6812 6.04142
vn -1.00395e-012 3.38699e-015 1
vt 0.0246531 0.0876103
v 41.8744 27.7024 6.04142
vn -1.00395e-012 3.38699e-015 1
vt 0.0226124 0.0887885
v 41.9068 27.25 6.04142
vn -1.00395e-012 3.38699e-015 1
vt 0.0244143 0.063655
v 41.8914 27.6894 6.04142
vn -1.00395e-012 3.38699e-015 1
vt 0.0235552 0.0880651
v 41.8614 27.7194 6.04142
vn -1.00395e-012 3.38699e-015 1
vt 0.0218889 0.0897313
v 41.9068 27.25 6.04142
vn -1.00395e-012 3.38699e-015 1
vt 0.0244143 0.063655
v 41.8744 27.7024 6.04142
vn -1.00395e-012 3.38699e-015 1
vt 0.0226124 0.0887885
v 41.8532 27.7391 6.04142
vn -1.00395e-012 3.38699e-015 1
vt 0.0214342 0.0908292
v 41.9068 27.25 6.04142
vn -1.00395e-012 3.38699e-015 1
vt 0.0244143 0.063655
v 41.8614 27.7194 6.04142
vn -1.00395e-012 3.38699e-015 1
vt 0.0218889 0.0897313
v 41.8504 27.7603 6.04142
vn -1.00395e-012 3.38699e-015 1
vt 0.021279 0.0920075
v 41.9068 27.25 6.04142
vn -1.00395e-012 3.38699e-015 1
vt 0.0244143 0.063655
v 41.8532 27.7391 6.04142
vn -1.00395e-012 3.38699e-015 1
vt 0.0214342 0.0908292
v 41.8504 27.7603 6.04142
vn -1.00395e-012 3.38699e-015 1
vt 0.021279 0.0920075
v 41.7794 27.6303 6.04142
vn -1.00395e-012 3.38699e-015 1
vt 0.0173331 0.0847822
v 41.9068 27.25 6.04142
vn -1.00395e-012 3.38699e-015 1
vt 0.0244143 0.063655
v 41.8344 28.4237 6.04142
vn -1.00395e-012 3.38699e-015 1
vt 0.0203924 0.128859
v 41.7794 27.6303 6.04142
vn -1.00395e-012 3.38699e-015 1
vt 0.0173331 0.0847822
v 41.8504 27.7603 6.04142
vn -1.00395e-012 3.38699e-015 1
vt 0.021279 0.0920075
v 41.7794 27.6303 6.04142
vn -1.00395e-012 3.38699e-015 1
vt 0.0173331 0.0847822
v 41.8344 28.4237 6.04142
vn -1.00395e-012 3.38699e-015 1
vt 0.0203924 0.128859
v 41.7547 28.0306 6.04142
vn -1.00395e-012 3.38699e-015 1
vt 0.0159613 0.107022
v 42.7611 26.3931 5.5088
vn 0.321235 0.934503 -0.153339
vt 0.0672448 0.0169383
v 42.7879 26.4713 6.04142
vn 0.321235 0.934503 -0.153339
vt 0.0678441 0.0468764
v 43.1753 26.3091 5.5088
vn 0.0684224 0.985802 -0.153339
vt 0.0907257 0.0169383
v 43.181 26.3915 6.04142
vn 0.0684224 0.985802 -0.153339
vt 0.0901264 0.0468764
v 43.1753 26.3091 5.5088
vn 0.0684224 0.985802 -0.153339
vt 0.0907257 0.0169383
v 42.7879 26.4713 6.04142
vn 0.321235 0.934503 -0.153339
vt 0.0678441 0.0468764
v 42.7879 26.4713 6.04142
vn -0.321235 -0.934503 0.153339
vt 0.0678441 0.0468764
v 43.1753 26.3091 5.5088
vn -0.0684224 -0.985802 0.153339
vt 0.0907257 0.0169383
v 43.181 26.3915 6.04142
vn -0.0684224 -0.985802 0.153339
vt 0.0901264 0.0468764
v 43.1753 26.3091 5.5088
vn -0.0684224 -0.985802 0.153339
vt 0.0907257 0.0169383
v 42.7879 26.4713 6.04142
vn -0.321235 -0.934503 0.153339
vt 0.0678441 0.0468764
v 42.7611 26.3931 5.5088
vn -0.321235 -0.934503 0.153339
vt 0.0672448 0.0169383
v 43.1753 26.3091 5.5088
vn -0.0693624 -0.989053 -0.13024
vt -0.0954047 0.0116933
v 43.5971 26.3351 5.5088
vn 0.188987 -0.973304 -0.13024
vt -0.118886 0.0116933
v 43.1753 26.307 5.52471
vn -0.0674479 -0.962979 -0.261003
vt -0.0953975 0.0125845
v 43.1753 26.307 5.52471
vn 0.0674479 0.962979 0.261003
vt -0.0953975 0.0125845
v 43.5971 26.3351 5.5088
vn -0.188987 0.973304 0.13024
vt -0.118886 0.0116933
v 43.1753 26.3091 5.5088
vn 0.0693624 0.989053 0.13024
vt -0.0954047 0.0116933
v 41.7547 28.0306 6.04142
vn 0.985802 -0.0684224 -0.153339
vt -0.108059 0.0407615
v 41.6722 28.0363 5.5088
vn 0.985802 -0.0684224 -0.153339
vt -0.107459 0.0108234
v 41.8344 28.4237 6.04142
vn 0.934503 -0.321235 -0.153339
vt -0.130341 0.0407615
v 41.7563 28.4505 5.5088
vn 0.934503 -0.321235 -0.153339
vt -0.13094 0.0108234
v 41.8344 28.4237 6.04142
vn 0.934503 -0.321235 -0.153339
vt -0.130341 0.0407615
v 41.6722 28.0363 5.5088
vn 0.985802 -0.0684224 -0.153339
vt -0.107459 0.0108234
v 41.6722 28.0363 5.5088
vn -0.985802 0.0684224 0.153339
vt -0.107459 0.0108234
v 41.8344 28.4237 6.04142
vn -0.934503 0.321235 0.153339
vt -0.130341 0.0407615
v 41.7563 28.4505 5.5088
vn -0.934503 0.321235 0.153339
vt -0.13094 0.0108234
v 41.8344 28.4237 6.04142
vn -0.934503 0.321235 0.153339
vt -0.130341 0.0407615
v 41.6722 28.0363 5.5088
vn -0.985802 0.0684224 0.153339
vt -0.107459 0.0108234
v 41.7547 28.0306 6.04142
vn -0.985802 0.0684224 0.153339
vt -0.108059 0.0407615
v 42.2246 29.1456 5.5088
vn 0.648685 -0.745449 -0.153339
vt -0.128398 -0.00551076
v 42.5769 29.379 5.5088
vn 0.433646 -0.887941 -0.153339
vt -0.151879 -0.00551076
v 42.2788 29.0832 6.04142
vn 0.648685 -0.745449 -0.153339
vt -0.128997 0.0244273
v 42.6132 29.3048 6.04142
vn 0.433646 -0.887941 -0.153339
vt -0.151279 0.0244273
v 42.2788 29.0832 6.04142
vn 0.648685 -0.745449 -0.153339
vt -0.128997 0.0244273
v 42.5769 29.379 5.5088
vn 0.433646 -0.887941 -0.153339
vt -0.151879 -0.00551076
v 42.5769 29.379 5.5088
vn -0.433646 0.887941 0.153339
vt -0.151879 -0.00551076
v 42.2788 29.0832 6.04142
vn -0.648685 0.745449 0.153339
vt -0.128997 0.0244273
v 42.6132 29.3048 6.04142
vn -0.433646 0.887941 0.153339
vt -0.151279 0.0244273
v 42.2788 29.0832 6.04142
vn -0.648685 0.745449 0.153339
vt -0.128997 0.0244273
v 42.5769 29.379 5.5088
vn -0.433646 0.887941 0.153339
vt -0.151879 -0.00551076
v 42.2246 29.1456 5.5088
vn -0.648685 0.745449 0.153339
vt -0.128398 -0.00551076
v 42.0132 28.7827 6.04142
vn 0.819518 -0.552157 -0.153339
vt -0.131582 0.0300898
v 41.9447 28.8289 5.5088
vn 0.819518 -0.552157 -0.153339
vt -0.130982 0.000151747
v 42.2788 29.0832 6.04142
vn 0.648685 -0.745449 -0.153339
vt -0.153864 0.0300898
v 42.2246 29.1456 5.5088
vn 0.648685 -0.745449 -0.153339
vt -0.154463 0.000151747
v 42.2788 29.0832 6.04142
vn 0.648685 -0.745449 -0.153339
vt -0.153864 0.0300898
v 41.9447 28.8289 5.5088
vn 0.819518 -0.552157 -0.153339
vt -0.130982 0.000151747
v 41.9447 28.8289 5.5088
vn -0.819518 0.552157 0.153339
vt -0.130982 0.000151747
v 42.2788 29.0832 6.04142
vn -0.648685 0.745449 0.153339
vt -0.153864 0.0300898
v 42.2246 29.1456 5.5088
vn -0.648685 0.745449 0.153339
vt -0.154463 0.000151747
v 42.2788 29.0832 6.04142
vn -0.648685 0.745449 0.153339
vt -0.153864 0.0300898
v 41.9447 28.8289 5.5088
vn -0.819518 0.552157 0.153339
vt -0.130982 0.000151747
v 42.0132 28.7827 6.04142
vn -0.819518 0.552157 0.153339
vt -0.131582 0.0300898
v 41.8344 28.4237 6.04142
vn 0.934503 -0.321235 -0.153339
vt -0.12444 0.0356611
v 41.7563 28.4505 5.5088
vn 0.934503 -0.321235 -0.153339
vt -0.123841 0.00572303
v 42.0132 28.7827 6.04142
vn 0.819518 -0.552157 -0.153339
vt -0.146722 0.0356611
v 41.9447 28.8289 5.5088
vn 0.819518 -0.552157 -0.153339
vt -0.147322 0.00572303
v 42.0132 28.7827 6.04142
vn 0.819518 -0.552157 -0.153339
vt -0.146722 0.0356611
v 41.7563 28.4505 5.5088
vn 0.934503 -0.321235 -0.153339
vt -0.123841 0.00572303
v 41.7563 28.4505 5.5088
vn -0.934503 0.321235 0.153339
vt -0.123841 0.00572303
v 42.0132 28.7827 6.04142
vn -0.819518 0.552157 0.153339
vt -0.146722 0.0356611
v 41.9447 28.8289 5.5088
vn -0.819518 0.552157 0.153339
vt -0.147322 0.00572303
v 42.0132 28.7827 6.04142
vn -0.819518 0.552157 0.153339
vt -0.146722 0.0356611
v 41.7563 28.4505 5.5088
vn -0.934503 0.321235 0.153339
vt -0.123841 0.00572303
v 41.8344 28.4237 6.04142
vn -0.934503 0.321235 0.153339
vt -0.12444 0.0356611
v 44.8939 28.2386 5.55226
vn 0.689485 0.134458 -0.711711
vt -0.0516541 0.182121
v 44.7688 28.6501 5.56203
vn 0.442379 0.216688 -0.870257
vt -0.0755351 0.183011
v 44.9062 28.2419 5.56203
vn 0.483388 0.0948086 -0.870257
vt -0.0516096 0.183011
v 44.9062 28.2419 5.56203
vn -0.483388 -0.0948086 0.870257
vt -0.0516096 0.183011
v 44.7688 28.6501 5.56203
vn -0.442379 -0.216688 0.870257
vt -0.0755351 0.183011
v 44.8939 28.2386 5.55226
vn -0.689485 -0.134458 0.711711
vt -0.0516541 0.182121
v 44.201 29.2825 5.55226
vn 0.39238 0.582623 -0.71175
vt 0.0575358 0.188017
v 43.8217 29.485 5.56203
vn 0.159721 0.466005 -0.870246
vt 0.0336548 0.188907
v 44.2074 29.2936 5.56203
vn 0.274767 0.408847 -0.870257
vt 0.0575803 0.188907
v 44.2074 29.2936 5.56203
vn -0.274767 -0.408847 0.870257
vt 0.0575803 0.188907
v 43.8217 29.485 5.56203
vn -0.159721 -0.466005 0.870246
vt 0.0336548 0.188907
v 44.201 29.2825 5.55226
vn -0.39238 -0.582623 0.71175
vt 0.0575358 0.188017
v 44.5215 28.9998 5.55226
vn 0.529785 0.461292 -0.711715
vt 0.0209057 0.193716
v 44.2074 29.2936 5.56203
vn 0.274767 0.408847 -0.870257
vt -0.00297541 0.194606
v 44.5305 29.0088 5.56203
vn 0.371222 0.323801 -0.870257
vt 0.0209501 0.194606
v 44.5305 29.0088 5.56203
vn -0.371222 -0.323801 0.870257
vt 0.0209501 0.194606
v 44.2074 29.2936 5.56203
vn -0.274767 -0.408847 0.870257
vt -0.00297541 0.194606
v 44.5215 28.9998 5.55226
vn -0.529785 -0.461292 0.711715
vt 0.0209057 0.193716
v 44.7578 28.6437 5.55226
vn 0.631192 0.308407 -0.711676
vt -0.016337 0.191705
v 44.5305 29.0088 5.56203
vn 0.371222 0.323801 -0.870257
vt -0.0402181 0.192595
v 44.7688 28.6501 5.56203
vn 0.442379 0.216688 -0.870257
vt -0.0162925 0.192595
v 44.7688 28.6501 5.56203
vn -0.442379 -0.216688 0.870257
vt -0.0162925 0.192595
v 44.5305 29.0088 5.56203
vn -0.371222 -0.323801 0.870257
vt -0.0402181 0.192595
v 44.7578 28.6437 5.55226
vn -0.631192 -0.308407 0.711676
vt -0.016337 0.191705
v 43.3995 29.5574 5.55226
vn 0.0484868 0.700683 -0.711823
vt 0.0673159 0.173994
v 43.3995 29.5701 5.56203
vn 0.0335308 0.49148 -0.870243
vt 0.0671762 0.174875
v 43.8217 29.485 5.56203
vn 0.159721 0.466005 -0.870246
vt 0.0911017 0.174875
v 43.8217 29.485 5.56203
vn -0.159721 -0.466005 0.870246
vt 0.0911017 0.174875
v 43.3995 29.5701 5.56203
vn -0.0335308 -0.49148 0.870243
vt 0.0671762 0.174875
v 43.3995 29.5574 5.55226
vn -0.0484868 -0.700683 0.711823
vt 0.0673159 0.173994
v 42.973 29.5308 5.55226
vn -0.134515 0.689357 -0.711823
vt 0.0953465 0.155592
v 43.3995 29.5701 5.56203
vn 0.0335308 0.49148 -0.870243
vt 0.119132 0.156482
v 43.3995 29.5574 5.55226
vn 0.0484868 0.700683 -0.711823
vt 0.119088 0.155592
v 43.3995 29.5574 5.55226
vn -0.0484868 -0.700683 0.711823
vt 0.119088 0.155592
v 43.3995 29.5701 5.56203
vn -0.0335308 -0.49148 0.870243
vt 0.119132 0.156482
v 42.973 29.5308 5.55226
vn 0.134515 -0.689357 0.711823
vt 0.0953465 0.155592
v 43.3995 29.5476 5.53953
vn 0.0575331 0.7921 -0.607674
vt 0.118978 0.122136
v 42.9755 29.5213 5.53953
vn -0.149438 0.78 -0.607674
vt 0.0953783 0.122136
v 42.973 29.5308 5.55226
vn -0.134515 0.689357 -0.711823
vt 0.0952706 0.123021
v 42.973 29.5308 5.55226
vn 0.134515 -0.689357 0.711823
vt 0.0952706 0.123021
v 42.9755 29.5213 5.53953
vn 0.149438 -0.78 0.607674
vt 0.0953783 0.122136
v 43.3995 29.5476 5.53953
vn -0.0575331 -0.7921 0.607674
vt 0.118978 0.122136
v 43.3995 29.5415 5.52471
vn 0.0674509 0.962992 -0.260955
vt 0.118909 0.0816194
v 42.9771 29.5154 5.52471
vn -0.184088 0.947636 -0.260955
vt 0.095398 0.0816194
v 42.9755 29.5213 5.53953
vn -0.178911 0.906669 -0.382024
vt 0.0953302 0.0825081
v 42.9755 29.5213 5.53953
vn 0.178911 -0.906669 0.382024
vt 0.0953302 0.0825081
v 42.9771 29.5154 5.52471
vn 0.184088 -0.947636 0.260955
vt 0.095398 0.0816194
v 43.3995 29.5415 5.52471
vn -0.0674509 -0.962992 0.260955
vt 0.118909 0.0816194
v 42.9776 29.5134 5.5088
vn -0.188988 0.973312 -0.130184
vt 0.139757 0.0323326
v 42.5758 29.3809 5.52471
vn -0.423082 0.867701 -0.260955
vt 0.116253 0.0332239
v 42.9771 29.5154 5.52471
vn -0.184088 0.947636 -0.260955
vt 0.139765 0.0332239
v 42.9771 29.5154 5.52471
vn 0.184088 -0.947636 0.260955
vt 0.139765 0.0332239
v 42.5758 29.3809 5.52471
vn 0.423082 -0.867701 0.260955
vt 0.116253 0.0332239
v 42.9776 29.5134 5.5088
vn 0.188988 -0.973312 0.130184
vt 0.139757 0.0323326
v 42.9776 29.5134 5.5088
vn -0.188988 0.973312 -0.130184
vt 0.139744 0.0319833
v 42.5769 29.379 5.5088
vn -0.43446 0.891233 -0.130184
vt 0.116263 0.0319833
v 42.5758 29.3809 5.52471
vn -0.423082 0.867701 -0.260955
vt 0.11624 0.0328743
v 42.5758 29.3809 5.52471
vn 0.423082 -0.867701 0.260955
vt 0.11624 0.0328743
v 42.5769 29.379 5.5088
vn 0.43446 -0.891233 0.130184
vt 0.116263 0.0319833
v 42.9776 29.5134 5.5088
vn 0.188988 -0.973312 0.130184
vt 0.139744 0.0319833
v 43.1753 26.307 5.52471
vn -0.0674479 -0.962979 -0.261003
vt -0.095398 0.0126022
v 43.5971 26.3351 5.5088
vn 0.188987 -0.973304 -0.13024
vt -0.118886 0.0117112
v 43.5977 26.3331 5.52471
vn 0.184088 -0.947623 -0.261003
vt -0.118909 0.0126022
v 43.5977 26.3331 5.52471
vn -0.184088 0.947623 0.261003
vt -0.118909 0.0126022
v 43.5971 26.3351 5.5088
vn -0.188987 0.973304 0.13024
vt -0.118886 0.0117112
v 43.1753 26.307 5.52471
vn 0.0674479 0.962979 0.261003
vt -0.095398 0.0126022
v 43.1753 26.3008 5.53953
vn -0.0618556 -0.922141 -0.381877
vt -0.0953783 0.0112899
v 43.5977 26.3331 5.52471
vn 0.184088 -0.947623 -0.261003
vt -0.118911 0.0104012
v 43.5993 26.3271 5.53953
vn 0.17892 -0.906729 -0.381877
vt -0.118978 0.0112899
v 43.5993 26.3271 5.53953
vn -0.17892 0.906729 0.381877
vt -0.118978 0.0112899
v 43.5977 26.3331 5.52471
vn -0.184088 0.947623 0.261003
vt -0.118911 0.0104012
v 43.1753 26.3008 5.53953
vn 0.0618556 0.922141 0.381877
vt -0.0953783 0.0112899
v 43.5993 26.3271 5.53953
vn 0.149425 -0.779879 -0.607833
vt -0.116226 0.0270648
v 44.002 26.4623 5.53953
vn 0.346181 -0.714631 -0.607833
vt -0.139826 0.0270648
v 43.6018 26.3177 5.55226
vn 0.134442 -0.689489 -0.711709
vt -0.116192 0.0279555
v 43.6018 26.3177 5.55226
vn -0.134442 0.689489 0.711709
vt -0.116192 0.0279555
v 44.002 26.4623 5.53953
vn -0.346181 0.714631 0.607833
vt -0.139826 0.0270648
v 43.5993 26.3271 5.53953
vn -0.149425 0.779879 0.607833
vt -0.116226 0.0270648
v 44.002 26.4623 5.53953
vn 0.346181 -0.714631 -0.607833
vt -0.128348 0.0485316
v 44.356 26.697 5.53953
vn 0.519345 -0.600683 -0.607833
vt -0.151948 0.0485316
v 44.0069 26.4538 5.55226
vn 0.308381 -0.631121 -0.711749
vt -0.128314 0.0494223
v 44.0069 26.4538 5.55226
vn -0.308381 0.631121 0.711749
vt -0.128314 0.0494223
v 44.356 26.697 5.53953
vn -0.519345 0.600683 0.607833
vt -0.151948 0.0485316
v 44.002 26.4623 5.53953
vn -0.346181 0.714631 0.607833
vt -0.128348 0.0485316
v 44.3629 26.6901 5.55226
vn 0.461219 -0.529802 -0.711749
vt -0.130886 0.0720653
v 44.356 26.697 5.53953
vn 0.519345 -0.600683 -0.607833
vt -0.13092 0.0711746
v 44.6372 27.0154 5.53953
vn 0.657255 -0.445695 -0.60776
vt -0.15452 0.0711746
v 44.6372 27.0154 5.53953
vn -0.657255 0.445695 0.60776
vt -0.15452 0.0711746
v 44.356 26.697 5.53953
vn -0.519345 0.600683 0.607833
vt -0.13092 0.0711746
v 44.3629 26.6901 5.55226
vn -0.461219 0.529802 0.711749
vt -0.130886 0.0720653
v 44.9205 27.8121 5.55226
vn 0.700722 -0.0484026 -0.71179
vt -0.13108 0.113626
v 44.8264 27.3958 5.53953
vn 0.750219 -0.260583 -0.607674
vt -0.107372 0.112741
v 44.9108 27.8121 5.53953
vn 0.7921 -0.0575331 -0.607674
vt -0.130972 0.112741
v 44.9108 27.8121 5.53953
vn -0.7921 0.0575331 0.607674
vt -0.130972 0.112741
v 44.8264 27.3958 5.53953
vn -0.750219 0.260583 0.607674
vt -0.107372 0.112741
v 44.9205 27.8121 5.55226
vn -0.700722 0.0484026 0.71179
vt -0.13108 0.113626
v 44.8359 27.3932 5.55226
vn 0.664258 -0.228185 -0.711823
vt -0.147473 0.0934684
v 44.6372 27.0154 5.53953
vn 0.657255 -0.445695 -0.60776
vt -0.123765 0.0925837
v 44.8264 27.3958 5.53953
vn 0.750219 -0.260583 -0.607674
vt -0.147365 0.0925837
v 44.8264 27.3958 5.53953
vn -0.750219 0.260583 0.607674
vt -0.147365 0.0925837
v 44.6372 27.0154 5.53953
vn -0.657255 0.445695 0.60776
vt -0.123765 0.0925837
v 44.8359 27.3932 5.55226
vn -0.664258 0.228185 0.711823
vt -0.147473 0.0934684
v 44.8939 28.2386 5.55226
vn 0.689485 0.134458 -0.711711
vt -0.106484 0.164628
v 44.9062 28.2419 5.56203
vn 0.483388 0.0948086 -0.870257
vt -0.106625 0.165508
v 44.9205 27.8121 5.55226
vn 0.700722 -0.0484026 -0.71179
vt -0.0827431 0.164628
v 44.9205 27.8121 5.55226
vn -0.700722 0.0484026 0.71179
vt -0.0827431 0.164628
v 44.9062 28.2419 5.56203
vn -0.483388 -0.0948086 0.870257
vt -0.106625 0.165508
v 44.8939 28.2386 5.55226
vn -0.689485 -0.134458 0.711711
vt -0.106484 0.164628
v 44.9062 28.2419 5.56203
vn 0.483388 0.0948086 -0.870257
vt -0.10652 0.188533
v 44.9205 28.2458 5.56817
vn 0.244329 0.0484638 -0.968481
vt -0.106683 0.189409
v 44.9333 27.8121 5.56203
vn 0.49147 -0.0333955 -0.870254
vt -0.0825944 0.188533
v 44.9333 27.8121 5.56203
vn -0.49147 0.0333955 0.870254
vt -0.0825944 0.188533
v 44.9205 28.2458 5.56817
vn -0.244329 -0.0484638 0.968481
vt -0.106683 0.189409
v 44.9062 28.2419 5.56203
vn -0.483388 -0.0948086 0.870257
vt -0.10652 0.188533
v 44.9205 28.2458 5.56817
vn 0.244329 0.0484638 -0.968481
vt -0.106562 0.19934
v 44.9359 28.2499 5.57026
vn -0.010901 -0.00143499 -0.99994
vt -0.106736 0.200214
v 44.9481 27.8121 5.56817
vn 0.24857 -0.016353 -0.968476
vt -0.0824222 0.19934
v 44.9481 27.8121 5.56817
vn -0.24857 0.016353 0.968476
vt -0.0824222 0.19934
v 44.9359 28.2499 5.57026
vn 0.010901 0.00143499 0.99994
vt -0.106736 0.200214
v 44.9205 28.2458 5.56817
vn -0.244329 -0.0484638 0.968481
vt -0.106562 0.19934
v 42.3827 26.5815 5.5088
vn 0.552157 0.819518 -0.153339
vt 0.0337022 0.0194292
v 42.4289 26.65 6.04142
vn 0.552157 0.819518 -0.153339
vt 0.0343016 0.0493673
v 42.7611 26.3931 5.5088
vn 0.321235 0.934503 -0.153339
vt 0.0571832 0.0194292
v 42.7879 26.4713 6.04142
vn 0.321235 0.934503 -0.153339
vt 0.0565838 0.0493673
v 42.7611 26.3931 5.5088
vn 0.321235 0.934503 -0.153339
vt 0.0571832 0.0194292
v 42.4289 26.65 6.04142
vn 0.552157 0.819518 -0.153339
vt 0.0343016 0.0493673
v 42.4289 26.65 6.04142
vn -0.552157 -0.819518 0.153339
vt 0.0343016 0.0493673
v 42.7611 26.3931 5.5088
vn -0.321235 -0.934503 0.153339
vt 0.0571832 0.0194292
v 42.7879 26.4713 6.04142
vn -0.321235 -0.934503 0.153339
vt 0.0565838 0.0493673
v 42.7611 26.3931 5.5088
vn -0.321235 -0.934503 0.153339
vt 0.0571832 0.0194292
v 42.4289 26.65 6.04142
vn -0.552157 -0.819518 0.153339
vt 0.0343016 0.0493673
v 42.3827 26.5815 5.5088
vn -0.552157 -0.819518 0.153339
vt 0.0337022 0.0194292
v 41.6982 27.6145 5.5088
vn 0.969921 0.189053 -0.153339
vt -0.0829549 0.0151053
v 41.6722 28.0363 5.5088
vn 0.985802 -0.0684224 -0.153339
vt -0.106436 0.0151053
v 41.7794 27.6303 6.04142
vn 0.969921 0.189053 -0.153339
vt -0.0835542 0.0450434
v 41.7547 28.0306 6.04142
vn 0.985802 -0.0684224 -0.153339
vt -0.105837 0.0450434
v 41.7794 27.6303 6.04142
vn 0.969921 0.189053 -0.153339
vt -0.0835542 0.0450434
v 41.6722 28.0363 5.5088
vn 0.985802 -0.0684224 -0.153339
vt -0.106436 0.0151053
v 41.6722 28.0363 5.5088
vn -0.985802 0.0684224 0.153339
vt -0.106436 0.0151053
v 41.7794 27.6303 6.04142
vn -0.969921 -0.189053 0.153339
vt -0.0835542 0.0450434
v 41.7547 28.0306 6.04142
vn -0.985802 0.0684224 0.153339
vt -0.105837 0.0450434
v 41.7794 27.6303 6.04142
vn -0.969921 -0.189053 0.153339
vt -0.0835542 0.0450434
v 41.6722 28.0363 5.5088
vn -0.985802 0.0684224 0.153339
vt -0.106436 0.0151053
v 41.6982 27.6145 5.5088
vn -0.969921 -0.189053 0.153339
vt -0.0829549 0.0151053
v 41.8326 27.2137 5.5088
vn 0.887941 0.433646 -0.153339
vt -0.0519971 0.018277
v 41.6982 27.6145 5.5088
vn 0.969921 0.189053 -0.153339
vt -0.075478 0.018277
v 41.9068 27.25 6.04142
vn 0.887941 0.433646 -0.153339
vt -0.0525964 0.048215
v 41.7794 27.6303 6.04142
vn 0.969921 0.189053 -0.153339
vt -0.0748787 0.048215
v 41.9068 27.25 6.04142
vn 0.887941 0.433646 -0.153339
vt -0.0525964 0.048215
v 41.6982 27.6145 5.5088
vn 0.969921 0.189053 -0.153339
vt -0.075478 0.018277
v 41.6982 27.6145 5.5088
vn -0.969921 -0.189053 0.153339
vt -0.075478 0.018277
v 41.9068 27.25 6.04142
vn -0.887941 -0.433646 0.153339
vt -0.0525964 0.048215
v 41.7794 27.6303 6.04142
vn -0.969921 -0.189053 0.153339
vt -0.0748787 0.048215
v 41.9068 27.25 6.04142
vn -0.887941 -0.433646 0.153339
vt -0.0525964 0.048215
v 41.6982 27.6145 5.5088
vn -0.969921 -0.189053 0.153339
vt -0.075478 0.018277
v 41.8326 27.2137 5.5088
vn -0.887941 -0.433646 0.153339
vt -0.0519971 0.018277
v 42.066 26.8614 5.5088
vn 0.745449 0.648685 -0.153339
vt -0.0166956 0.0201221
v 41.8326 27.2137 5.5088
vn 0.887941 0.433646 -0.153339
vt -0.0401765 0.0201221
v 42.1284 26.9157 6.04142
vn 0.745449 0.648685 -0.153339
vt -0.0172949 0.0500602
v 41.9068 27.25 6.04142
vn 0.887941 0.433646 -0.153339
vt -0.0395772 0.0500602
v 42.1284 26.9157 6.04142
vn 0.745449 0.648685 -0.153339
vt -0.0172949 0.0500602
v 41.8326 27.2137 5.5088
vn 0.887941 0.433646 -0.153339
vt -0.0401765 0.0201221
v 41.8326 27.2137 5.5088
vn -0.887941 -0.433646 0.153339
vt -0.0401765 0.0201221
v 42.1284 26.9157 6.04142
vn -0.745449 -0.648685 0.153339
vt -0.0172949 0.0500602
v 41.9068 27.25 6.04142
vn -0.887941 -0.433646 0.153339
vt -0.0395772 0.0500602
v 42.1284 26.9157 6.04142
vn -0.745449 -0.648685 0.153339
vt -0.0172949 0.0500602
v 41.8326 27.2137 5.5088
vn -0.887941 -0.433646 0.153339
vt -0.0401765 0.0201221
v 42.066 26.8614 5.5088
vn -0.745449 -0.648685 0.153339
vt -0.0166956 0.0201221
v 42.066 26.8614 5.5088
vn 0.745449 0.648685 -0.153339
vt -0.00293717 0.0205152
v 42.1284 26.9157 6.04142
vn 0.745449 0.648685 -0.153339
vt -0.00233785 0.0504532
v 42.3827 26.5815 5.5088
vn 0.552157 0.819518 -0.153339
vt 0.0205438 0.0205152
v 42.4289 26.65 6.04142
vn 0.552157 0.819518 -0.153339
vt 0.0199444 0.0504532
v 42.3827 26.5815 5.5088
vn 0.552157 0.819518 -0.153339
vt 0.0205438 0.0205152
v 42.1284 26.9157 6.04142
vn 0.745449 0.648685 -0.153339
vt -0.00233785 0.0504532
v 42.1284 26.9157 6.04142
vn -0.745449 -0.648685 0.153339
vt -0.00233785 0.0504532
v 42.3827 26.5815 5.5088
vn -0.552157 -0.819518 0.153339
vt 0.0205438 0.0205152
v 42.4289 26.65 6.04142
vn -0.552157 -0.819518 0.153339
vt 0.0199444 0.0504532
v 42.3827 26.5815 5.5088
vn -0.552157 -0.819518 0.153339
vt 0.0205438 0.0205152
v 42.1284 26.9157 6.04142
vn -0.745449 -0.648685 0.153339
vt -0.00233785 0.0504532
v 42.066 26.8614 5.5088
vn -0.745449 -0.648685 0.153339
vt -0.00293717 0.0205152
v 42.7611 26.3931 5.5088
vn -0.322985 -0.9374 -0.13024
vt -0.0672448 0.00850074
v 43.1753 26.3091 5.5088
vn -0.0693624 -0.989053 -0.13024
vt -0.0907257 0.00850074
v 42.7605 26.3911 5.52471
vn -0.314387 -0.912709 -0.261003
vt -0.0672376 0.009392
v 42.7605 26.3911 5.52471
vn 0.314387 0.912709 0.261003
vt -0.0672376 0.009392
v 43.1753 26.3091 5.5088
vn 0.0693624 0.989053 0.13024
vt -0.0907257 0.00850074
v 42.7611 26.3931 5.5088
vn 0.322985 0.9374 0.13024
vt -0.0672448 0.00850074
v 42.7605 26.3911 5.52471
vn -0.314387 -0.912709 -0.261003
vt -0.0672403 0.00946614
v 43.1753 26.3091 5.5088
vn -0.0693624 -0.989053 -0.13024
vt -0.0907284 0.00857515
v 43.1753 26.307 5.52471
vn -0.0674479 -0.962979 -0.261003
vt -0.0907515 0.00946614
v 43.1753 26.307 5.52471
vn 0.0674479 0.962979 0.261003
vt -0.0907515 0.00946614
v 43.1753 26.3091 5.5088
vn 0.0693624 0.989053 0.13024
vt -0.0907284 0.00857515
v 42.7605 26.3911 5.52471
vn 0.314387 0.912709 0.261003
vt -0.0672403 0.00946614
v 41.6722 28.0363 5.5088
vn -0.989054 0.0694065 -0.130211
vt 0.107459 0.0137201
v 41.6701 28.0363 5.52471
vn -0.962974 0.0674686 -0.261017
vt 0.107436 0.0146111
v 41.7563 28.4505 5.5088
vn -0.937407 0.322988 -0.130184
vt 0.13094 0.0137201
v 41.7563 28.4505 5.5088
vn 0.937407 -0.322988 0.130184
vt 0.13094 0.0137201
v 41.6701 28.0363 5.52471
vn 0.962974 -0.0674686 0.261017
vt 0.107436 0.0146111
v 41.6722 28.0363 5.5088
vn 0.989054 -0.0694065 0.130211
vt 0.107459 0.0137201
v 42.5769 29.379 5.5088
vn -0.43446 0.891233 -0.130184
vt 0.151879 0.027466
v 42.2246 29.1456 5.5088
vn -0.650324 0.748419 -0.130184
vt 0.128398 0.027466
v 42.2231 29.1471 5.52471
vn -0.633243 0.728633 -0.260955
vt 0.128375 0.028357
v 42.2231 29.1471 5.52471
vn 0.633243 -0.728633 0.260955
vt 0.128375 0.028357
v 42.2246 29.1456 5.5088
vn 0.650324 -0.748419 0.130184
vt 0.128398 0.027466
v 42.5769 29.379 5.5088
vn 0.43446 -0.891233 0.130184
vt 0.151879 0.027466
v 41.9447 28.8289 5.5088
vn -0.82187 0.554601 -0.130184
vt 0.130982 0.0227008
v 41.9428 28.8299 5.52471
vn -0.80025 0.53991 -0.260955
vt 0.130959 0.0235918
v 42.2246 29.1456 5.5088
vn -0.650324 0.748419 -0.130184
vt 0.154463 0.0227008
v 42.2246 29.1456 5.5088
vn 0.650324 -0.748419 0.130184
vt 0.154463 0.0227008
v 41.9428 28.8299 5.52471
vn 0.80025 -0.53991 0.260955
vt 0.130959 0.0235918
v 41.9447 28.8289 5.5088
vn 0.82187 -0.554601 0.130184
vt 0.130982 0.0227008
v 41.7563 28.4505 5.5088
vn -0.937407 0.322988 -0.130184
vt 0.123841 0.0180123
v 41.7542 28.4511 5.52471
vn -0.912692 0.314448 -0.260991
vt 0.123818 0.0189033
v 41.9447 28.8289 5.5088
vn -0.82187 0.554601 -0.130184
vt 0.147322 0.0180123
v 41.9447 28.8289 5.5088
vn 0.82187 -0.554601 0.130184
vt 0.147322 0.0180123
v 41.7542 28.4511 5.52471
vn 0.912692 -0.314448 0.260991
vt 0.123818 0.0189033
v 41.7563 28.4505 5.5088
vn 0.937407 -0.322988 0.130184
vt 0.123841 0.0180123
v 44.9205 28.2458 5.56817
vn 0.244329 0.0484638 -0.968481
vt -0.0512847 0.220018
v 44.7954 28.6654 5.57026
vn -0.0101581 -0.00420747 -0.99994
vt -0.0755982 0.220907
v 44.9359 28.2499 5.57026
vn -0.010901 -0.00143499 -0.99994
vt -0.0512281 0.220907
v 44.9359 28.2499 5.57026
vn 0.010901 0.00143499 0.99994
vt -0.0512281 0.220907
v 44.7954 28.6654 5.57026
vn 0.0101581 0.00420747 0.99994
vt -0.0755982 0.220907
v 44.9205 28.2458 5.56817
vn -0.244329 -0.0484638 0.968481
vt -0.0512847 0.220018
v 44.9062 28.2419 5.56203
vn 0.483388 0.0948086 -0.870257
vt -0.0514771 0.208186
v 44.7817 28.6575 5.56817
vn 0.22346 0.110049 -0.968481
vt -0.0755649 0.209076
v 44.9205 28.2458 5.56817
vn 0.244329 0.0484638 -0.968481
vt -0.0514249 0.209076
v 44.9205 28.2458 5.56817
vn -0.244329 -0.0484638 0.968481
vt -0.0514249 0.209076
v 44.7817 28.6575 5.56817
vn -0.22346 -0.110049 0.968481
vt -0.0755649 0.209076
v 44.9062 28.2419 5.56203
vn -0.483388 -0.0948086 0.870257
vt -0.0514771 0.208186
v 44.7688 28.6501 5.56203
vn 0.442379 0.216688 -0.870257
vt -0.0755351 0.207709
v 44.7817 28.6575 5.56817
vn 0.22346 0.110049 -0.968481
vt -0.0756979 0.208585
v 44.9062 28.2419 5.56203
vn 0.483388 0.0948086 -0.870257
vt -0.0516096 0.207709
v 44.9062 28.2419 5.56203
vn -0.483388 -0.0948086 0.870257
vt -0.0516096 0.207709
v 44.7817 28.6575 5.56817
vn -0.22346 -0.110049 0.968481
vt -0.0756979 0.208585
v 44.7688 28.6501 5.56203
vn -0.442379 -0.216688 0.870257
vt -0.0755351 0.207709
v 43.8217 29.485 5.56203
vn 0.159721 0.466005 -0.870246
vt 0.0336548 0.21456
v 43.8255 29.4993 5.56817
vn 0.0802717 0.235829 -0.968474
vt 0.0334921 0.215436
v 44.2074 29.2936 5.56203
vn 0.274767 0.408847 -0.870257
vt 0.0575803 0.21456
v 44.2074 29.2936 5.56203
vn -0.274767 -0.408847 0.870257
vt 0.0575803 0.21456
v 43.8255 29.4993 5.56817
vn -0.0802717 -0.235829 0.968474
vt 0.0334921 0.215436
v 43.8217 29.485 5.56203
vn -0.159721 -0.466005 0.870246
vt 0.0336548 0.21456
v 44.2074 29.2936 5.56203
vn 0.274767 0.408847 -0.870257
vt -0.00297541 0.221182
v 44.2148 29.3064 5.56817
vn 0.138497 0.207035 -0.968481
vt -0.00313812 0.222058
v 44.5305 29.0088 5.56203
vn 0.371222 0.323801 -0.870257
vt 0.0209501 0.221182
v 44.5305 29.0088 5.56203
vn -0.371222 -0.323801 0.870257
vt 0.0209501 0.221182
v 44.2148 29.3064 5.56817
vn -0.138497 -0.207035 0.968481
vt -0.00313812 0.222058
v 44.2074 29.2936 5.56203
vn -0.274767 -0.408847 0.870257
vt -0.00297541 0.221182
v 44.5305 29.0088 5.56203
vn 0.371222 0.323801 -0.870257
vt -0.0402181 0.218845
v 44.541 29.0193 5.56817
vn 0.187363 0.164135 -0.968481
vt -0.0403808 0.219721
v 44.7688 28.6501 5.56203
vn 0.442379 0.216688 -0.870257
vt -0.0162925 0.218845
v 44.7688 28.6501 5.56203
vn -0.442379 -0.216688 0.870257
vt -0.0162925 0.218845
v 44.541 29.0193 5.56817
vn -0.187363 -0.164135 0.968481
vt -0.0403808 0.219721
v 44.5305 29.0088 5.56203
vn -0.371222 -0.323801 0.870257
vt -0.0402181 0.218845
v 43.8217 29.485 5.56203
vn 0.159721 0.466005 -0.870246
vt 0.0911017 0.199858
v 43.3995 29.5701 5.56203
vn 0.0335308 0.49148 -0.870243
vt 0.0671762 0.199858
v 43.8255 29.4993 5.56817
vn 0.0802717 0.235829 -0.968474
vt 0.0911535 0.200747
v 43.8255 29.4993 5.56817
vn -0.0802717 -0.235829 0.968474
vt 0.0911535 0.200747
v 43.3995 29.5701 5.56203
vn -0.0335308 -0.49148 0.870243
vt 0.0671762 0.199858
v 43.8217 29.485 5.56203
vn -0.159721 -0.466005 0.870246
vt 0.0911017 0.199858
v 42.973 29.5308 5.55226
vn -0.134515 0.689357 -0.711823
vt 0.0954441 0.15467
v 42.9697 29.543 5.56203
vn -0.094816 0.483412 -0.870243
vt 0.0953044 0.15555
v 43.3995 29.5701 5.56203
vn 0.0335308 0.49148 -0.870243
vt 0.11923 0.15555
v 43.3995 29.5701 5.56203
vn -0.0335308 -0.49148 0.870243
vt 0.11923 0.15555
v 42.9697 29.543 5.56203
vn 0.094816 -0.483412 0.870243
vt 0.0953044 0.15555
v 42.973 29.5308 5.55226
vn 0.134515 -0.689357 0.711823
vt 0.0954441 0.15467
v 42.9755 29.5213 5.53953
vn -0.149438 0.78 -0.607674
vt 0.139889 0.104482
v 42.5679 29.3946 5.55226
vn -0.308351 0.631053 -0.711823
vt 0.116181 0.105373
v 42.973 29.5308 5.55226
vn -0.134515 0.689357 -0.711823
vt 0.139922 0.105373
v 42.973 29.5308 5.55226
vn 0.134515 -0.689357 0.711823
vt 0.139922 0.105373
v 42.5679 29.3946 5.55226
vn 0.308351 -0.631053 0.711823
vt 0.116181 0.105373
v 42.9755 29.5213 5.53953
vn 0.149438 -0.78 0.607674
vt 0.139889 0.104482
v 42.9771 29.5154 5.52471
vn -0.184088 0.947636 -0.260955
vt 0.139804 0.0708337
v 42.5728 29.3862 5.53953
vn -0.407478 0.829469 -0.382024
vt 0.116226 0.0717247
v 42.9755 29.5213 5.53953
vn -0.178911 0.906669 -0.382024
vt 0.139826 0.0717247
v 42.9755 29.5213 5.53953
vn 0.178911 -0.906669 0.382024
vt 0.139826 0.0717247
v 42.5728 29.3862 5.53953
vn 0.407478 -0.829469 0.382024
vt 0.116226 0.0717247
v 42.9771 29.5154 5.52471
vn 0.184088 -0.947636 0.260955
vt 0.139804 0.0708337
v 42.9771 29.5154 5.52471
vn -0.184088 0.947636 -0.260955
vt 0.139765 0.0699743
v 42.5758 29.3809 5.52471
vn -0.423082 0.867701 -0.260955
vt 0.116253 0.0699743
v 42.5728 29.3862 5.53953
vn -0.407478 0.829469 -0.382024
vt 0.116186 0.070863
v 42.5728 29.3862 5.53953
vn 0.407478 -0.829469 0.382024
vt 0.116186 0.070863
v 42.5758 29.3809 5.52471
vn 0.423082 -0.867701 0.260955
vt 0.116253 0.0699743
v 42.9771 29.5154 5.52471
vn 0.184088 -0.947636 0.260955
vt 0.139765 0.0699743
v 42.5769 29.379 5.5088
vn -0.43446 0.891233 -0.130184
vt 0.151889 0.0277333
v 42.2231 29.1471 5.52471
vn -0.633243 0.728633 -0.260955
vt 0.128385 0.0286246
v 42.5758 29.3809 5.52471
vn -0.423082 0.867701 -0.260955
vt 0.151896 0.0286246
v 42.5758 29.3809 5.52471
vn 0.423082 -0.867701 0.260955
vt 0.151896 0.0286246
v 42.2231 29.1471 5.52471
vn 0.633243 -0.728633 0.260955
vt 0.128385 0.0286246
v 42.5769 29.379 5.5088
vn 0.43446 -0.891233 0.130184
vt 0.151889 0.0277333
v 43.1753 26.307 5.52471
vn -0.0674479 -0.962979 -0.261003
vt -0.095398 0.0103252
v 43.5977 26.3331 5.52471
vn 0.184088 -0.947623 -0.261003
vt -0.118909 0.0103252
v 43.1753 26.3008 5.53953
vn -0.0618556 -0.922141 -0.381877
vt -0.095377 0.0112163
v 43.1753 26.3008 5.53953
vn 0.0618556 0.922141 0.381877
vt -0.095377 0.0112163
v 43.5977 26.3331 5.52471
vn -0.184088 0.947623 0.261003
vt -0.118909 0.0103252
v 43.1753 26.307 5.52471
vn 0.0674479 0.962979 0.261003
vt -0.095398 0.0103252
v 43.1753 26.3008 5.53953
vn -0.0575143 -0.791979 -0.607833
vt -0.0953783 0.00823722
v 43.5993 26.3271 5.53953
vn 0.149425 -0.779879 -0.607833
vt -0.118978 0.00823722
v 43.1753 26.2911 5.55226
vn -0.0485078 -0.700831 -0.711676
vt -0.0953447 0.00912787
v 43.1753 26.2911 5.55226
vn 0.0485078 0.700831 0.711676
vt -0.0953447 0.00912787
v 43.5993 26.3271 5.53953
vn -0.149425 0.779879 0.607833
vt -0.118978 0.00823722
v 43.1753 26.3008 5.53953
vn 0.0575143 0.791979 0.607833
vt -0.0953783 0.00823722
v 43.1753 26.2911 5.55226
vn -0.0485078 -0.700831 -0.711676
vt -0.0953465 0.00926127
v 43.5993 26.3271 5.53953
vn 0.149425 -0.779879 -0.607833
vt -0.11898 0.00837648
v 43.6018 26.3177 5.55226
vn 0.134442 -0.689489 -0.711709
vt -0.119088 0.00926127
v 43.6018 26.3177 5.55226
vn -0.134442 0.689489 0.711709
vt -0.119088 0.00926127
v 43.5993 26.3271 5.53953
vn -0.149425 0.779879 0.607833
vt -0.11898 0.00837648
v 43.1753 26.2911 5.55226
vn 0.0485078 0.700831 0.711676
vt -0.0953465 0.00926127
v 43.6018 26.3177 5.55226
vn 0.134442 -0.689489 -0.711709
vt -0.116181 0.027879
v 44.002 26.4623 5.53953
vn 0.346181 -0.714631 -0.607833
vt -0.139815 0.0269943
v 44.0069 26.4538 5.55226
vn 0.308381 -0.631121 -0.711749
vt -0.139922 0.027879
v 44.0069 26.4538 5.55226
vn -0.308381 0.631121 0.711749
vt -0.139922 0.027879
v 44.002 26.4623 5.53953
vn -0.346181 0.714631 0.607833
vt -0.139815 0.0269943
v 43.6018 26.3177 5.55226
vn -0.134442 0.689489 0.711709
vt -0.116181 0.027879
v 44.0069 26.4538 5.55226
vn 0.308381 -0.631121 -0.711749
vt -0.128289 0.0491037
v 44.356 26.697 5.53953
vn 0.519345 -0.600683 -0.607833
vt -0.151923 0.0482189
v 44.3629 26.6901 5.55226
vn 0.461219 -0.529802 -0.711749
vt -0.15203 0.0491037
v 44.3629 26.6901 5.55226
vn -0.461219 0.529802 0.711749
vt -0.15203 0.0491037
v 44.356 26.697 5.53953
vn -0.519345 0.600683 0.607833
vt -0.151923 0.0482189
v 44.0069 26.4538 5.55226
vn -0.308381 0.631121 0.711749
vt -0.128289 0.0491037
v 44.3629 26.6901 5.55226
vn 0.461219 -0.529802 -0.711749
vt -0.130845 0.0714888
v 44.6372 27.0154 5.53953
vn 0.657255 -0.445695 -0.60776
vt -0.154479 0.070604
v 44.6457 27.0106 5.55226
vn 0.582634 -0.392294 -0.711789
vt -0.154587 0.0714888
v 44.6457 27.0106 5.55226
vn -0.582634 0.392294 0.711789
vt -0.154587 0.0714888
v 44.6372 27.0154 5.53953
vn -0.657255 0.445695 0.60776
vt -0.154479 0.070604
v 44.3629 26.6901 5.55226
vn -0.461219 0.529802 0.711749
vt -0.130845 0.0714888
v 44.6457 27.0106 5.55226
vn 0.582634 -0.392294 -0.711789
vt -0.123676 0.0943712
v 44.6372 27.0154 5.53953
vn 0.657255 -0.445695 -0.60776
vt -0.12371 0.0934805
v 44.8359 27.3932 5.55226
vn 0.664258 -0.228185 -0.711823
vt -0.147417 0.0943712
v 44.8359 27.3932 5.55226
vn -0.664258 0.228185 0.711823
vt -0.147417 0.0943712
v 44.6372 27.0154 5.53953
vn -0.657255 0.445695 0.60776
vt -0.12371 0.0934805
v 44.6457 27.0106 5.55226
vn -0.582634 0.392294 0.711789
vt -0.123676 0.0943712
v 44.8359 27.3932 5.55226
vn 0.664258 -0.228185 -0.711823
vt -0.107269 0.114758
v 44.8264 27.3958 5.53953
vn 0.750219 -0.260583 -0.607674
vt -0.107303 0.113867
v 44.9205 27.8121 5.55226
vn 0.700722 -0.0484026 -0.71179
vt -0.13101 0.114758
v 44.9205 27.8121 5.55226
vn -0.700722 0.0484026 0.71179
vt -0.13101 0.114758
v 44.8264 27.3958 5.53953
vn -0.750219 0.260583 0.607674
vt -0.107303 0.113867
v 44.8359 27.3932 5.55226
vn -0.664258 0.228185 0.711823
vt -0.107269 0.114758
v 44.9205 27.8121 5.55226
vn 0.700722 -0.0484026 -0.71179
vt -0.0826388 0.165617
v 44.9062 28.2419 5.56203
vn 0.483388 0.0948086 -0.870257
vt -0.10652 0.166507
v 44.9333 27.8121 5.56203
vn 0.49147 -0.0333955 -0.870254
vt -0.0825944 0.166507
v 44.9333 27.8121 5.56203
vn -0.49147 0.0333955 0.870254
vt -0.0825944 0.166507
v 44.9062 28.2419 5.56203
vn -0.483388 -0.0948086 0.870257
vt -0.10652 0.166507
v 44.9205 27.8121 5.55226
vn -0.700722 0.0484026 0.71179
vt -0.0826388 0.165617
v 44.9333 27.8121 5.56203
vn 0.49147 -0.0333955 -0.870254
vt -0.0824745 0.188976
v 44.9205 28.2458 5.56817
vn 0.244329 0.0484638 -0.968481
vt -0.106562 0.189866
v 44.9481 27.8121 5.56817
vn 0.24857 -0.016353 -0.968476
vt -0.0824222 0.189866
v 44.9481 27.8121 5.56817
vn -0.24857 0.016353 0.968476
vt -0.0824222 0.189866
v 44.9205 28.2458 5.56817
vn -0.244329 -0.0484638 0.968481
vt -0.106562 0.189866
v 44.9333 27.8121 5.56203
vn -0.49147 0.0333955 0.870254
vt -0.0824745 0.188976
v 44.9481 27.8121 5.56817
vn 0.24857 -0.016353 -0.968476
vt -0.0822953 0.199416
v 44.9359 28.2499 5.57026
vn -0.010901 -0.00143499 -0.99994
vt -0.106609 0.200306
v 44.964 27.8121 5.57026
vn -0.0108747 0.00142504 -0.99994
vt -0.0822387 0.200306
v 44.964 27.8121 5.57026
vn 0.0108747 -0.00142504 0.99994
vt -0.0822387 0.200306
v 44.9359 28.2499 5.57026
vn 0.010901 0.00143499 0.99994
vt -0.106609 0.200306
v 44.9481 27.8121 5.56817
vn -0.24857 0.016353 0.968476
vt -0.0822953 0.199416
v 44.9359 28.2499 5.57026
vn -0.010901 -0.00143499 -0.99994
vt 0.106609 -0.196041
v 44.9513 28.254 5.56817
vn -0.264529 -0.0515562 -0.962999
vt 0.106782 -0.196915
v 44.964 27.8121 5.57026
vn -0.0108747 0.00142504 -0.99994
vt 0.0822387 -0.196041
v 44.964 27.8121 5.57026
vn 0.0108747 -0.00142504 0.99994
vt 0.0822387 -0.196041
v 44.9513 28.254 5.56817
vn 0.264529 0.0515562 0.962999
vt 0.106782 -0.196915
v 44.9359 28.2499 5.57026
vn 0.010901 0.00143499 0.99994
vt 0.106609 -0.196041
v 42.3827 26.5815 5.5088
vn -0.554596 -0.821864 -0.13024
vt -0.0337022 0.00636654
v 42.7611 26.3931 5.5088
vn -0.322985 -0.9374 -0.13024
vt -0.0571832 0.00636654
v 42.3817 26.5797 5.52471
vn -0.539901 -0.80024 -0.261003
vt -0.0336951 0.00725781
v 42.3817 26.5797 5.52471
vn 0.539901 0.80024 0.261003
vt -0.0336951 0.00725781
v 42.7611 26.3931 5.5088
vn 0.322985 0.9374 0.13024
vt -0.0571832 0.00636654
v 42.3827 26.5815 5.5088
vn 0.554596 0.821864 0.13024
vt -0.0337022 0.00636654
v 41.6722 28.0363 5.5088
vn -0.989054 0.0694065 -0.130211
vt 0.106436 0.0100713
v 41.6982 27.6145 5.5088
vn -0.973304 -0.188987 -0.13024
vt 0.0829549 0.0100713
v 41.6701 28.0363 5.52471
vn -0.962974 0.0674686 -0.261017
vt 0.106443 0.0109625
v 41.6701 28.0363 5.52471
vn 0.962974 -0.0674686 0.261017
vt 0.106443 0.0109625
v 41.6982 27.6145 5.5088
vn 0.973304 0.188987 0.13024
vt 0.0829549 0.0100713
v 41.6722 28.0363 5.5088
vn 0.989054 -0.0694065 0.130211
vt 0.106436 0.0100713
v 41.8326 27.2137 5.5088
vn -0.891226 -0.434457 -0.13024
vt 0.0519971 0.00735382
v 41.6962 27.6139 5.52471
vn -0.947623 -0.184088 -0.261003
vt 0.0754851 0.00824508
v 41.6982 27.6145 5.5088
vn -0.973304 -0.188987 -0.13024
vt 0.075478 0.00735382
v 41.6982 27.6145 5.5088
vn 0.973304 0.188987 0.13024
vt 0.075478 0.00735382
v 41.6962 27.6139 5.52471
vn 0.947623 0.184088 0.261003
vt 0.0754851 0.00824508
v 41.8326 27.2137 5.5088
vn 0.891226 0.434457 0.13024
vt 0.0519971 0.00735382
v 42.066 26.8614 5.5088
vn -0.748413 -0.65032 -0.13024
vt 0.0166956 0.00577286
v 41.8307 27.2127 5.52471
vn -0.867688 -0.423078 -0.261003
vt 0.0401837 0.00666412
v 41.8326 27.2137 5.5088
vn -0.891226 -0.434457 -0.13024
vt 0.0401765 0.00577286
v 41.8326 27.2137 5.5088
vn 0.891226 0.434457 0.13024
vt 0.0401765 0.00577286
v 41.8307 27.2127 5.52471
vn 0.867688 0.423078 0.261003
vt 0.0401837 0.00666412
v 42.066 26.8614 5.5088
vn 0.748413 0.65032 0.13024
vt 0.0166956 0.00577286
v 42.066 26.8614 5.5088
vn -0.748413 -0.65032 -0.13024
vt 0.00293717 0.00543611
v 42.3827 26.5815 5.5088
vn -0.554596 -0.821864 -0.13024
vt -0.0205438 0.00543611
v 42.0645 26.8599 5.52471
vn -0.728622 -0.633236 -0.261003
vt 0.00294433 0.00632738
v 42.0645 26.8599 5.52471
vn 0.728622 0.633236 0.261003
vt 0.00294433 0.00632738
v 42.3827 26.5815 5.5088
vn 0.554596 0.821864 0.13024
vt -0.0205438 0.00543611
v 42.066 26.8614 5.5088
vn 0.748413 0.65032 0.13024
vt 0.00293717 0.00543611
v 42.3817 26.5797 5.52471
vn -0.539901 -0.80024 -0.261003
vt -0.0336992 0.00736954
v 42.7611 26.3931 5.5088
vn -0.322985 -0.9374 -0.13024
vt -0.0571873 0.00647855
v 42.7605 26.3911 5.52471
vn -0.314387 -0.912709 -0.261003
vt -0.0572104 0.00736954
v 42.7605 26.3911 5.52471
vn 0.314387 0.912709 0.261003
vt -0.0572104 0.00736954
v 42.7611 26.3931 5.5088
vn 0.322985 0.9374 0.13024
vt -0.0571873 0.00647855
v 42.3817 26.5797 5.52471
vn 0.539901 0.80024 0.261003
vt -0.0336992 0.00736954
v 42.7605 26.3911 5.52471
vn -0.314387 -0.912709 -0.261003
vt -0.0672403 0.00096204
v 43.1753 26.307 5.52471
vn -0.0674479 -0.962979 -0.261003
vt -0.0907515 0.00096204
v 42.7589 26.3852 5.53953
vn -0.298416 -0.87471 -0.381877
vt -0.0672193 0.00185308
v 42.7589 26.3852 5.53953
vn 0.298416 0.87471 0.381877
vt -0.0672193 0.00185308
v 43.1753 26.307 5.52471
vn 0.0674479 0.962979 0.261003
vt -0.0907515 0.00096204
v 42.7605 26.3911 5.52471
vn 0.314387 0.912709 0.261003
vt -0.0672403 0.00096204
v 41.7563 28.4505 5.5088
vn -0.937407 0.322988 -0.130184
vt 0.130941 0.0137385
v 41.6701 28.0363 5.52471
vn -0.962974 0.0674686 -0.261017
vt 0.107437 0.0146297
v 41.7542 28.4511 5.52471
vn -0.912692 0.314448 -0.260991
vt 0.130948 0.0146297
v 41.7542 28.4511 5.52471
vn 0.912692 -0.314448 0.260991
vt 0.130948 0.0146297
v 41.6701 28.0363 5.52471
vn 0.962974 -0.0674686 0.261017
vt 0.107437 0.0146297
v 41.7563 28.4505 5.5088
vn 0.937407 -0.322988 0.130184
vt 0.130941 0.0137385
v 42.2246 29.1456 5.5088
vn -0.650324 0.748419 -0.130184
vt 0.15447 0.0228817
v 41.9428 28.8299 5.52471
vn -0.80025 0.53991 -0.260955
vt 0.130966 0.0237729
v 42.2231 29.1471 5.52471
vn -0.633243 0.728633 -0.260955
vt 0.154478 0.0237729
v 42.2231 29.1471 5.52471
vn 0.633243 -0.728633 0.260955
vt 0.154478 0.0237729
v 41.9428 28.8299 5.52471
vn 0.80025 -0.53991 0.260955
vt 0.130966 0.0237729
v 42.2246 29.1456 5.5088
vn 0.650324 -0.748419 0.130184
vt 0.15447 0.0228817
v 41.9447 28.8289 5.5088
vn -0.82187 0.554601 -0.130184
vt 0.147326 0.0181083
v 41.7542 28.4511 5.52471
vn -0.912692 0.314448 -0.260991
vt 0.123821 0.0189996
v 41.9428 28.8299 5.52471
vn -0.80025 0.53991 -0.260955
vt 0.147333 0.0189996
v 41.9428 28.8299 5.52471
vn 0.80025 -0.53991 0.260955
vt 0.147333 0.0189996
v 41.7542 28.4511 5.52471
vn 0.912692 -0.314448 0.260991
vt 0.123821 0.0189996
v 41.9447 28.8289 5.5088
vn 0.82187 -0.554601 0.130184
vt 0.147326 0.0181083
v 44.9359 28.2499 5.57026
vn -0.010901 -0.00143499 -0.99994
vt 0.05109 -0.216771
v 44.8092 28.6734 5.56817
vn -0.242172 -0.118265 -0.962999
vt 0.0756331 -0.21766
v 44.9513 28.254 5.56817
vn -0.264529 -0.0515562 -0.962999
vt 0.0510328 -0.21766
v 44.9513 28.254 5.56817
vn 0.264529 0.0515562 0.962999
vt 0.0510328 -0.21766
v 44.8092 28.6734 5.56817
vn 0.242172 0.118265 0.962999
vt 0.0756331 -0.21766
v 44.9359 28.2499 5.57026
vn 0.010901 0.00143499 0.99994
vt 0.05109 -0.216771
v 44.7954 28.6654 5.57026
vn -0.0101581 -0.00420747 -0.99994
vt 0.0755982 -0.216636
v 44.8092 28.6734 5.56817
vn -0.242172 -0.118265 -0.962999
vt 0.0757718 -0.21751
v 44.9359 28.2499 5.57026
vn -0.010901 -0.00143499 -0.99994
vt 0.0512281 -0.216636
v 44.9359 28.2499 5.57026
vn 0.010901 0.00143499 0.99994
vt 0.0512281 -0.216636
v 44.8092 28.6734 5.56817
vn 0.242172 0.118265 0.962999
vt 0.0757718 -0.21751
v 44.7954 28.6654 5.57026
vn 0.0101581 0.00420747 0.99994
vt 0.0755982 -0.216636
v 44.7817 28.6575 5.56817
vn 0.22346 0.110049 -0.968481
vt -0.0755649 0.219954
v 44.7954 28.6654 5.57026
vn -0.0101581 -0.00420747 -0.99994
vt -0.0757389 0.220828
v 44.9205 28.2458 5.56817
vn 0.244329 0.0484638 -0.968481
vt -0.0514249 0.219954
v 44.9205 28.2458 5.56817
vn -0.244329 -0.0484638 0.968481
vt -0.0514249 0.219954
v 44.7954 28.6654 5.57026
vn 0.0101581 0.00420747 0.99994
vt -0.0757389 0.220828
v 44.7817 28.6575 5.56817
vn -0.22346 -0.110049 0.968481
vt -0.0755649 0.219954
v 44.7688 28.6501 5.56203
vn 0.442379 0.216688 -0.870257
vt -0.0161527 0.219332
v 44.541 29.0193 5.56817
vn 0.187363 0.164135 -0.968481
vt -0.0402405 0.220222
v 44.7817 28.6575 5.56817
vn 0.22346 0.110049 -0.968481
vt -0.0161005 0.220222
v 44.7817 28.6575 5.56817
vn -0.22346 -0.110049 0.968481
vt -0.0161005 0.220222
v 44.541 29.0193 5.56817
vn -0.187363 -0.164135 0.968481
vt -0.0402405 0.220222
v 44.7688 28.6501 5.56203
vn -0.442379 -0.216688 0.870257
vt -0.0161527 0.219332
v 44.2074 29.2936 5.56203
vn 0.274767 0.408847 -0.870257
vt 0.0577173 0.214994
v 43.8255 29.4993 5.56817
vn 0.0802717 0.235829 -0.968474
vt 0.0336295 0.215884
v 44.2148 29.3064 5.56817
vn 0.138497 0.207035 -0.968481
vt 0.0577695 0.215884
v 44.2148 29.3064 5.56817
vn -0.138497 -0.207035 0.968481
vt 0.0577695 0.215884
v 43.8255 29.4993 5.56817
vn -0.0802717 -0.235829 0.968474
vt 0.0336295 0.215884
v 44.2074 29.2936 5.56203
vn -0.274767 -0.408847 0.870257
vt 0.0577173 0.214994
v 44.5305 29.0088 5.56203
vn 0.371222 0.323801 -0.870257
vt 0.0210915 0.221654
v 44.2148 29.3064 5.56817
vn 0.138497 0.207035 -0.968481
vt -0.00299628 0.222544
v 44.541 29.0193 5.56817
vn 0.187363 0.164135 -0.968481
vt 0.0211437 0.222544
v 44.541 29.0193 5.56817
vn -0.187363 -0.164135 0.968481
vt 0.0211437 0.222544
v 44.2148 29.3064 5.56817
vn -0.138497 -0.207035 0.968481
vt -0.00299628 0.222544
v 44.5305 29.0088 5.56203
vn -0.371222 -0.323801 0.870257
vt 0.0210915 0.221654
v 43.3995 29.5701 5.56203
vn 0.0335308 0.49148 -0.870243
vt 0.0673032 0.199396
v 43.3995 29.5849 5.56817
vn 0.016428 0.248592 -0.968469
vt 0.067141 0.200272
v 43.8255 29.4993 5.56817
vn 0.0802717 0.235829 -0.968474
vt 0.091281 0.200272
v 43.8255 29.4993 5.56817
vn -0.0802717 -0.235829 0.968474
vt 0.091281 0.200272
v 43.3995 29.5849 5.56817
vn -0.016428 -0.248592 0.968469
vt 0.067141 0.200272
v 43.3995 29.5701 5.56203
vn -0.0335308 -0.49148 0.870243
vt 0.0673032 0.199396
v 42.9697 29.543 5.56203
vn -0.094816 0.483412 -0.870243
vt 0.0953044 0.177191
v 43.3995 29.5849 5.56817
vn 0.016428 0.248592 -0.968469
vt 0.119282 0.178081
v 43.3995 29.5701 5.56203
vn 0.0335308 0.49148 -0.870243
vt 0.11923 0.177191
v 43.3995 29.5701 5.56203
vn -0.0335308 -0.49148 0.870243
vt 0.11923 0.177191
v 43.3995 29.5849 5.56817
vn -0.016428 -0.248592 0.968469
vt 0.119282 0.178081
v 42.9697 29.543 5.56203
vn 0.094816 -0.483412 0.870243
vt 0.0953044 0.177191
v 42.5679 29.3946 5.55226
vn -0.308351 0.631053 -0.711823
vt 0.116181 0.131037
v 42.9697 29.543 5.56203
vn -0.094816 0.483412 -0.870243
vt 0.139966 0.131927
v 42.973 29.5308 5.55226
vn -0.134515 0.689357 -0.711823
vt 0.139922 0.131037
v 42.973 29.5308 5.55226
vn 0.134515 -0.689357 0.711823
vt 0.139922 0.131037
v 42.9697 29.543 5.56203
vn 0.094816 -0.483412 0.870243
vt 0.139966 0.131927
v 42.5679 29.3946 5.55226
vn 0.308351 -0.631053 0.711823
vt 0.116181 0.131037
v 42.9755 29.5213 5.53953
vn -0.149438 0.78 -0.607674
vt 0.139826 0.103524
v 42.5728 29.3862 5.53953
vn -0.346225 0.714745 -0.607674
vt 0.116226 0.103524
v 42.5679 29.3946 5.55226
vn -0.308351 0.631053 -0.711823
vt 0.116118 0.104409
v 42.5679 29.3946 5.55226
vn 0.308351 -0.631053 0.711823
vt 0.116118 0.104409
v 42.5728 29.3862 5.53953
vn 0.346225 -0.714745 0.607674
vt 0.116226 0.103524
v 42.9755 29.5213 5.53953
vn 0.149438 -0.78 0.607674
vt 0.139826 0.103524
v 42.5758 29.3809 5.52471
vn -0.423082 0.867701 -0.260955
vt 0.151927 0.0573449
v 42.2187 29.1514 5.53953
vn -0.608276 0.695742 -0.382024
vt 0.128348 0.0582359
v 42.5728 29.3862 5.53953
vn -0.407478 0.829469 -0.382024
vt 0.151948 0.0582359
v 42.5728 29.3862 5.53953
vn 0.407478 -0.829469 0.382024
vt 0.151948 0.0582359
v 42.2187 29.1514 5.53953
vn 0.608276 -0.695742 0.382024
vt 0.128348 0.0582359
v 42.5758 29.3809 5.52471
vn 0.423082 -0.867701 0.260955
vt 0.151927 0.0573449
v 42.5758 29.3809 5.52471
vn -0.423082 0.867701 -0.260955
vt 0.151896 0.0566957
v 42.2231 29.1471 5.52471
vn -0.633243 0.728633 -0.260955
vt 0.128385 0.0566957
v 42.2187 29.1514 5.53953
vn -0.608276 0.695742 -0.382024
vt 0.128317 0.0575844
v 42.2187 29.1514 5.53953
vn 0.608276 -0.695742 0.382024
vt 0.128317 0.0575844
v 42.2231 29.1471 5.52471
vn 0.633243 -0.728633 0.260955
vt 0.128385 0.0566957
v 42.5758 29.3809 5.52471
vn 0.423082 -0.867701 0.260955
vt 0.151896 0.0566957
v 42.7589 26.3852 5.53953
vn -0.298416 -0.87471 -0.381877
vt -0.067227 0.00206875
v 43.1753 26.307 5.52471
vn -0.0674479 -0.962979 -0.261003
vt -0.0907593 0.00118003
v 43.1753 26.3008 5.53953
vn -0.0618556 -0.922141 -0.381877
vt -0.0908271 0.00206875
v 43.1753 26.3008 5.53953
vn 0.0618556 0.922141 0.381877
vt -0.0908271 0.00206875
v 43.1753 26.307 5.52471
vn 0.0674479 0.962979 0.261003
vt -0.0907593 0.00118003
v 42.7589 26.3852 5.53953
vn 0.298416 0.87471 0.381877
vt -0.067227 0.00206875
v 42.7564 26.3757 5.55226
vn -0.228243 -0.664396 -0.711676
vt -0.0672053 -0.00548086
v 43.1753 26.3008 5.53953
vn -0.0575143 -0.791979 -0.607833
vt -0.0908392 -0.00636565
v 43.1753 26.2911 5.55226
vn -0.0485078 -0.700831 -0.711676
vt -0.0909467 -0.00548086
v 43.1753 26.2911 5.55226
vn 0.0485078 0.700831 0.711676
vt -0.0909467 -0.00548086
v 43.1753 26.3008 5.53953
vn 0.0575143 0.791979 0.607833
vt -0.0908392 -0.00636565
v 42.7564 26.3757 5.55226
vn 0.228243 0.664396 0.711676
vt -0.0672053 -0.00548086
v 43.1753 26.2911 5.55226
vn -0.0485078 -0.700831 -0.711676
vt -0.0953465 0.00570342
v 43.6018 26.3177 5.55226
vn 0.134442 -0.689489 -0.711709
vt -0.119088 0.00570342
v 43.6051 26.3054 5.56203
vn 0.0946805 -0.483433 -0.870246
vt -0.119228 0.00658364
v 43.6051 26.3054 5.56203
vn -0.0946805 0.483433 0.870246
vt -0.119228 0.00658364
v 43.6018 26.3177 5.55226
vn -0.134442 0.689489 0.711709
vt -0.119088 0.00570342
v 43.1753 26.2911 5.55226
vn 0.0485078 0.700831 0.711676
vt -0.0953465 0.00570342
v 43.6051 26.3054 5.56203
vn 0.0946805 -0.483433 -0.870246
vt -0.116137 0.0310219
v 43.6018 26.3177 5.55226
vn 0.134442 -0.689489 -0.711709
vt -0.116181 0.0301317
v 44.0069 26.4538 5.55226
vn 0.308381 -0.631121 -0.711749
vt -0.139922 0.0301317
v 44.0069 26.4538 5.55226
vn -0.308381 0.631121 0.711749
vt -0.139922 0.0301317
v 43.6018 26.3177 5.55226
vn -0.134442 0.689489 0.711709
vt -0.116181 0.0301317
v 43.6051 26.3054 5.56203
vn -0.0946805 0.483433 0.870246
vt -0.116137 0.0310219
v 44.0132 26.4428 5.56203
vn 0.216701 -0.442399 -0.870243
vt -0.128245 0.0590155
v 44.0069 26.4538 5.55226
vn 0.308381 -0.631121 -0.711749
vt -0.128289 0.0581253
v 44.3629 26.6901 5.55226
vn 0.461219 -0.529802 -0.711749
vt -0.15203 0.0581253
v 44.3629 26.6901 5.55226
vn -0.461219 0.529802 0.711749
vt -0.15203 0.0581253
v 44.0069 26.4538 5.55226
vn -0.308381 0.631121 0.711749
vt -0.128289 0.0581253
v 44.0132 26.4428 5.56203
vn -0.216701 0.442399 0.870243
vt -0.128245 0.0590155
v 44.3719 26.6811 5.56203
vn 0.323819 -0.371239 -0.870243
vt -0.130801 0.0885397
v 44.3629 26.6901 5.55226
vn 0.461219 -0.529802 -0.711749
vt -0.130845 0.0876495
v 44.6457 27.0106 5.55226
vn 0.582634 -0.392294 -0.711789
vt -0.154587 0.0876495
v 44.6457 27.0106 5.55226
vn -0.582634 0.392294 0.711789
vt -0.154587 0.0876495
v 44.3629 26.6901 5.55226
vn -0.461219 0.529802 0.711749
vt -0.130845 0.0876495
v 44.3719 26.6811 5.56203
vn -0.323819 0.371239 0.870243
vt -0.130801 0.0885397
v 44.6567 27.0042 5.56203
vn 0.408869 -0.274779 -0.870243
vt -0.123632 0.117582
v 44.6457 27.0106 5.55226
vn 0.582634 -0.392294 -0.711789
vt -0.123676 0.116692
v 44.8359 27.3932 5.55226
vn 0.664258 -0.228185 -0.711823
vt -0.147417 0.116692
v 44.8359 27.3932 5.55226
vn -0.664258 0.228185 0.711823
vt -0.147417 0.116692
v 44.6457 27.0106 5.55226
vn -0.582634 0.392294 0.711789
vt -0.123676 0.116692
v 44.6567 27.0042 5.56203
vn -0.408869 0.274779 0.870243
vt -0.123632 0.117582
v 44.8482 27.3899 5.56203
vn 0.466055 -0.159593 -0.870243
vt -0.107225 0.144164
v 44.8359 27.3932 5.55226
vn 0.664258 -0.228185 -0.711823
vt -0.107269 0.143274
v 44.9205 27.8121 5.55226
vn 0.700722 -0.0484026 -0.71179
vt -0.13101 0.143274
v 44.9205 27.8121 5.55226
vn -0.700722 0.0484026 0.71179
vt -0.13101 0.143274
v 44.8359 27.3932 5.55226
vn -0.664258 0.228185 0.711823
vt -0.107269 0.143274
v 44.8482 27.3899 5.56203
vn -0.466055 0.159593 0.870243
vt -0.107225 0.144164
v 44.8482 27.3899 5.56203
vn 0.466055 -0.159593 -0.870243
vt -0.107135 0.143409
v 44.9205 27.8121 5.55226
vn 0.700722 -0.0484026 -0.71179
vt -0.130921 0.142529
v 44.9333 27.8121 5.56203
vn 0.49147 -0.0333955 -0.870254
vt -0.131061 0.143409
v 44.9333 27.8121 5.56203
vn -0.49147 0.0333955 0.870254
vt -0.131061 0.143409
v 44.9205 27.8121 5.55226
vn -0.700722 0.0484026 0.71179
vt -0.130921 0.142529
v 44.8482 27.3899 5.56203
vn -0.466055 0.159593 0.870243
vt -0.107135 0.143409
v 44.8625 27.3861 5.56817
vn 0.23587 -0.0802086 -0.968469
vt -0.10698 0.163574
v 44.9333 27.8121 5.56203
vn 0.49147 -0.0333955 -0.870254
vt -0.130958 0.162698
v 44.9481 27.8121 5.56817
vn 0.24857 -0.016353 -0.968476
vt -0.13112 0.163574
v 44.9481 27.8121 5.56817
vn -0.24857 0.016353 0.968476
vt -0.13112 0.163574
v 44.9333 27.8121 5.56203
vn -0.49147 0.0333955 0.870254
vt -0.130958 0.162698
v 44.8625 27.3861 5.56817
vn -0.23587 0.0802086 0.968469
vt -0.10698 0.163574
v 44.8779 27.382 5.57026
vn -0.0101092 0.00418717 -0.99994
vt -0.106814 0.172434
v 44.9481 27.8121 5.56817
vn 0.24857 -0.016353 -0.968476
vt -0.131011 0.171559
v 44.964 27.8121 5.57026
vn -0.0108747 0.00142504 -0.99994
vt -0.131185 0.172434
v 44.964 27.8121 5.57026
vn 0.0108747 -0.00142504 0.99994
vt -0.131185 0.172434
v 44.9481 27.8121 5.56817
vn -0.24857 0.016353 0.968476
vt -0.131011 0.171559
v 44.8779 27.382 5.57026
vn 0.0101092 -0.00418717 0.99994
vt -0.106814 0.172434
v 44.964 27.8121 5.57026
vn -0.0108747 0.00142504 -0.99994
vt 0.0821136 -0.196189
v 44.9513 28.254 5.56817
vn -0.264529 -0.0515562 -0.962999
vt 0.106657 -0.197078
v 44.9799 27.8121 5.56817
vn -0.268838 0.0185807 -0.963006
vt 0.0820564 -0.197078
v 44.9799 27.8121 5.56817
vn 0.268838 -0.0185807 0.963006
vt 0.0820564 -0.197078
v 44.9513 28.254 5.56817
vn 0.264529 0.0515562 0.962999
vt 0.106657 -0.197078
v 44.964 27.8121 5.57026
vn 0.0108747 -0.00142504 0.99994
vt 0.0821136 -0.196189
v 44.9513 28.254 5.56817
vn -0.264529 -0.0515562 -0.962999
vt 0.0509059 -0.198661
v 44.822 28.6808 5.56203
vn -0.456749 -0.224366 -0.860837
vt 0.075667 -0.199551
v 44.9656 28.2578 5.56203
vn -0.499256 -0.098506 -0.860837
vt 0.0508522 -0.199551
v 44.9656 28.2578 5.56203
vn 0.499256 0.098506 0.860837
vt 0.0508522 -0.199551
v 44.822 28.6808 5.56203
vn 0.456749 0.224366 0.860837
vt 0.075667 -0.199551
v 44.9513 28.254 5.56817
vn 0.264529 0.0515562 0.962999
vt 0.0509059 -0.198661
v 42.0645 26.8599 5.52471
vn -0.728622 -0.633236 -0.261003
vt 0.00293955 0.00645524
v 42.3827 26.5815 5.5088
vn -0.554596 -0.821864 -0.13024
vt -0.0205485 0.00556425
v 42.3817 26.5797 5.52471
vn -0.539901 -0.80024 -0.261003
vt -0.0205717 0.00645524
v 42.3817 26.5797 5.52471
vn 0.539901 0.80024 0.261003
vt -0.0205717 0.00645524
v 42.3827 26.5815 5.5088
vn 0.554596 0.821864 0.13024
vt -0.0205485 0.00556425
v 42.0645 26.8599 5.52471
vn 0.728622 0.633236 0.261003
vt 0.00293955 0.00645524
v 41.6982 27.6145 5.5088
vn -0.973304 -0.188987 -0.13024
vt 0.0829533 0.0101158
v 41.6962 27.6139 5.52471
vn -0.947623 -0.184088 -0.261003
vt 0.0829302 0.0110067
v 41.6701 28.0363 5.52471
vn -0.962974 0.0674686 -0.261017
vt 0.106441 0.0110067
v 41.6701 28.0363 5.52471
vn 0.962974 -0.0674686 0.261017
vt 0.106441 0.0110067
v 41.6962 27.6139 5.52471
vn 0.947623 0.184088 0.261003
vt 0.0829302 0.0110067
v 41.6982 27.6145 5.5088
vn 0.973304 0.188987 0.13024
vt 0.0829533 0.0101158
v 41.8326 27.2137 5.5088
vn -0.891226 -0.434457 -0.13024
vt 0.0519936 0.00744701
v 41.8307 27.2127 5.52471
vn -0.867688 -0.423078 -0.261003
vt 0.0519705 0.008338
v 41.6962 27.6139 5.52471
vn -0.947623 -0.184088 -0.261003
vt 0.0754817 0.008338
v 41.6962 27.6139 5.52471
vn 0.947623 0.184088 0.261003
vt 0.0754817 0.008338
v 41.8307 27.2127 5.52471
vn 0.867688 0.423078 0.261003
vt 0.0519705 0.008338
v 41.8326 27.2137 5.5088
vn 0.891226 0.434457 0.13024
vt 0.0519936 0.00744701
v 42.066 26.8614 5.5088
vn -0.748413 -0.65032 -0.13024
vt 0.016691 0.00589458
v 42.0645 26.8599 5.52471
vn -0.728622 -0.633236 -0.261003
vt 0.0166679 0.00678557
v 41.8307 27.2127 5.52471
vn -0.867688 -0.423078 -0.261003
vt 0.0401791 0.00678557
v 41.8307 27.2127 5.52471
vn 0.867688 0.423078 0.261003
vt 0.0401791 0.00678557
v 42.0645 26.8599 5.52471
vn 0.728622 0.633236 0.261003
vt 0.0166679 0.00678557
v 42.066 26.8614 5.5088
vn 0.748413 0.65032 0.13024
vt 0.016691 0.00589458
v 42.3817 26.5797 5.52471
vn -0.539901 -0.80024 -0.261003
vt -0.0336992 -0.00529776
v 42.7605 26.3911 5.52471
vn -0.314387 -0.912709 -0.261003
vt -0.0572104 -0.00529776
v 42.3786 26.5744 5.53953
vn -0.514639 -0.76767 -0.381877
vt -0.0336782 -0.00440671
v 42.3786 26.5744 5.53953
vn 0.514639 0.76767 0.381877
vt -0.0336782 -0.00440671
v 42.7605 26.3911 5.52471
vn 0.314387 0.912709 0.261003
vt -0.0572104 -0.00529776
v 42.3817 26.5797 5.52471
vn 0.539901 0.80024 0.261003
vt -0.0336992 -0.00529776
v 42.3786 26.5744 5.53953
vn -0.514639 -0.76767 -0.381877
vt -0.0336902 -0.00409755
v 42.7605 26.3911 5.52471
vn -0.314387 -0.912709 -0.261003
vt -0.0572225 -0.00498626
v 42.7589 26.3852 5.53953
vn -0.298416 -0.87471 -0.381877
vt -0.0572902 -0.00409755
v 42.7589 26.3852 5.53953
vn 0.298416 0.87471 0.381877
vt -0.0572902 -0.00409755
v 42.7605 26.3911 5.52471
vn 0.314387 0.912709 0.261003
vt -0.0572225 -0.00498626
v 42.3786 26.5744 5.53953
vn 0.514639 0.76767 0.381877
vt -0.0336902 -0.00409755
v 41.7542 28.4511 5.52471
vn -0.912692 0.314448 -0.260991
vt 0.130948 0.0163197
v 41.6701 28.0363 5.52471
vn -0.962974 0.0674686 -0.261017
vt 0.107437 0.0163197
v 41.7483 28.4527 5.53953
vn -0.874646 0.298512 -0.381948
vt 0.130969 0.0172108
v 41.7483 28.4527 5.53953
vn 0.874646 -0.298512 0.381948
vt 0.130969 0.0172108
v 41.6701 28.0363 5.52471
vn 0.962974 -0.0674686 0.261017
vt 0.107437 0.0163197
v 41.7542 28.4511 5.52471
vn 0.912692 -0.314448 0.260991
vt 0.130948 0.0163197
v 41.9428 28.8299 5.52471
vn -0.80025 0.53991 -0.260955
vt 0.130966 0.0426885
v 41.9375 28.833 5.53953
vn -0.767621 0.514602 -0.382024
vt 0.130899 0.0435772
v 42.2231 29.1471 5.52471
vn -0.633243 0.728633 -0.260955
vt 0.154478 0.0426885
v 42.2231 29.1471 5.52471
vn 0.633243 -0.728633 0.260955
vt 0.154478 0.0426885
v 41.9375 28.833 5.53953
vn 0.767621 -0.514602 0.382024
vt 0.130899 0.0435772
v 41.9428 28.8299 5.52471
vn 0.80025 -0.53991 0.260955
vt 0.130966 0.0426885
v 41.7542 28.4511 5.52471
vn -0.912692 0.314448 -0.260991
vt 0.123821 0.0289073
v 41.7483 28.4527 5.53953
vn -0.874646 0.298512 -0.381948
vt 0.123754 0.029796
v 41.9428 28.8299 5.52471
vn -0.80025 0.53991 -0.260955
vt 0.147333 0.0289073
v 41.9428 28.8299 5.52471
vn 0.80025 -0.53991 0.260955
vt 0.147333 0.0289073
v 41.7483 28.4527 5.53953
vn 0.874646 -0.298512 0.381948
vt 0.123754 0.029796
v 41.7542 28.4511 5.52471
vn 0.912692 -0.314448 0.260991
vt 0.123821 0.0289073
v 44.8092 28.6734 5.56817
vn -0.242172 -0.118265 -0.962999
vt 0.0756331 -0.198013
v 44.822 28.6808 5.56203
vn -0.456749 -0.224366 -0.860837
vt 0.0757943 -0.198889
v 44.9513 28.254 5.56817
vn -0.264529 -0.0515562 -0.962999
vt 0.0510328 -0.198013
v 44.9513 28.254 5.56817
vn 0.264529 0.0515562 0.962999
vt 0.0510328 -0.198013
v 44.822 28.6808 5.56203
vn 0.456749 0.224366 0.860837
vt 0.0757943 -0.198889
v 44.8092 28.6734 5.56817
vn 0.242172 0.118265 0.962999
vt 0.0756331 -0.198013
v 44.7954 28.6654 5.57026
vn -0.0101581 -0.00420747 -0.99994
vt 0.0157504 -0.228691
v 44.5634 29.0417 5.56817
vn -0.203311 -0.176913 -0.962999
vt 0.0402935 -0.22958
v 44.8092 28.6734 5.56817
vn -0.242172 -0.118265 -0.962999
vt 0.0156932 -0.22958
v 44.8092 28.6734 5.56817
vn 0.242172 0.118265 0.962999
vt 0.0156932 -0.22958
v 44.5634 29.0417 5.56817
vn 0.203311 0.176913 0.962999
vt 0.0402935 -0.22958
v 44.7954 28.6654 5.57026
vn 0.0101581 0.00420747 0.99994
vt 0.0157504 -0.228691
v 44.7817 28.6575 5.56817
vn 0.22346 0.110049 -0.968481
vt -0.0159526 0.231959
v 44.5522 29.0305 5.57026
vn -0.00872301 -0.00669322 -0.99994
vt -0.0402662 0.232849
v 44.7954 28.6654 5.57026
vn -0.0101581 -0.00420747 -0.99994
vt -0.015896 0.232849
v 44.7954 28.6654 5.57026
vn 0.0101581 0.00420747 0.99994
vt -0.015896 0.232849
v 44.5522 29.0305 5.57026
vn 0.00872301 0.00669322 0.99994
vt -0.0402662 0.232849
v 44.7817 28.6575 5.56817
vn -0.22346 -0.110049 0.968481
vt -0.0159526 0.231959
v 44.541 29.0193 5.56817
vn 0.187363 0.164135 -0.968481
vt -0.0402405 0.231915
v 44.5522 29.0305 5.57026
vn -0.00872301 -0.00669322 -0.99994
vt -0.0404145 0.232789
v 44.7817 28.6575 5.56817
vn 0.22346 0.110049 -0.968481
vt -0.0161005 0.231915
v 44.7817 28.6575 5.56817
vn -0.22346 -0.110049 0.968481
vt -0.0161005 0.231915
v 44.5522 29.0305 5.57026
vn 0.00872301 0.00669322 0.99994
vt -0.0404145 0.232789
v 44.541 29.0193 5.56817
vn -0.187363 -0.164135 0.968481
vt -0.0402405 0.231915
v 43.8255 29.4993 5.56817
vn 0.0802717 0.235829 -0.968474
vt 0.0336295 0.22726
v 43.8296 29.5147 5.57026
vn -0.00418608 -0.0101501 -0.99994
vt 0.0334554 0.228134
v 44.2148 29.3064 5.56817
vn 0.138497 0.207035 -0.968481
vt 0.0577695 0.22726
v 44.2148 29.3064 5.56817
vn -0.138497 -0.207035 0.968481
vt 0.0577695 0.22726
v 43.8296 29.5147 5.57026
vn 0.00418608 0.0101501 0.99994
vt 0.0334554 0.228134
v 43.8255 29.4993 5.56817
vn -0.0802717 -0.235829 0.968474
vt 0.0336295 0.22726
v 44.2148 29.3064 5.56817
vn 0.138497 0.207035 -0.968481
vt -0.00299628 0.234407
v 44.2228 29.3202 5.57026
vn -0.00669345 -0.00872284 -0.99994
vt -0.00317037 0.235281
v 44.541 29.0193 5.56817
vn 0.187363 0.164135 -0.968481
vt 0.0211437 0.234407
v 44.541 29.0193 5.56817
vn -0.187363 -0.164135 0.968481
vt 0.0211437 0.234407
v 44.2228 29.3202 5.57026
vn 0.00669345 0.00872284 0.99994
vt -0.00317037 0.235281
v 44.2148 29.3064 5.56817
vn -0.138497 -0.207035 0.968481
vt -0.00299628 0.234407
v 43.8255 29.4993 5.56817
vn 0.0802717 0.235829 -0.968474
vt 0.091281 0.210989
v 43.3995 29.5849 5.56817
vn 0.016428 0.248592 -0.968469
vt 0.067141 0.210989
v 43.8296 29.5147 5.57026
vn -0.00418608 -0.0101501 -0.99994
vt 0.0913371 0.211879
v 43.8296 29.5147 5.57026
vn 0.00418608 0.0101501 0.99994
vt 0.0913371 0.211879
v 43.3995 29.5849 5.56817
vn -0.016428 -0.248592 0.968469
vt 0.067141 0.210989
v 43.8255 29.4993 5.56817
vn -0.0802717 -0.235829 0.968474
vt 0.091281 0.210989
v 42.9697 29.543 5.56203
vn -0.094816 0.483412 -0.870243
vt 0.0954166 0.176774
v 42.9658 29.5574 5.56817
vn -0.0484722 0.244374 -0.968469
vt 0.0952544 0.177651
v 43.3995 29.5849 5.56817
vn 0.016428 0.248592 -0.968469
vt 0.119394 0.177651
v 43.3995 29.5849 5.56817
vn -0.016428 -0.248592 0.968469
vt 0.119394 0.177651
v 42.9658 29.5574 5.56817
vn 0.0484722 -0.244374 0.968469
vt 0.0952544 0.177651
v 42.9697 29.543 5.56203
vn 0.094816 -0.483412 0.870243
vt 0.0954166 0.176774
v 42.5679 29.3946 5.55226
vn -0.308351 0.631053 -0.711823
vt 0.116262 0.130271
v 42.5615 29.4057 5.56203
vn -0.216701 0.442399 -0.870243
vt 0.116123 0.131151
v 42.9697 29.543 5.56203
vn -0.094816 0.483412 -0.870243
vt 0.140048 0.131151
v 42.9697 29.543 5.56203
vn 0.094816 -0.483412 0.870243
vt 0.140048 0.131151
v 42.5615 29.4057 5.56203
vn 0.216701 -0.442399 0.870243
vt 0.116123 0.131151
v 42.5679 29.3946 5.55226
vn 0.308351 -0.631053 0.711823
vt 0.116262 0.130271
v 42.5728 29.3862 5.53953
vn -0.346225 0.714745 -0.607674
vt 0.151997 0.0830126
v 42.2118 29.1583 5.55226
vn -0.461143 0.529821 -0.711784
vt 0.128289 0.0839032
v 42.5679 29.3946 5.55226
vn -0.308351 0.631053 -0.711823
vt 0.15203 0.0839032
v 42.5679 29.3946 5.55226
vn 0.308351 -0.631053 0.711823
vt 0.15203 0.0839032
v 42.2118 29.1583 5.55226
vn 0.461143 -0.529821 0.711784
vt 0.128289 0.0839032
v 42.5728 29.3862 5.53953
vn 0.346225 -0.714745 0.607674
vt 0.151997 0.0830126
v 42.5728 29.3862 5.53953
vn -0.346225 0.714745 -0.607674
vt 0.151948 0.0823037
v 42.2187 29.1514 5.53953
vn -0.519257 0.600846 -0.607747
vt 0.128348 0.0823037
v 42.2118 29.1583 5.55226
vn -0.461143 0.529821 -0.711784
vt 0.12824 0.0831885
v 42.2118 29.1583 5.55226
vn 0.461143 -0.529821 0.711784
vt 0.12824 0.0831885
v 42.2187 29.1514 5.53953
vn 0.519257 -0.600846 0.607747
vt 0.128348 0.0823037
v 42.5728 29.3862 5.53953
vn 0.346225 -0.714745 0.607674
vt 0.151948 0.0823037
v 42.2231 29.1471 5.52471
vn -0.633243 0.728633 -0.260955
vt 0.154499 0.043117
v 41.9375 28.833 5.53953
vn -0.767621 0.514602 -0.382024
vt 0.13092 0.044008
v 42.2187 29.1514 5.53953
vn -0.608276 0.695742 -0.382024
vt 0.15452 0.044008
v 42.2187 29.1514 5.53953
vn 0.608276 -0.695742 0.382024
vt 0.15452 0.044008
v 41.9375 28.833 5.53953
vn 0.767621 -0.514602 0.382024
vt 0.13092 0.044008
v 42.2231 29.1471 5.52471
vn 0.633243 -0.728633 0.260955
vt 0.154499 0.043117
v 42.7589 26.3852 5.53953
vn -0.260534 -0.750108 -0.607833
vt -0.067227 -0.00666816
v 43.1753 26.3008 5.53953
vn -0.0575143 -0.791979 -0.607833
vt -0.0908271 -0.00666816
v 42.7564 26.3757 5.55226
vn -0.228243 -0.664396 -0.711676
vt -0.0671934 -0.0057775
v 42.7564 26.3757 5.55226
vn 0.228243 0.664396 0.711676
vt -0.0671934 -0.0057775
v 43.1753 26.3008 5.53953
vn 0.0575143 0.791979 0.607833
vt -0.0908271 -0.00666816
v 42.7589 26.3852 5.53953
vn 0.260534 0.750108 0.607833
vt -0.067227 -0.00666816
v 43.1753 26.2783 5.56203
vn -0.0335319 -0.491455 -0.870257
vt -0.0910868 -0.0127285
v 42.7564 26.3757 5.55226
vn -0.228243 -0.664396 -0.711676
vt -0.0672053 -0.0136087
v 43.1753 26.2911 5.55226
vn -0.0485078 -0.700831 -0.711676
vt -0.0909467 -0.0136087
v 43.1753 26.2911 5.55226
vn 0.0485078 0.700831 0.711676
vt -0.0909467 -0.0136087
v 42.7564 26.3757 5.55226
vn 0.228243 0.664396 0.711676
vt -0.0672053 -0.0136087
v 43.1753 26.2783 5.56203
vn 0.0335319 0.491455 0.870257
vt -0.0910868 -0.0127285
v 43.1753 26.2783 5.56203
vn -0.0335319 -0.491455 -0.870257
vt -0.0953044 0.00650664
v 43.1753 26.2911 5.55226
vn -0.0485078 -0.700831 -0.711676
vt -0.0953488 0.00561645
v 43.6051 26.3054 5.56203
vn 0.0946805 -0.483433 -0.870246
vt -0.11923 0.00650664
v 43.6051 26.3054 5.56203
vn -0.0946805 0.483433 0.870246
vt -0.11923 0.00650664
v 43.1753 26.2911 5.55226
vn 0.0485078 0.700831 0.711676
vt -0.0953488 0.00561645
v 43.1753 26.2783 5.56203
vn 0.0335319 0.491455 0.870257
vt -0.0953044 0.00650664
v 43.6051 26.3054 5.56203
vn 0.0946805 -0.483433 -0.870246
vt -0.116123 0.0310313
v 44.0069 26.4538 5.55226
vn 0.308381 -0.631121 -0.711749
vt -0.139908 0.0301511
v 44.0132 26.4428 5.56203
vn 0.216701 -0.442399 -0.870243
vt -0.140048 0.0310313
v 44.0132 26.4428 5.56203
vn -0.216701 0.442399 0.870243
vt -0.140048 0.0310313
v 44.0069 26.4538 5.55226
vn -0.308381 0.631121 0.711749
vt -0.139908 0.0301511
v 43.6051 26.3054 5.56203
vn -0.0946805 0.483433 0.870246
vt -0.116123 0.0310313
v 44.0132 26.4428 5.56203
vn 0.216701 -0.442399 -0.870243
vt -0.128212 0.0588417
v 44.3629 26.6901 5.55226
vn 0.461219 -0.529802 -0.711749
vt -0.151998 0.0579614
v 44.3719 26.6811 5.56203
vn 0.323819 -0.371239 -0.870243
vt -0.152137 0.0588417
v 44.3719 26.6811 5.56203
vn -0.323819 0.371239 0.870243
vt -0.152137 0.0588417
v 44.3629 26.6901 5.55226
vn -0.461219 0.529802 0.711749
vt -0.151998 0.0579614
v 44.0132 26.4428 5.56203
vn -0.216701 0.442399 0.870243
vt -0.128212 0.0588417
v 44.3719 26.6811 5.56203
vn 0.323819 -0.371239 -0.870243
vt -0.130749 0.0881683
v 44.6457 27.0106 5.55226
vn 0.582634 -0.392294 -0.711789
vt -0.154534 0.087288
v 44.6567 27.0042 5.56203
vn 0.408869 -0.274779 -0.870243
vt -0.154674 0.0881683
v 44.6567 27.0042 5.56203
vn -0.408869 0.274779 0.870243
vt -0.154674 0.0881683
v 44.6457 27.0106 5.55226
vn -0.582634 0.392294 0.711789
vt -0.154534 0.087288
v 44.3719 26.6811 5.56203
vn -0.323819 0.371239 0.870243
vt -0.130749 0.0881683
v 44.6567 27.0042 5.56203
vn 0.408869 -0.274779 -0.870243
vt -0.12356 0.117013
v 44.8359 27.3932 5.55226
vn 0.664258 -0.228185 -0.711823
vt -0.147345 0.116132
v 44.8482 27.3899 5.56203
vn 0.466055 -0.159593 -0.870243
vt -0.147485 0.117013
v 44.8482 27.3899 5.56203
vn -0.466055 0.159593 0.870243
vt -0.147485 0.117013
v 44.8359 27.3932 5.55226
vn -0.664258 0.228185 0.711823
vt -0.147345 0.116132
v 44.6567 27.0042 5.56203
vn -0.408869 0.274779 0.870243
vt -0.12356 0.117013
v 44.8625 27.3861 5.56817
vn 0.23587 -0.0802086 -0.968469
vt -0.107083 0.163841
v 44.8482 27.3899 5.56203
vn 0.466055 -0.159593 -0.870243
vt -0.107135 0.162951
v 44.9333 27.8121 5.56203
vn 0.49147 -0.0333955 -0.870254
vt -0.131061 0.162951
v 44.9333 27.8121 5.56203
vn -0.49147 0.0333955 0.870254
vt -0.131061 0.162951
v 44.8482 27.3899 5.56203
vn -0.466055 0.159593 0.870243
vt -0.107135 0.162951
v 44.8625 27.3861 5.56817
vn -0.23587 0.0802086 0.968469
vt -0.107083 0.163841
v 44.8779 27.382 5.57026
vn -0.0101092 0.00418717 -0.99994
vt -0.106924 0.172382
v 44.8625 27.3861 5.56817
vn 0.23587 -0.0802086 -0.968469
vt -0.10698 0.171492
v 44.9481 27.8121 5.56817
vn 0.24857 -0.016353 -0.968476
vt -0.13112 0.171492
v 44.9481 27.8121 5.56817
vn -0.24857 0.016353 0.968476
vt -0.13112 0.171492
v 44.8625 27.3861 5.56817
vn -0.23587 0.0802086 0.968469
vt -0.10698 0.171492
v 44.8779 27.382 5.57026
vn 0.0101092 -0.00418717 0.99994
vt -0.106924 0.172382
v 44.8932 27.3779 5.56817
vn -0.254828 0.0875969 -0.963011
vt 0.106758 -0.169171
v 44.8779 27.382 5.57026
vn -0.0101092 0.00418717 -0.99994
vt 0.106814 -0.168282
v 44.964 27.8121 5.57026
vn -0.0108747 0.00142504 -0.99994
vt 0.131185 -0.168282
v 44.964 27.8121 5.57026
vn 0.0108747 -0.00142504 0.99994
vt 0.131185 -0.168282
v 44.8779 27.382 5.57026
vn 0.0101092 -0.00418717 0.99994
vt 0.106814 -0.168282
v 44.8932 27.3779 5.56817
vn 0.254828 -0.0875969 0.963011
vt 0.106758 -0.169171
v 44.9513 28.254 5.56817
vn -0.264529 -0.0515562 -0.962999
vt 0.106657 -0.178889
v 44.9656 28.2578 5.56203
vn -0.499256 -0.098506 -0.860837
vt 0.106818 -0.179765
v 44.9799 27.8121 5.56817
vn -0.268838 0.0185807 -0.963006
vt 0.0820564 -0.178889
v 44.9799 27.8121 5.56817
vn 0.268838 -0.0185807 0.963006
vt 0.0820564 -0.178889
v 44.9656 28.2578 5.56203
vn 0.499256 0.098506 0.860837
vt 0.106818 -0.179765
v 44.9513 28.254 5.56817
vn 0.264529 0.0515562 0.962999
vt 0.106657 -0.178889
v 44.8932 27.3779 5.56817
vn -0.254828 0.0875969 -0.963011
vt 0.10665 -0.169149
v 44.964 27.8121 5.57026
vn -0.0108747 0.00142504 -0.99994
vt 0.131077 -0.168275
v 44.9799 27.8121 5.56817
vn -0.268838 0.0185807 -0.963006
vt 0.13125 -0.169149
v 44.9799 27.8121 5.56817
vn 0.268838 -0.0185807 0.963006
vt 0.13125 -0.169149
v 44.964 27.8121 5.57026
vn 0.0108747 -0.00142504 0.99994
vt 0.131077 -0.168275
v 44.8932 27.3779 5.56817
vn 0.254828 -0.0875969 0.963011
vt 0.10665 -0.169149
v 44.822 28.6808 5.56203
vn -0.456749 -0.224366 -0.860837
vt 0.075667 -0.165691
v 44.8331 28.6872 5.55226
vn -0.639604 -0.315317 -0.701058
vt 0.075805 -0.166571
v 44.9656 28.2578 5.56203
vn -0.499256 -0.098506 -0.860837
vt 0.0508522 -0.165691
v 44.9656 28.2578 5.56203
vn 0.499256 0.098506 0.860837
vt 0.0508522 -0.165691
v 44.8331 28.6872 5.55226
vn 0.639604 0.315317 0.701058
vt 0.075805 -0.166571
v 44.822 28.6808 5.56203
vn 0.456749 0.224366 0.860837
vt 0.075667 -0.165691
v 42.0645 26.8599 5.52471
vn -0.728622 -0.633236 -0.261003
vt 0.00293955 -0.00802755
v 42.3817 26.5797 5.52471
vn -0.539901 -0.80024 -0.261003
vt -0.0205717 -0.00802755
v 42.0602 26.8556 5.53953
vn -0.695791 -0.608314 -0.381877
vt 0.00296058 -0.00713651
v 42.0602 26.8556 5.53953
vn 0.695791 0.608314 0.381877
vt 0.00296058 -0.00713651
v 42.3817 26.5797 5.52471
vn 0.539901 0.80024 0.261003
vt -0.0205717 -0.00802755
v 42.0645 26.8599 5.52471
vn 0.728622 0.633236 0.261003
vt 0.00293955 -0.00802755
v 41.6962 27.6139 5.52471
vn -0.947623 -0.184088 -0.261003
vt 0.0829302 0.00556178
v 41.664 28.0363 5.53953
vn -0.922141 0.0618556 -0.381877
vt 0.106462 0.00645283
v 41.6701 28.0363 5.52471
vn -0.962974 0.0674686 -0.261017
vt 0.106441 0.00556178
v 41.6701 28.0363 5.52471
vn 0.962974 -0.0674686 0.261017
vt 0.106441 0.00556178
v 41.664 28.0363 5.53953
vn 0.922141 -0.0618556 0.381877
vt 0.106462 0.00645283
v 41.6962 27.6139 5.52471
vn 0.947623 0.184088 0.261003
vt 0.0829302 0.00556178
v 41.8307 27.2127 5.52471
vn -0.867688 -0.423078 -0.261003
vt 0.0519705 -0.00240624
v 41.6903 27.6123 5.53953
vn -0.906729 -0.17892 -0.381877
vt 0.0755027 -0.0015152
v 41.6962 27.6139 5.52471
vn -0.947623 -0.184088 -0.261003
vt 0.0754817 -0.00240624
v 41.6962 27.6139 5.52471
vn 0.947623 0.184088 0.261003
vt 0.0754817 -0.00240624
v 41.6903 27.6123 5.53953
vn 0.906729 0.17892 0.381877
vt 0.0755027 -0.0015152
v 41.8307 27.2127 5.52471
vn 0.867688 0.423078 0.261003
vt 0.0519705 -0.00240624
v 42.0645 26.8599 5.52471
vn -0.728622 -0.633236 -0.261003
vt 0.0166679 -0.00704131
v 41.8254 27.2096 5.53953
vn -0.829525 -0.407502 -0.381877
vt 0.0402002 -0.00615026
v 41.8307 27.2127 5.52471
vn -0.867688 -0.423078 -0.261003
vt 0.0401791 -0.00704131
v 41.8307 27.2127 5.52471
vn 0.867688 0.423078 0.261003
vt 0.0401791 -0.00704131
v 41.8254 27.2096 5.53953
vn 0.829525 0.407502 0.381877
vt 0.0402002 -0.00615026
v 42.0645 26.8599 5.52471
vn 0.728622 0.633236 0.261003
vt 0.0166679 -0.00704131
v 42.0602 26.8556 5.53953
vn -0.695791 -0.608314 -0.381877
vt 0.00294673 -0.00678873
v 42.3817 26.5797 5.52471
vn -0.539901 -0.80024 -0.261003
vt -0.0205856 -0.00767744
v 42.3786 26.5744 5.53953
vn -0.514639 -0.76767 -0.381877
vt -0.0206533 -0.00678873
v 42.3786 26.5744 5.53953
vn 0.514639 0.76767 0.381877
vt -0.0206533 -0.00678873
v 42.3817 26.5797 5.52471
vn 0.539901 0.80024 0.261003
vt -0.0205856 -0.00767744
v 42.0602 26.8556 5.53953
vn 0.695791 0.608314 0.381877
vt 0.00294673 -0.00678873
v 42.3786 26.5744 5.53953
vn -0.445979 -0.657074 -0.607747
vt -0.0336902 -0.0166355
v 42.7589 26.3852 5.53953
vn -0.260534 -0.750108 -0.607833
vt -0.0572902 -0.0166355
v 42.3737 26.5659 5.55226
vn -0.392463 -0.582615 -0.711711
vt -0.0336566 -0.0157449
v 42.3737 26.5659 5.55226
vn 0.392463 0.582615 0.711711
vt -0.0336566 -0.0157449
v 42.7589 26.3852 5.53953
vn 0.260534 0.750108 0.607833
vt -0.0572902 -0.0166355
v 42.3786 26.5744 5.53953
vn 0.445979 0.657074 0.607747
vt -0.0336902 -0.0166355
v 41.6701 28.0363 5.52471
vn -0.962974 0.0674686 -0.261017
vt 0.10744 0.0162808
v 41.664 28.0363 5.53953
vn -0.922141 0.0618556 -0.381877
vt 0.107372 0.0171695
v 41.7483 28.4527 5.53953
vn -0.874646 0.298512 -0.381948
vt 0.130972 0.0171695
v 41.7483 28.4527 5.53953
vn 0.874646 -0.298512 0.381948
vt 0.130972 0.0171695
v 41.664 28.0363 5.53953
vn 0.922141 -0.0618556 0.381877
vt 0.107372 0.0171695
v 41.6701 28.0363 5.52471
vn 0.962974 -0.0674686 0.261017
vt 0.10744 0.0162808
v 41.9428 28.8299 5.52471
vn -0.80025 0.53991 -0.260955
vt 0.147344 0.0291196
v 41.7483 28.4527 5.53953
vn -0.874646 0.298512 -0.381948
vt 0.123765 0.0300107
v 41.9375 28.833 5.53953
vn -0.767621 0.514602 -0.382024
vt 0.147365 0.0300107
v 41.9375 28.833 5.53953
vn 0.767621 -0.514602 0.382024
vt 0.147365 0.0300107
v 41.7483 28.4527 5.53953
vn 0.874646 -0.298512 0.381948
vt 0.123765 0.0300107
v 41.9428 28.8299 5.52471
vn 0.80025 -0.53991 0.260955
vt 0.147344 0.0291196
v 44.8092 28.6734 5.56817
vn -0.242172 -0.118265 -0.962999
vt 0.0155594 -0.209747
v 44.5739 29.0522 5.56203
vn -0.383116 -0.334937 -0.860837
vt 0.0403205 -0.210637
v 44.822 28.6808 5.56203
vn -0.456749 -0.224366 -0.860837
vt 0.0155057 -0.210637
v 44.822 28.6808 5.56203
vn 0.456749 0.224366 0.860837
vt 0.0155057 -0.210637
v 44.5739 29.0522 5.56203
vn 0.383116 0.334937 0.860837
vt 0.0403205 -0.210637
v 44.8092 28.6734 5.56817
vn 0.242172 0.118265 0.962999
vt 0.0155594 -0.209747
v 44.5634 29.0417 5.56817
vn -0.203311 -0.176913 -0.962999
vt 0.0402935 -0.209089
v 44.5739 29.0522 5.56203
vn -0.383116 -0.334937 -0.860837
vt 0.0404547 -0.209965
v 44.8092 28.6734 5.56817
vn -0.242172 -0.118265 -0.962999
vt 0.0156932 -0.209089
v 44.8092 28.6734 5.56817
vn 0.242172 0.118265 0.962999
vt 0.0156932 -0.209089
v 44.5739 29.0522 5.56203
vn 0.383116 0.334937 0.860837
vt 0.0404547 -0.209965
v 44.5634 29.0417 5.56817
vn 0.203311 0.176913 0.962999
vt 0.0402935 -0.209089
v 44.5522 29.0305 5.57026
vn -0.00872301 -0.00669322 -0.99994
vt 0.0402662 -0.228574
v 44.5634 29.0417 5.56817
vn -0.203311 -0.176913 -0.962999
vt 0.0404397 -0.229448
v 44.7954 28.6654 5.57026
vn -0.0101581 -0.00420747 -0.99994
vt 0.015896 -0.228574
v 44.7954 28.6654 5.57026
vn 0.0101581 0.00420747 0.99994
vt 0.015896 -0.228574
v 44.5634 29.0417 5.56817
vn 0.203311 0.176913 0.962999
vt 0.0404397 -0.229448
v 44.5522 29.0305 5.57026
vn 0.00872301 0.00669322 0.99994
vt 0.0402662 -0.228574
v 44.541 29.0193 5.56817
vn 0.187363 0.164135 -0.968481
vt 0.0212931 0.234428
v 44.2228 29.3202 5.57026
vn -0.00669345 -0.00872284 -0.99994
vt -0.00302039 0.235318
v 44.5522 29.0305 5.57026
vn -0.00872301 -0.00669322 -0.99994
vt 0.0213498 0.235318
v 44.5522 29.0305 5.57026
vn 0.00872301 0.00669322 0.99994
vt 0.0213498 0.235318
v 44.2228 29.3202 5.57026
vn 0.00669345 0.00872284 0.99994
vt -0.00302039 0.235318
v 44.541 29.0193 5.56817
vn -0.187363 -0.164135 0.968481
vt 0.0212931 0.234428
v 44.2148 29.3064 5.56817
vn 0.138497 0.207035 -0.968481
vt 0.0579143 0.227256
v 43.8296 29.5147 5.57026
vn -0.00418608 -0.0101501 -0.99994
vt 0.0336008 0.228146
v 44.2228 29.3202 5.57026
vn -0.00669345 -0.00872284 -0.99994
vt 0.057971 0.228146
v 44.2228 29.3202 5.57026
vn 0.00669345 0.00872284 0.99994
vt 0.057971 0.228146
v 43.8296 29.5147 5.57026
vn 0.00418608 0.0101501 0.99994
vt 0.0336008 0.228146
v 44.2148 29.3064 5.56817
vn -0.138497 -0.207035 0.968481
vt 0.0579143 0.227256
v 43.3995 29.5849 5.56817
vn 0.016428 0.248592 -0.968469
vt 0.0672753 0.210919
v 43.3995 29.6008 5.57026
vn -0.00145423 -0.0108615 -0.99994
vt 0.0671018 0.211793
v 43.8296 29.5147 5.57026
vn -0.00418608 -0.0101501 -0.99994
vt 0.091472 0.211793
v 43.8296 29.5147 5.57026
vn 0.00418608 0.0101501 0.99994
vt 0.091472 0.211793
v 43.3995 29.6008 5.57026
vn 0.00145423 0.0108615 0.99994
vt 0.0671018 0.211793
v 43.3995 29.5849 5.56817
vn -0.016428 -0.248592 0.968469
vt 0.0672753 0.210919
v 43.3995 29.5849 5.56817
vn 0.016428 0.248592 -0.968469
vt 0.119394 0.186642
v 42.9658 29.5574 5.56817
vn -0.0484722 0.244374 -0.968469
vt 0.0952544 0.186642
v 43.3995 29.6008 5.57026
vn -0.00145423 -0.0108615 -0.99994
vt 0.11945 0.187532
v 43.3995 29.6008 5.57026
vn 0.00145423 0.0108615 0.99994
vt 0.11945 0.187532
v 42.9658 29.5574 5.56817
vn 0.0484722 -0.244374 0.968469
vt 0.0952544 0.186642
v 43.3995 29.5849 5.56817
vn -0.016428 -0.248592 0.968469
vt 0.119394 0.186642
v 42.5615 29.4057 5.56203
vn -0.216701 0.442399 -0.870243
vt 0.116123 0.148574
v 42.9658 29.5574 5.56817
vn -0.0484722 0.244374 -0.968469
vt 0.1401 0.149463
v 42.9697 29.543 5.56203
vn -0.094816 0.483412 -0.870243
vt 0.140048 0.148574
v 42.9697 29.543 5.56203
vn 0.094816 -0.483412 0.870243
vt 0.140048 0.148574
v 42.9658 29.5574 5.56817
vn 0.0484722 -0.244374 0.968469
vt 0.1401 0.149463
v 42.5615 29.4057 5.56203
vn 0.216701 -0.442399 0.870243
vt 0.116123 0.148574
v 42.2118 29.1583 5.55226
vn -0.461143 0.529821 -0.711784
vt 0.128289 0.103043
v 42.5615 29.4057 5.56203
vn -0.216701 0.442399 -0.870243
vt 0.152074 0.103933
v 42.5679 29.3946 5.55226
vn -0.308351 0.631053 -0.711823
vt 0.15203 0.103043
v 42.5679 29.3946 5.55226
vn 0.308351 -0.631053 0.711823
vt 0.15203 0.103043
v 42.5615 29.4057 5.56203
vn 0.216701 -0.442399 0.870243
vt 0.152074 0.103933
v 42.2118 29.1583 5.55226
vn 0.461143 -0.529821 0.711784
vt 0.128289 0.103043
v 41.9375 28.833 5.53953
vn -0.657255 0.445695 -0.60776
vt 0.13092 0.0604086
v 42.2118 29.1583 5.55226
vn -0.461143 0.529821 -0.711784
vt 0.154553 0.0612992
v 42.2187 29.1514 5.53953
vn -0.519257 0.600846 -0.607747
vt 0.15452 0.0604086
v 42.2187 29.1514 5.53953
vn 0.519257 -0.600846 0.607747
vt 0.15452 0.0604086
v 42.2118 29.1583 5.55226
vn 0.461143 -0.529821 0.711784
vt 0.154553 0.0612992
v 41.9375 28.833 5.53953
vn 0.657255 -0.445695 0.60776
vt 0.13092 0.0604086
v 42.3737 26.5659 5.55226
vn -0.392463 -0.582615 -0.711711
vt -0.0336752 -0.0153427
v 42.7589 26.3852 5.53953
vn -0.260534 -0.750108 -0.607833
vt -0.0573091 -0.0162275
v 42.7564 26.3757 5.55226
vn -0.228243 -0.664396 -0.711676
vt -0.0574166 -0.0153427
v 42.7564 26.3757 5.55226
vn 0.228243 0.664396 0.711676
vt -0.0574166 -0.0153427
v 42.7589 26.3852 5.53953
vn 0.260534 0.750108 0.607833
vt -0.0573091 -0.0162275
v 42.3737 26.5659 5.55226
vn 0.392463 0.582615 0.711711
vt -0.0336752 -0.0153427
v 42.7531 26.3634 5.56203
vn -0.159587 -0.466031 -0.870257
vt -0.0671762 -0.0129486
v 42.7564 26.3757 5.55226
vn -0.228243 -0.664396 -0.711676
vt -0.0672206 -0.0138388
v 43.1753 26.2783 5.56203
vn -0.0335319 -0.491455 -0.870257
vt -0.0911017 -0.0129486
v 43.1753 26.2783 5.56203
vn 0.0335319 0.491455 0.870257
vt -0.0911017 -0.0129486
v 42.7564 26.3757 5.55226
vn 0.228243 0.664396 0.711676
vt -0.0672206 -0.0138388
v 42.7531 26.3634 5.56203
vn 0.159587 0.466031 0.870257
vt -0.0671762 -0.0129486
v 43.1753 26.2783 5.56203
vn -0.0335319 -0.491455 -0.870257
vt -0.0953044 0.00262361
v 43.6051 26.3054 5.56203
vn 0.0946805 -0.483433 -0.870246
vt -0.11923 0.00262361
v 43.6089 26.2911 5.56817
vn 0.0483971 -0.24437 -0.968474
vt -0.119393 0.00349993
v 43.6089 26.2911 5.56817
vn -0.0483971 0.24437 0.968474
vt -0.119393 0.00349993
v 43.6051 26.3054 5.56203
vn -0.0946805 0.483433 0.870246
vt -0.11923 0.00262361
v 43.1753 26.2783 5.56203
vn 0.0335319 0.491455 0.870257
vt -0.0953044 0.00262361
v 43.6089 26.2911 5.56817
vn 0.0483971 -0.24437 -0.968474
vt -0.116071 0.0320309
v 43.6051 26.3054 5.56203
vn 0.0946805 -0.483433 -0.870246
vt -0.116123 0.0311411
v 44.0132 26.4428 5.56203
vn 0.216701 -0.442399 -0.870243
vt -0.140048 0.0311411
v 44.0132 26.4428 5.56203
vn -0.216701 0.442399 0.870243
vt -0.140048 0.0311411
v 43.6051 26.3054 5.56203
vn -0.0946805 0.483433 0.870246
vt -0.116123 0.0311411
v 43.6089 26.2911 5.56817
vn -0.0483971 0.24437 0.968474
vt -0.116071 0.0320309
v 44.0207 26.4299 5.56817
vn 0.110069 -0.223501 -0.968469
vt -0.12816 0.0646502
v 44.0132 26.4428 5.56203
vn 0.216701 -0.442399 -0.870243
vt -0.128212 0.0637604
v 44.3719 26.6811 5.56203
vn 0.323819 -0.371239 -0.870243
vt -0.152137 0.0637604
v 44.3719 26.6811 5.56203
vn -0.323819 0.371239 0.870243
vt -0.152137 0.0637604
v 44.0132 26.4428 5.56203
vn -0.216701 0.442399 0.870243
vt -0.128212 0.0637604
v 44.0207 26.4299 5.56817
vn -0.110069 0.223501 0.968469
vt -0.12816 0.0646502
v 44.3824 26.6706 5.56817
vn 0.164165 -0.187398 -0.968469
vt -0.130697 0.0990479
v 44.3719 26.6811 5.56203
vn 0.323819 -0.371239 -0.870243
vt -0.130749 0.0981582
v 44.6567 27.0042 5.56203
vn 0.408869 -0.274779 -0.870243
vt -0.154674 0.0981582
v 44.6567 27.0042 5.56203
vn -0.408869 0.274779 0.870243
vt -0.154674 0.0981582
v 44.3719 26.6811 5.56203
vn -0.323819 0.371239 0.870243
vt -0.130749 0.0981582
v 44.3824 26.6706 5.56817
vn -0.164165 0.187398 0.968469
vt -0.130697 0.0990479
v 44.6695 26.9968 5.56817
vn 0.207073 -0.138523 -0.968469
vt -0.123508 0.13288
v 44.6567 27.0042 5.56203
vn 0.408869 -0.274779 -0.870243
vt -0.12356 0.13199
v 44.8482 27.3899 5.56203
vn 0.466055 -0.159593 -0.870243
vt -0.147485 0.13199
v 44.8482 27.3899 5.56203
vn -0.466055 0.159593 0.870243
vt -0.147485 0.13199
v 44.6567 27.0042 5.56203
vn -0.408869 0.274779 0.870243
vt -0.12356 0.13199
v 44.6695 26.9968 5.56817
vn -0.207073 0.138523 0.968469
vt -0.123508 0.13288
v 44.6695 26.9968 5.56817
vn 0.207073 -0.138523 -0.968469
vt -0.123425 0.132705
v 44.8482 27.3899 5.56203
vn 0.466055 -0.159593 -0.870243
vt -0.147403 0.131828
v 44.8625 27.3861 5.56817
vn 0.23587 -0.0802086 -0.968469
vt -0.147565 0.132705
v 44.8625 27.3861 5.56817
vn -0.23587 0.0802086 0.968469
vt -0.147565 0.132705
v 44.8482 27.3899 5.56203
vn -0.466055 0.159593 0.870243
vt -0.147403 0.131828
v 44.6695 26.9968 5.56817
vn -0.207073 0.138523 0.968469
vt -0.123425 0.132705
v 44.6833 26.9888 5.57026
vn -0.00868105 0.00666096 -0.99994
vt -0.123281 0.139231
v 44.8625 27.3861 5.56817
vn 0.23587 -0.0802086 -0.968469
vt -0.147477 0.138356
v 44.8779 27.382 5.57026
vn -0.0101092 0.00418717 -0.99994
vt -0.147651 0.139231
v 44.8779 27.382 5.57026
vn 0.0101092 -0.00418717 0.99994
vt -0.147651 0.139231
v 44.8625 27.3861 5.56817
vn -0.23587 0.0802086 0.968469
vt -0.147477 0.138356
v 44.6833 26.9888 5.57026
vn 0.00868105 -0.00666096 0.99994
vt -0.123281 0.139231
v 44.6971 26.9809 5.56817
vn -0.223473 0.150567 -0.963011
vt 0.123137 -0.135957
v 44.8779 27.382 5.57026
vn -0.0101092 0.00418717 -0.99994
vt 0.147564 -0.135082
v 44.8932 27.3779 5.56817
vn -0.254828 0.0875969 -0.963011
vt 0.147737 -0.135957
v 44.8932 27.3779 5.56817
vn 0.254828 -0.0875969 0.963011
vt 0.147737 -0.135957
v 44.8779 27.382 5.57026
vn 0.0101092 -0.00418717 0.99994
vt 0.147564 -0.135082
v 44.6971 26.9809 5.56817
vn 0.223473 -0.150567 0.963011
vt 0.123137 -0.135957
v 44.9799 27.8121 5.56817
vn -0.268838 0.0185807 -0.963006
vt 0.0819414 -0.179504
v 44.9656 28.2578 5.56203
vn -0.499256 -0.098506 -0.860837
vt 0.106702 -0.180393
v 44.9947 27.8121 5.56203
vn -0.507732 0.0339345 -0.860847
vt 0.0818876 -0.180393
v 44.9947 27.8121 5.56203
vn 0.507732 -0.0339345 0.860847
vt 0.0818876 -0.180393
v 44.9656 28.2578 5.56203
vn 0.499256 0.098506 0.860837
vt 0.106702 -0.180393
v 44.9799 27.8121 5.56817
vn 0.268838 -0.0185807 0.963006
vt 0.0819414 -0.179504
v 44.9075 27.374 5.56203
vn -0.481603 0.164309 -0.860849
vt 0.106596 -0.154414
v 44.8932 27.3779 5.56817
vn -0.254828 0.0875969 -0.963011
vt 0.10665 -0.153525
v 44.9799 27.8121 5.56817
vn -0.268838 0.0185807 -0.963006
vt 0.13125 -0.153525
v 44.9799 27.8121 5.56817
vn 0.268838 -0.0185807 0.963006
vt 0.13125 -0.153525
v 44.8932 27.3779 5.56817
vn 0.254828 -0.0875969 0.963011
vt 0.10665 -0.153525
v 44.9075 27.374 5.56203
vn 0.481603 -0.164309 0.860849
vt 0.106596 -0.154414
v 44.9656 28.2578 5.56203
vn -0.499256 -0.098506 -0.860837
vt 0.106702 -0.149354
v 44.9779 28.2611 5.55226
vn -0.69947 -0.138957 -0.701023
vt 0.10684 -0.150235
v 44.9947 27.8121 5.56203
vn -0.507732 0.0339345 -0.860847
vt 0.0818876 -0.149354
v 44.9947 27.8121 5.56203
vn 0.507732 -0.0339345 0.860847
vt 0.0818876 -0.149354
v 44.9779 28.2611 5.55226
vn 0.69947 0.138957 0.701023
vt 0.10684 -0.150235
v 44.9656 28.2578 5.56203
vn 0.499256 0.098506 0.860837
vt 0.106702 -0.149354
v 44.9656 28.2578 5.56203
vn -0.499256 -0.098506 -0.860837
vt 0.0507445 -0.166952
v 44.8331 28.6872 5.55226
vn -0.639604 -0.315317 -0.701058
vt 0.075697 -0.167842
v 44.9779 28.2611 5.55226
vn -0.69947 -0.138957 -0.701023
vt 0.050698 -0.167842
v 44.9779 28.2611 5.55226
vn 0.69947 0.138957 0.701023
vt 0.050698 -0.167842
v 44.8331 28.6872 5.55226
vn 0.639604 0.315317 0.701058
vt 0.075697 -0.167842
v 44.9656 28.2578 5.56203
vn 0.499256 0.098506 0.860837
vt 0.0507445 -0.166952
v 44.822 28.6808 5.56203
vn -0.456749 -0.224366 -0.860837
vt 0.0153922 -0.176453
v 44.5829 29.0612 5.55226
vn -0.536171 -0.470193 -0.701027
vt 0.0403447 -0.177344
v 44.8331 28.6872 5.55226
vn -0.639604 -0.315317 -0.701058
vt 0.0153457 -0.177344
v 44.8331 28.6872 5.55226
vn 0.639604 0.315317 0.701058
vt 0.0153457 -0.177344
v 44.5829 29.0612 5.55226
vn 0.536171 0.470193 0.701027
vt 0.0403447 -0.177344
v 44.822 28.6808 5.56203
vn 0.456749 0.224366 0.860837
vt 0.0153922 -0.176453
v 42.0645 26.8599 5.52471
vn -0.728622 -0.633236 -0.261003
vt 0.0166546 -0.0067101
v 42.0602 26.8556 5.53953
vn -0.695791 -0.608314 -0.381877
vt 0.0165869 -0.00582139
v 41.8254 27.2096 5.53953
vn -0.829525 -0.407502 -0.381877
vt 0.040187 -0.00582139
v 41.8254 27.2096 5.53953
vn 0.829525 0.407502 0.381877
vt 0.040187 -0.00582139
v 42.0602 26.8556 5.53953
vn 0.695791 0.608314 0.381877
vt 0.0165869 -0.00582139
v 42.0645 26.8599 5.52471
vn 0.728622 0.633236 0.261003
vt 0.0166546 -0.0067101
v 41.6962 27.6139 5.52471
vn -0.947623 -0.184088 -0.261003
vt 0.0829255 0.0056916
v 41.6903 27.6123 5.53953
vn -0.906729 -0.17892 -0.381877
vt 0.0828578 0.00658032
v 41.664 28.0363 5.53953
vn -0.922141 0.0618556 -0.381877
vt 0.106458 0.00658032
v 41.664 28.0363 5.53953
vn 0.922141 -0.0618556 0.381877
vt 0.106458 0.00658032
v 41.6903 27.6123 5.53953
vn 0.906729 0.17892 0.381877
vt 0.0828578 0.00658032
v 41.6962 27.6139 5.52471
vn 0.947623 0.184088 0.261003
vt 0.0829255 0.0056916
v 41.8307 27.2127 5.52471
vn -0.867688 -0.423078 -0.261003
vt 0.0519604 -0.00215017
v 41.8254 27.2096 5.53953
vn -0.829525 -0.407502 -0.381877
vt 0.0518926 -0.00126146
v 41.6903 27.6123 5.53953
vn -0.906729 -0.17892 -0.381877
vt 0.0754927 -0.00126146
v 41.6903 27.6123 5.53953
vn 0.906729 0.17892 0.381877
vt 0.0754927 -0.00126146
v 41.8254 27.2096 5.53953
vn 0.829525 0.407502 0.381877
vt 0.0518926 -0.00126146
v 41.8307 27.2127 5.52471
vn 0.867688 0.423078 0.261003
vt 0.0519604 -0.00215017
v 42.3737 26.5659 5.55226
vn -0.392463 -0.582615 -0.711711
vt -0.020761 -0.0196553
v 42.0602 26.8556 5.53953
vn -0.600618 -0.519506 -0.60776
vt 0.00294673 -0.02054
v 42.3786 26.5744 5.53953
vn -0.445979 -0.657074 -0.607747
vt -0.0206533 -0.02054
v 42.3786 26.5744 5.53953
vn 0.445979 0.657074 0.607747
vt -0.0206533 -0.02054
v 42.0602 26.8556 5.53953
vn 0.600618 0.519506 0.60776
vt 0.00294673 -0.02054
v 42.3737 26.5659 5.55226
vn 0.392463 0.582615 0.711711
vt -0.020761 -0.0196553
v 41.664 28.0363 5.53953
vn -0.792032 0.057692 -0.607747
vt 0.107372 0.0177425
v 41.6542 28.0363 5.55226
vn -0.700757 0.0484787 -0.711751
vt 0.107265 0.0186273
v 41.7483 28.4527 5.53953
vn -0.750219 0.260583 -0.607674
vt 0.130972 0.0177425
v 41.7483 28.4527 5.53953
vn 0.750219 -0.260583 0.607674
vt 0.130972 0.0177425
v 41.6542 28.0363 5.55226
vn 0.700757 -0.0484787 0.711751
vt 0.107265 0.0186273
v 41.664 28.0363 5.53953
vn 0.792032 -0.057692 0.607747
vt 0.107372 0.0177425
v 41.7483 28.4527 5.53953
vn -0.750219 0.260583 -0.607674
vt 0.123765 0.0378998
v 41.7389 28.4552 5.55226
vn -0.664258 0.228185 -0.711823
vt 0.123658 0.0387846
v 41.9375 28.833 5.53953
vn -0.657255 0.445695 -0.60776
vt 0.147365 0.0378998
v 41.9375 28.833 5.53953
vn 0.657255 -0.445695 0.60776
vt 0.147365 0.0378998
v 41.7389 28.4552 5.55226
vn 0.664258 -0.228185 0.711823
vt 0.123658 0.0387846
v 41.7483 28.4527 5.53953
vn 0.750219 -0.260583 0.607674
vt 0.123765 0.0378998
v 44.5739 29.0522 5.56203
vn -0.383116 -0.334937 -0.860837
vt 0.0403205 -0.175144
v 44.5829 29.0612 5.55226
vn -0.536171 -0.470193 -0.701027
vt 0.0404585 -0.176025
v 44.822 28.6808 5.56203
vn -0.456749 -0.224366 -0.860837
vt 0.0155057 -0.175144
v 44.822 28.6808 5.56203
vn 0.456749 0.224366 0.860837
vt 0.0155057 -0.175144
v 44.5829 29.0612 5.55226
vn 0.536171 0.470193 0.701027
vt 0.0404585 -0.176025
v 44.5739 29.0522 5.56203
vn 0.383116 0.334937 0.860837
vt 0.0403205 -0.175144
v 44.5634 29.0417 5.56817
vn -0.203311 -0.176913 -0.962999
vt -0.0216893 -0.212006
v 44.2381 29.3468 5.56203
vn -0.283373 -0.422682 -0.860837
vt 0.00307176 -0.212896
v 44.5739 29.0522 5.56203
vn -0.383116 -0.334937 -0.860837
vt -0.0217431 -0.212896
v 44.5739 29.0522 5.56203
vn 0.383116 0.334937 0.860837
vt -0.0217431 -0.212896
v 44.2381 29.3468 5.56203
vn 0.283373 0.422682 0.860837
vt 0.00307176 -0.212896
v 44.5634 29.0417 5.56817
vn 0.203311 0.176913 0.962999
vt -0.0216893 -0.212006
v 44.5522 29.0305 5.57026
vn -0.00872301 -0.00669322 -0.99994
vt -0.0214969 -0.231137
v 44.2307 29.3339 5.56817
vn -0.150594 -0.223506 -0.962999
vt 0.0030462 -0.232026
v 44.5634 29.0417 5.56817
vn -0.203311 -0.176913 -0.962999
vt -0.0215541 -0.232026
v 44.5634 29.0417 5.56817
vn 0.203311 0.176913 0.962999
vt -0.0215541 -0.232026
v 44.2307 29.3339 5.56817
vn 0.150594 0.223506 0.962999
vt 0.0030462 -0.232026
v 44.5522 29.0305 5.57026
vn 0.00872301 0.00669322 0.99994
vt -0.0214969 -0.231137
v 44.2228 29.3202 5.57026
vn -0.00669345 -0.00872284 -0.99994
vt 0.00302039 -0.231042
v 44.2307 29.3339 5.56817
vn -0.150594 -0.223506 -0.962999
vt 0.00319392 -0.231917
v 44.5522 29.0305 5.57026
vn -0.00872301 -0.00669322 -0.99994
vt -0.0213498 -0.231042
v 44.5522 29.0305 5.57026
vn 0.00872301 0.00669322 0.99994
vt -0.0213498 -0.231042
v 44.2307 29.3339 5.56817
vn 0.150594 0.223506 0.962999
vt 0.00319392 -0.231917
v 44.2228 29.3202 5.57026
vn 0.00669345 0.00872284 0.99994
vt 0.00302039 -0.231042
v 43.8296 29.5147 5.57026
vn -0.00418608 -0.0101501 -0.99994
vt -0.0336008 -0.223872
v 43.8337 29.5301 5.56817
vn -0.0876154 -0.254867 -0.962999
vt -0.0334273 -0.224747
v 44.2228 29.3202 5.57026
vn -0.00669345 -0.00872284 -0.99994
vt -0.057971 -0.223872
v 44.2228 29.3202 5.57026
vn 0.00669345 0.00872284 0.99994
vt -0.057971 -0.223872
v 43.8337 29.5301 5.56817
vn 0.0876154 0.254867 0.962999
vt -0.0334273 -0.224747
v 43.8296 29.5147 5.57026
vn 0.00418608 0.0101501 0.99994
vt -0.0336008 -0.223872
v 43.3995 29.6008 5.57026
vn -0.00145423 -0.0108615 -0.99994
vt -0.0671018 -0.207553
v 43.3995 29.6167 5.56817
vn -0.0187426 -0.268837 -0.963003
vt -0.0669283 -0.208427
v 43.8296 29.5147 5.57026
vn -0.00418608 -0.0101501 -0.99994
vt -0.091472 -0.207553
v 43.8296 29.5147 5.57026
vn 0.00418608 0.0101501 0.99994
vt -0.091472 -0.207553
v 43.3995 29.6167 5.56817
vn 0.0187426 0.268837 0.963003
vt -0.0669283 -0.208427
v 43.3995 29.6008 5.57026
vn 0.00145423 0.0108615 0.99994
vt -0.0671018 -0.207553
v 42.9658 29.5574 5.56817
vn -0.0484722 0.244374 -0.968469
vt 0.095373 0.186562
v 42.9617 29.5727 5.57026
vn 0.00142842 -0.0108484 -0.99994
vt 0.0951995 0.187436
v 43.3995 29.6008 5.57026
vn -0.00145423 -0.0108615 -0.99994
vt 0.11957 0.187436
v 43.3995 29.6008 5.57026
vn 0.00145423 0.0108615 0.99994
vt 0.11957 0.187436
v 42.9617 29.5727 5.57026
vn -0.00142842 0.0108484 0.99994
vt 0.0951995 0.187436
v 42.9658 29.5574 5.56817
vn 0.0484722 -0.244374 0.968469
vt 0.095373 0.186562
v 42.5615 29.4057 5.56203
vn -0.216701 0.442399 -0.870243
vt 0.116216 0.148221
v 42.5541 29.4185 5.56817
vn -0.110069 0.223501 -0.968469
vt 0.116054 0.149097
v 42.9658 29.5574 5.56817
vn -0.0484722 0.244374 -0.968469
vt 0.140194 0.149097
v 42.9658 29.5574 5.56817
vn 0.0484722 -0.244374 0.968469
vt 0.140194 0.149097
v 42.5541 29.4185 5.56817
vn 0.110069 -0.223501 0.968469
vt 0.116054 0.149097
v 42.5615 29.4057 5.56203
vn 0.216701 -0.442399 0.870243
vt 0.116216 0.148221
v 42.2118 29.1583 5.55226
vn -0.461143 0.529821 -0.711784
vt 0.128352 0.10246
v 42.2028 29.1673 5.56203
vn -0.323819 0.371239 -0.870243
vt 0.128212 0.103341
v 42.5615 29.4057 5.56203
vn -0.216701 0.442399 -0.870243
vt 0.152137 0.103341
v 42.5615 29.4057 5.56203
vn 0.216701 -0.442399 0.870243
vt 0.152137 0.103341
v 42.2028 29.1673 5.56203
vn 0.323819 -0.371239 0.870243
vt 0.128212 0.103341
v 42.2118 29.1583 5.55226
vn 0.461143 -0.529821 0.711784
vt 0.128352 0.10246
v 41.9375 28.833 5.53953
vn -0.657255 0.445695 -0.60776
vt 0.130953 0.0598904
v 41.9291 28.8379 5.55226
vn -0.582634 0.392294 -0.711789
vt 0.130845 0.0607751
v 42.2118 29.1583 5.55226
vn -0.461143 0.529821 -0.711784
vt 0.154587 0.0607751
v 42.2118 29.1583 5.55226
vn 0.461143 -0.529821 0.711784
vt 0.154587 0.0607751
v 41.9291 28.8379 5.55226
vn 0.582634 -0.392294 0.711789
vt 0.130845 0.0607751
v 41.9375 28.833 5.53953
vn 0.657255 -0.445695 0.60776
vt 0.130953 0.0598904
v 42.7531 26.3634 5.56203
vn -0.159587 -0.466031 -0.870257
vt -0.0575567 -0.0256474
v 42.3737 26.5659 5.55226
vn -0.392463 -0.582615 -0.711711
vt -0.0336752 -0.0265276
v 42.7564 26.3757 5.55226
vn -0.228243 -0.664396 -0.711676
vt -0.0574166 -0.0265276
v 42.7564 26.3757 5.55226
vn 0.228243 0.664396 0.711676
vt -0.0574166 -0.0265276
v 42.3737 26.5659 5.55226
vn 0.392463 0.582615 0.711711
vt -0.0336752 -0.0265276
v 42.7531 26.3634 5.56203
vn 0.159587 0.466031 0.870257
vt -0.0575567 -0.0256474
v 43.1753 26.2635 5.56817
vn -0.0164244 -0.248547 -0.968481
vt -0.0912644 -0.0191057
v 42.7531 26.3634 5.56203
vn -0.159587 -0.466031 -0.870257
vt -0.0671762 -0.019982
v 43.1753 26.2783 5.56203
vn -0.0335319 -0.491455 -0.870257
vt -0.0911017 -0.019982
v 43.1753 26.2783 5.56203
vn 0.0335319 0.491455 0.870257
vt -0.0911017 -0.019982
v 42.7531 26.3634 5.56203
vn 0.159587 0.466031 0.870257
vt -0.0671762 -0.019982
v 43.1753 26.2635 5.56817
vn 0.0164244 0.248547 0.968481
vt -0.0912644 -0.0191057
v 43.1753 26.2635 5.56817
vn -0.0164244 -0.248547 -0.968481
vt -0.0952544 0.00346653
v 43.1753 26.2783 5.56203
vn -0.0335319 -0.491455 -0.870257
vt -0.0953066 0.00257677
v 43.6089 26.2911 5.56817
vn 0.0483971 -0.24437 -0.968474
vt -0.119394 0.00346653
v 43.6089 26.2911 5.56817
vn -0.0483971 0.24437 0.968474
vt -0.119394 0.00346653
v 43.1753 26.2783 5.56203
vn 0.0335319 0.491455 0.870257
vt -0.0953066 0.00257677
v 43.1753 26.2635 5.56817
vn 0.0164244 0.248547 0.968481
vt -0.0952544 0.00346653
v 43.6089 26.2911 5.56817
vn 0.0483971 -0.24437 -0.968474
vt -0.116054 0.0321193
v 44.0132 26.4428 5.56203
vn 0.216701 -0.442399 -0.870243
vt -0.140032 0.0312429
v 44.0207 26.4299 5.56817
vn 0.110069 -0.223501 -0.968469
vt -0.140194 0.0321193
v 44.0207 26.4299 5.56817
vn -0.110069 0.223501 0.968469
vt -0.140194 0.0321193
v 44.0132 26.4428 5.56203
vn -0.216701 0.442399 0.870243
vt -0.140032 0.0312429
v 43.6089 26.2911 5.56817
vn -0.0483971 0.24437 0.968474
vt -0.116054 0.0321193
v 44.0207 26.4299 5.56817
vn 0.110069 -0.223501 -0.968469
vt -0.128122 0.0646587
v 44.3719 26.6811 5.56203
vn 0.323819 -0.371239 -0.870243
vt -0.1521 0.0637823
v 44.3824 26.6706 5.56817
vn 0.164165 -0.187398 -0.968469
vt -0.152262 0.0646587
v 44.3824 26.6706 5.56817
vn -0.164165 0.187398 0.968469
vt -0.152262 0.0646587
v 44.3719 26.6811 5.56203
vn -0.323819 0.371239 0.870243
vt -0.1521 0.0637823
v 44.0207 26.4299 5.56817
vn -0.110069 0.223501 0.968469
vt -0.128122 0.0646587
v 44.3824 26.6706 5.56817
vn 0.164165 -0.187398 -0.968469
vt -0.130636 0.0989666
v 44.6567 27.0042 5.56203
vn 0.408869 -0.274779 -0.870243
vt -0.154614 0.0980902
v 44.6695 26.9968 5.56817
vn 0.207073 -0.138523 -0.968469
vt -0.154776 0.0989666
v 44.6695 26.9968 5.56817
vn -0.207073 0.138523 0.968469
vt -0.154776 0.0989666
v 44.6567 27.0042 5.56203
vn -0.408869 0.274779 0.870243
vt -0.154614 0.0980902
v 44.3824 26.6706 5.56817
vn -0.164165 0.187398 0.968469
vt -0.130636 0.0989666
v 44.6833 26.9888 5.57026
vn -0.00868105 0.00666096 -0.99994
vt -0.123369 0.139158
v 44.6695 26.9968 5.56817
vn 0.207073 -0.138523 -0.968469
vt -0.123425 0.138269
v 44.8625 27.3861 5.56817
vn 0.23587 -0.0802086 -0.968469
vt -0.147565 0.138269
v 44.8625 27.3861 5.56817
vn -0.23587 0.0802086 0.968469
vt -0.147565 0.138269
v 44.6695 26.9968 5.56817
vn -0.207073 0.138523 0.968469
vt -0.123425 0.138269
v 44.6833 26.9888 5.57026
vn 0.00868105 -0.00666096 0.99994
vt -0.123369 0.139158
v 44.6971 26.9809 5.56817
vn -0.223473 0.150567 -0.963011
vt 0.123224 -0.135958
v 44.6833 26.9888 5.57026
vn -0.00868105 0.00666096 -0.99994
vt 0.123281 -0.135069
v 44.8779 27.382 5.57026
vn -0.0101092 0.00418717 -0.99994
vt 0.147651 -0.135069
v 44.8779 27.382 5.57026
vn 0.0101092 -0.00418717 0.99994
vt 0.147651 -0.135069
v 44.6833 26.9888 5.57026
vn 0.00868105 -0.00666096 0.99994
vt 0.123281 -0.135069
v 44.6971 26.9809 5.56817
vn 0.223473 -0.150567 0.963011
vt 0.123224 -0.135958
v 44.7099 26.9735 5.56203
vn -0.422666 0.283358 -0.860849
vt 0.123084 -0.123483
v 44.6971 26.9809 5.56817
vn -0.223473 0.150567 -0.963011
vt 0.123137 -0.122593
v 44.8932 27.3779 5.56817
vn -0.254828 0.0875969 -0.963011
vt 0.147737 -0.122593
v 44.8932 27.3779 5.56817
vn 0.254828 -0.0875969 0.963011
vt 0.147737 -0.122593
v 44.6971 26.9809 5.56817
vn 0.223473 -0.150567 0.963011
vt 0.123137 -0.122593
v 44.7099 26.9735 5.56203
vn 0.422666 -0.283358 0.860849
vt 0.123084 -0.123483
v 44.9075 27.374 5.56203
vn -0.481603 0.164309 -0.860849
vt 0.106497 -0.153969
v 44.9799 27.8121 5.56817
vn -0.268838 0.0185807 -0.963006
vt 0.131151 -0.153092
v 44.9947 27.8121 5.56203
vn -0.507732 0.0339345 -0.860847
vt 0.131312 -0.153969
v 44.9947 27.8121 5.56203
vn 0.507732 -0.0339345 0.860847
vt 0.131312 -0.153969
v 44.9799 27.8121 5.56817
vn 0.268838 -0.0185807 0.963006
vt 0.131151 -0.153092
v 44.9075 27.374 5.56203
vn 0.481603 -0.164309 0.860849
vt 0.106497 -0.153969
v 44.7099 26.9735 5.56203
vn -0.422666 0.283358 -0.860849
vt 0.123003 -0.123125
v 44.8932 27.3779 5.56817
vn -0.254828 0.0875969 -0.963011
vt 0.147657 -0.122249
v 44.9075 27.374 5.56203
vn -0.481603 0.164309 -0.860849
vt 0.147818 -0.123125
v 44.9075 27.374 5.56203
vn 0.481603 -0.164309 0.860849
vt 0.147818 -0.123125
v 44.8932 27.3779 5.56817
vn 0.254828 -0.0875969 0.963011
vt 0.147657 -0.122249
v 44.7099 26.9735 5.56203
vn 0.422666 -0.283358 0.860849
vt 0.123003 -0.123125
v 44.9947 27.8121 5.56203
vn -0.507732 0.0339345 -0.860847
vt 0.08179 -0.150521
v 44.9779 28.2611 5.55226
vn -0.69947 -0.138957 -0.701023
vt 0.106743 -0.151411
v 45.0075 27.8121 5.55226
vn -0.71167 0.0466778 -0.700961
vt 0.0817435 -0.151411
v 45.0075 27.8121 5.55226
vn 0.71167 -0.0466778 0.700961
vt 0.0817435 -0.151411
v 44.9779 28.2611 5.55226
vn 0.69947 0.138957 0.701023
vt 0.106743 -0.151411
v 44.9947 27.8121 5.56203
vn 0.507732 -0.0339345 0.860847
vt 0.08179 -0.150521
v 44.9873 28.2637 5.53953
vn -0.852286 -0.170174 -0.49462
vt 0.0506623 -0.124733
v 44.9779 28.2611 5.55226
vn -0.69947 -0.138957 -0.701023
vt 0.050698 -0.123842
v 44.8331 28.6872 5.55226
vn -0.639604 -0.315317 -0.701058
vt 0.075697 -0.123842
v 44.8331 28.6872 5.55226
vn 0.639604 0.315317 0.701058
vt 0.075697 -0.123842
v 44.9779 28.2611 5.55226
vn 0.69947 0.138957 0.701023
vt 0.050698 -0.123842
v 44.9873 28.2637 5.53953
vn 0.852286 0.170174 0.49462
vt 0.0506623 -0.124733
v 44.8415 28.6921 5.53953
vn -0.779151 -0.385073 -0.494613
vt 0.01531 -0.132019
v 44.8331 28.6872 5.55226
vn -0.639604 -0.315317 -0.701058
vt 0.0153457 -0.131129
v 44.5829 29.0612 5.55226
vn -0.536171 -0.470193 -0.701027
vt 0.0403447 -0.131129
v 44.5829 29.0612 5.55226
vn 0.536171 0.470193 0.701027
vt 0.0403447 -0.131129
v 44.8331 28.6872 5.55226
vn 0.639604 0.315317 0.701058
vt 0.0153457 -0.131129
v 44.8415 28.6921 5.53953
vn 0.779151 0.385073 0.494613
vt 0.01531 -0.132019
v 42.0602 26.8556 5.53953
vn -0.600618 -0.519506 -0.60776
vt 0.0165869 -0.019422
v 41.817 27.2047 5.55226
vn -0.631192 -0.308407 -0.711676
vt 0.0402206 -0.0185313
v 41.8254 27.2096 5.53953
vn -0.714631 -0.346181 -0.607833
vt 0.040187 -0.019422
v 41.8254 27.2096 5.53953
vn 0.714631 0.346181 0.607833
vt 0.040187 -0.019422
v 41.817 27.2047 5.55226
vn 0.631192 0.308407 0.711676
vt 0.0402206 -0.0185313
v 42.0602 26.8556 5.53953
vn 0.600618 0.519506 0.60776
vt 0.0165869 -0.019422
v 41.664 28.0363 5.53953
vn -0.792032 0.057692 -0.607747
vt 0.106458 0.000624465
v 41.6903 27.6123 5.53953
vn -0.779879 -0.149425 -0.607833
vt 0.0828578 0.000624465
v 41.6542 28.0363 5.55226
vn -0.700757 0.0484787 -0.711751
vt 0.106491 0.00151512
v 41.6542 28.0363 5.55226
vn 0.700757 -0.0484787 0.711751
vt 0.106491 0.00151512
v 41.6903 27.6123 5.53953
vn 0.779879 0.149425 0.607833
vt 0.0828578 0.000624465
v 41.664 28.0363 5.53953
vn 0.792032 -0.057692 0.607747
vt 0.106458 0.000624465
v 41.8254 27.2096 5.53953
vn -0.714631 -0.346181 -0.607833
vt 0.0518926 -0.0120512
v 41.6809 27.6098 5.55226
vn -0.689506 -0.134534 -0.711676
vt 0.0755263 -0.0111605
v 41.6903 27.6123 5.53953
vn -0.779879 -0.149425 -0.607833
vt 0.0754927 -0.0120512
v 41.6903 27.6123 5.53953
vn 0.779879 0.149425 0.607833
vt 0.0754927 -0.0120512
v 41.6809 27.6098 5.55226
vn 0.689506 0.134534 0.711676
vt 0.0755263 -0.0111605
v 41.8254 27.2096 5.53953
vn 0.714631 0.346181 0.607833
vt 0.0518926 -0.0120512
v 42.0533 26.8487 5.55226
vn -0.529785 -0.461292 -0.711715
vt 0.00295873 -0.0200951
v 42.0602 26.8556 5.53953
vn -0.600618 -0.519506 -0.60776
vt 0.00292491 -0.0209857
v 42.3737 26.5659 5.55226
vn -0.392463 -0.582615 -0.711711
vt -0.0207826 -0.0200951
v 42.3737 26.5659 5.55226
vn 0.392463 0.582615 0.711711
vt -0.0207826 -0.0200951
v 42.0602 26.8556 5.53953
vn 0.600618 0.519506 0.60776
vt 0.00292491 -0.0209857
v 42.0533 26.8487 5.55226
vn 0.529785 0.461292 0.711715
vt 0.00295873 -0.0200951
v 41.9375 28.833 5.53953
vn -0.657255 0.445695 -0.60776
vt 0.147383 0.0380952
v 41.7389 28.4552 5.55226
vn -0.664258 0.228185 -0.711823
vt 0.123676 0.0389859
v 41.9291 28.8379 5.55226
vn -0.582634 0.392294 -0.711789
vt 0.147417 0.0389859
v 41.9291 28.8379 5.55226
vn 0.582634 -0.392294 0.711789
vt 0.147417 0.0389859
v 41.7389 28.4552 5.55226
vn 0.664258 -0.228185 0.711823
vt 0.123676 0.0389859
v 41.9375 28.833 5.53953
vn 0.657255 -0.445695 0.60776
vt 0.147383 0.0380952
v 41.7483 28.4527 5.53953
vn -0.750219 0.260583 -0.607674
vt 0.130977 0.0177084
v 41.6542 28.0363 5.55226
vn -0.700757 0.0484787 -0.711751
vt 0.107269 0.0185991
v 41.7389 28.4552 5.55226
vn -0.664258 0.228185 -0.711823
vt 0.13101 0.0185991
v 41.7389 28.4552 5.55226
vn 0.664258 -0.228185 0.711823
vt 0.13101 0.0185991
v 41.6542 28.0363 5.55226
vn 0.700757 -0.0484787 0.711751
vt 0.107269 0.0185991
v 41.7483 28.4527 5.53953
vn 0.750219 -0.260583 0.607674
vt 0.130977 0.0177084
v 44.5739 29.0522 5.56203
vn -0.383116 -0.334937 -0.860837
vt -0.0218577 -0.178378
v 44.2445 29.3578 5.55226
vn -0.396342 -0.592858 -0.701023
vt 0.00309483 -0.179268
v 44.5829 29.0612 5.55226
vn -0.536171 -0.470193 -0.701027
vt -0.0219042 -0.179268
v 44.5829 29.0612 5.55226
vn 0.536171 0.470193 0.701027
vt -0.0219042 -0.179268
v 44.2445 29.3578 5.55226
vn 0.396342 0.592858 0.701023
vt 0.00309483 -0.179268
v 44.5739 29.0522 5.56203
vn 0.383116 0.334937 0.860837
vt -0.0218577 -0.178378
v 44.2381 29.3468 5.56203
vn -0.283373 -0.422682 -0.860837
vt 0.00307176 -0.177071
v 44.2445 29.3578 5.55226
vn -0.396342 -0.592858 -0.701023
vt 0.00320979 -0.177951
v 44.5739 29.0522 5.56203
vn -0.383116 -0.334937 -0.860837
vt -0.0217431 -0.177071
v 44.5739 29.0522 5.56203
vn 0.383116 0.334937 0.860837
vt -0.0217431 -0.177071
v 44.2445 29.3578 5.55226
vn 0.396342 0.592858 0.701023
vt 0.00320979 -0.177951
v 44.2381 29.3468 5.56203
vn 0.283373 0.422682 0.860837
vt 0.00307176 -0.177071
v 44.2307 29.3339 5.56817
vn -0.150594 -0.223506 -0.962999
vt 0.0030462 -0.211361
v 44.2381 29.3468 5.56203
vn -0.283373 -0.422682 -0.860837
vt 0.00320741 -0.212238
v 44.5634 29.0417 5.56817
vn -0.203311 -0.176913 -0.962999
vt -0.0215541 -0.211361
v 44.5634 29.0417 5.56817
vn 0.203311 0.176913 0.962999
vt -0.0215541 -0.211361
v 44.2381 29.3468 5.56203
vn 0.283373 0.422682 0.860837
vt 0.00320741 -0.212238
v 44.2307 29.3339 5.56817
vn 0.150594 0.223506 0.962999
vt 0.0030462 -0.211361
v 44.2228 29.3202 5.57026
vn -0.00669345 -0.00872284 -0.99994
vt -0.0581136 -0.223942
v 43.8337 29.5301 5.56817
vn -0.0876154 -0.254867 -0.962999
vt -0.0335705 -0.224831
v 44.2307 29.3339 5.56817
vn -0.150594 -0.223506 -0.962999
vt -0.0581708 -0.224831
v 44.2307 29.3339 5.56817
vn 0.150594 0.223506 0.962999
vt -0.0581708 -0.224831
v 43.8337 29.5301 5.56817
vn 0.0876154 0.254867 0.962999
vt -0.0335705 -0.224831
v 44.2228 29.3202 5.57026
vn 0.00669345 0.00872284 0.99994
vt -0.0581136 -0.223942
v 43.8296 29.5147 5.57026
vn -0.00418608 -0.0101501 -0.99994
vt -0.0916043 -0.207596
v 43.3995 29.6167 5.56817
vn -0.0187426 -0.268837 -0.963003
vt -0.0670611 -0.208486
v 43.8337 29.5301 5.56817
vn -0.0876154 -0.254867 -0.962999
vt -0.0916615 -0.208486
v 43.8337 29.5301 5.56817
vn 0.0876154 0.254867 0.962999
vt -0.0916615 -0.208486
v 43.3995 29.6167 5.56817
vn 0.0187426 0.268837 0.963003
vt -0.0670611 -0.208486
v 43.8296 29.5147 5.57026
vn 0.00418608 0.0101501 0.99994
vt -0.0916043 -0.207596
v 43.3995 29.6008 5.57026
vn -0.00145423 -0.0108615 -0.99994
vt -0.11957 -0.183289
v 42.9617 29.5727 5.57026
vn 0.00142842 -0.0108484 -0.99994
vt -0.0951995 -0.183289
v 43.3995 29.6167 5.56817
vn -0.0187426 -0.268837 -0.963003
vt -0.119626 -0.184178
v 43.3995 29.6167 5.56817
vn 0.0187426 0.268837 0.963003
vt -0.119626 -0.184178
v 42.9617 29.5727 5.57026
vn -0.00142842 0.0108484 0.99994
vt -0.0951995 -0.183289
v 43.3995 29.6008 5.57026
vn 0.00145423 0.0108615 0.99994
vt -0.11957 -0.183289
v 42.5541 29.4185 5.56817
vn -0.110069 0.223501 -0.968469
vt 0.116054 0.155911
v 42.9617 29.5727 5.57026
vn 0.00142842 -0.0108484 -0.99994
vt 0.14025 0.156801
v 42.9658 29.5574 5.56817
vn -0.0484722 0.244374 -0.968469
vt 0.140194 0.155911
v 42.9658 29.5574 5.56817
vn 0.0484722 -0.244374 0.968469
vt 0.140194 0.155911
v 42.9617 29.5727 5.57026
vn -0.00142842 0.0108484 0.99994
vt 0.14025 0.156801
v 42.5541 29.4185 5.56817
vn 0.110069 -0.223501 0.968469
vt 0.116054 0.155911
v 42.2028 29.1673 5.56203
vn -0.323819 0.371239 -0.870243
vt 0.128212 0.115954
v 42.5541 29.4185 5.56817
vn -0.110069 0.223501 -0.968469
vt 0.152189 0.116844
v 42.5615 29.4057 5.56203
vn -0.216701 0.442399 -0.870243
vt 0.152137 0.115954
v 42.5615 29.4057 5.56203
vn 0.216701 -0.442399 0.870243
vt 0.152137 0.115954
v 42.5541 29.4185 5.56817
vn 0.110069 -0.223501 0.968469
vt 0.152189 0.116844
v 42.2028 29.1673 5.56203
vn 0.323819 -0.371239 0.870243
vt 0.128212 0.115954
v 41.9291 28.8379 5.55226
vn -0.582634 0.392294 -0.711789
vt 0.130845 0.073519
v 42.2028 29.1673 5.56203
vn -0.323819 0.371239 -0.870243
vt 0.154631 0.0744092
v 42.2118 29.1583 5.55226
vn -0.461143 0.529821 -0.711784
vt 0.154587 0.073519
v 42.2118 29.1583 5.55226
vn 0.461143 -0.529821 0.711784
vt 0.154587 0.073519
v 42.2028 29.1673 5.56203
vn 0.323819 -0.371239 0.870243
vt 0.154631 0.0744092
v 41.9291 28.8379 5.55226
vn 0.582634 -0.392294 0.711789
vt 0.130845 0.073519
v 42.3674 26.5549 5.56203
vn -0.274767 -0.408847 -0.870257
vt -0.0336548 -0.0259695
v 42.3737 26.5659 5.55226
vn -0.392463 -0.582615 -0.711711
vt -0.0336992 -0.0268597
v 42.7531 26.3634 5.56203
vn -0.159587 -0.466031 -0.870257
vt -0.0575803 -0.0259695
v 42.7531 26.3634 5.56203
vn 0.159587 0.466031 0.870257
vt -0.0575803 -0.0259695
v 42.3737 26.5659 5.55226
vn 0.392463 0.582615 0.711711
vt -0.0336992 -0.0268597
v 42.3674 26.5549 5.56203
vn 0.274767 0.408847 0.870257
vt -0.0336548 -0.0259695
v 42.7493 26.3491 5.56817
vn -0.0801934 -0.235827 -0.968481
vt -0.067141 -0.0192153
v 42.7531 26.3634 5.56203
vn -0.159587 -0.466031 -0.870257
vt -0.0671932 -0.020105
v 43.1753 26.2635 5.56817
vn -0.0164244 -0.248547 -0.968481
vt -0.091281 -0.0192153
v 43.1753 26.2635 5.56817
vn 0.0164244 0.248547 0.968481
vt -0.091281 -0.0192153
v 42.7531 26.3634 5.56203
vn 0.159587 0.466031 0.870257
vt -0.0671932 -0.020105
v 42.7493 26.3491 5.56817
vn 0.0801934 0.235827 0.968481
vt -0.067141 -0.0192153
v 43.1753 26.2635 5.56817
vn -0.0164244 -0.248547 -0.968481
vt -0.0952544 -0.000681423
v 43.6089 26.2911 5.56817
vn 0.0483971 -0.24437 -0.968474
vt -0.119394 -0.000681423
v 43.613 26.2757 5.57026
vn -0.00142531 0.0108764 -0.99994
vt -0.119568 0.000192702
v 43.613 26.2757 5.57026
vn 0.00142531 -0.0108764 0.99994
vt -0.119568 0.000192702
v 43.6089 26.2911 5.56817
vn -0.0483971 0.24437 0.968474
vt -0.119394 -0.000681423
v 43.1753 26.2635 5.56817
vn 0.0164244 0.248547 0.968481
vt -0.0952544 -0.000681423
v 43.613 26.2757 5.57026
vn -0.00142531 0.0108764 -0.99994
vt -0.115998 0.0309019
v 43.6089 26.2911 5.56817
vn 0.0483971 -0.24437 -0.968474
vt -0.116054 0.0300124
v 44.0207 26.4299 5.56817
vn 0.110069 -0.223501 -0.968469
vt -0.140194 0.0300124
v 44.0207 26.4299 5.56817
vn -0.110069 0.223501 0.968469
vt -0.140194 0.0300124
v 43.6089 26.2911 5.56817
vn -0.0483971 0.24437 0.968474
vt -0.116054 0.0300124
v 43.613 26.2757 5.57026
vn 0.00142531 -0.0108764 0.99994
vt -0.115998 0.0309019
v 44.0286 26.4162 5.57026
vn -0.00418753 0.0101091 -0.99994
vt -0.128066 0.0659229
v 44.0207 26.4299 5.56817
vn 0.110069 -0.223501 -0.968469
vt -0.128122 0.0650333
v 44.3824 26.6706 5.56817
vn 0.164165 -0.187398 -0.968469
vt -0.152262 0.0650333
v 44.3824 26.6706 5.56817
vn -0.164165 0.187398 0.968469
vt -0.152262 0.0650333
v 44.0207 26.4299 5.56817
vn -0.110069 0.223501 0.968469
vt -0.128122 0.0650333
v 44.0286 26.4162 5.57026
vn 0.00418753 -0.0101091 0.99994
vt -0.128066 0.0659229
v 44.3937 26.6594 5.57026
vn -0.00666127 0.00868082 -0.99994
vt -0.13058 0.102847
v 44.3824 26.6706 5.56817
vn 0.164165 -0.187398 -0.968469
vt -0.130636 0.101958
v 44.6695 26.9968 5.56817
vn 0.207073 -0.138523 -0.968469
vt -0.154776 0.101958
v 44.6695 26.9968 5.56817
vn -0.207073 0.138523 0.968469
vt -0.154776 0.101958
v 44.3824 26.6706 5.56817
vn -0.164165 0.187398 0.968469
vt -0.130636 0.101958
v 44.3937 26.6594 5.57026
vn 0.00666127 -0.00868082 0.99994
vt -0.13058 0.102847
v 44.3937 26.6594 5.57026
vn -0.00666127 0.00868082 -0.99994
vt -0.130515 0.102935
v 44.6695 26.9968 5.56817
vn 0.207073 -0.138523 -0.968469
vt -0.154712 0.102061
v 44.6833 26.9888 5.57026
vn -0.00868105 0.00666096 -0.99994
vt -0.154885 0.102935
v 44.6833 26.9888 5.57026
vn 0.00868105 -0.00666096 0.99994
vt -0.154885 0.102935
v 44.6695 26.9968 5.56817
vn -0.207073 0.138523 0.968469
vt -0.154712 0.102061
v 44.3937 26.6594 5.57026
vn 0.00666127 -0.00868082 0.99994
vt -0.130515 0.102935
v 44.4049 26.6482 5.56817
vn -0.176889 0.203275 -0.963011
vt 0.130394 -0.0996655
v 44.6833 26.9888 5.57026
vn -0.00868105 0.00666096 -0.99994
vt 0.154821 -0.0987911
v 44.6971 26.9809 5.56817
vn -0.223473 0.150567 -0.963011
vt 0.154994 -0.0996655
v 44.6971 26.9809 5.56817
vn 0.223473 -0.150567 0.963011
vt 0.154994 -0.0996655
v 44.6833 26.9888 5.57026
vn 0.00868105 -0.00666096 0.99994
vt 0.154821 -0.0987911
v 44.4049 26.6482 5.56817
vn 0.176889 -0.203275 0.963011
vt 0.130394 -0.0996655
v 44.4154 26.6377 5.56203
vn -0.334926 0.383097 -0.860849
vt 0.130282 -0.0893974
v 44.6971 26.9809 5.56817
vn -0.223473 0.150567 -0.963011
vt 0.154936 -0.0885208
v 44.7099 26.9735 5.56203
vn -0.422666 0.283358 -0.860849
vt 0.155096 -0.0893974
v 44.7099 26.9735 5.56203
vn 0.422666 -0.283358 0.860849
vt 0.155096 -0.0893974
v 44.6971 26.9809 5.56817
vn 0.223473 -0.150567 0.963011
vt 0.154936 -0.0885208
v 44.4154 26.6377 5.56203
vn 0.334926 -0.383097 0.860849
vt 0.130282 -0.0893974
v 44.9198 27.3707 5.55226
vn -0.675352 0.229355 -0.700925
vt 0.106451 -0.129131
v 44.9075 27.374 5.56203
vn -0.481603 0.164309 -0.860849
vt 0.106497 -0.128241
v 44.9947 27.8121 5.56203
vn -0.507732 0.0339345 -0.860847
vt 0.131312 -0.128241
v 44.9947 27.8121 5.56203
vn 0.507732 -0.0339345 0.860847
vt 0.131312 -0.128241
v 44.9075 27.374 5.56203
vn 0.481603 -0.164309 0.860849
vt 0.106497 -0.128241
v 44.9198 27.3707 5.55226
vn 0.675352 -0.229355 0.700925
vt 0.106451 -0.129131
v 44.721 26.9671 5.55226
vn -0.592995 0.396246 -0.700961
vt 0.122957 -0.10259
v 44.7099 26.9735 5.56203
vn -0.422666 0.283358 -0.860849
vt 0.123003 -0.1017
v 44.9075 27.374 5.56203
vn -0.481603 0.164309 -0.860849
vt 0.147818 -0.1017
v 44.9075 27.374 5.56203
vn 0.481603 -0.164309 0.860849
vt 0.147818 -0.1017
v 44.7099 26.9735 5.56203
vn 0.422666 -0.283358 0.860849
vt 0.123003 -0.1017
v 44.721 26.9671 5.55226
vn 0.592995 -0.396246 0.700961
vt 0.122957 -0.10259
v 44.9198 27.3707 5.55226
vn -0.675352 0.229355 -0.700925
vt 0.106366 -0.128184
v 44.9947 27.8121 5.56203
vn -0.507732 0.0339345 -0.860847
vt 0.131228 -0.127303
v 45.0075 27.8121 5.55226
vn -0.71167 0.0466778 -0.700961
vt 0.131366 -0.128184
v 45.0075 27.8121 5.55226
vn 0.71167 -0.0466778 0.700961
vt 0.131366 -0.128184
v 44.9947 27.8121 5.56203
vn 0.507732 -0.0339345 0.860847
vt 0.131228 -0.127303
v 44.9198 27.3707 5.55226
vn 0.675352 -0.229355 0.700925
vt 0.106366 -0.128184
v 45.0075 27.8121 5.55226
vn -0.71167 0.0466778 -0.700961
vt 0.0817435 -0.109834
v 44.9779 28.2611 5.55226
vn -0.69947 -0.138957 -0.701023
vt 0.106743 -0.109834
v 44.9873 28.2637 5.53953
vn -0.852286 -0.170174 -0.49462
vt 0.106848 -0.110719
v 44.9873 28.2637 5.53953
vn 0.852286 0.170174 0.49462
vt 0.106848 -0.110719
v 44.9779 28.2611 5.55226
vn 0.69947 0.138957 0.701023
vt 0.106743 -0.109834
v 45.0075 27.8121 5.55226
vn 0.71167 -0.0466778 0.700961
vt 0.0817435 -0.109834
v 44.9873 28.2637 5.53953
vn -0.852286 -0.170174 -0.49462
vt 0.0505803 -0.123206
v 44.8331 28.6872 5.55226
vn -0.639604 -0.315317 -0.701058
vt 0.0756152 -0.122321
v 44.8415 28.6921 5.53953
vn -0.779151 -0.385073 -0.494613
vt 0.0757207 -0.123206
v 44.8415 28.6921 5.53953
vn 0.779151 0.385073 0.494613
vt 0.0757207 -0.123206
v 44.8331 28.6872 5.55226
vn 0.639604 0.315317 0.701058
vt 0.0756152 -0.122321
v 44.9873 28.2637 5.53953
vn 0.852286 0.170174 0.49462
vt 0.0505803 -0.123206
v 44.8415 28.6921 5.53953
vn -0.779151 -0.385073 -0.494613
vt 0.0152236 -0.130406
v 44.5829 29.0612 5.55226
vn -0.536171 -0.470193 -0.701027
vt 0.0402585 -0.129521
v 44.5898 29.0681 5.53953
vn -0.652876 -0.573646 -0.494655
vt 0.040364 -0.130406
v 44.5898 29.0681 5.53953
vn 0.652876 0.573646 0.494655
vt 0.040364 -0.130406
v 44.5829 29.0612 5.55226
vn 0.536171 0.470193 0.701027
vt 0.0402585 -0.129521
v 44.8415 28.6921 5.53953
vn 0.779151 0.385073 0.494613
vt 0.0152236 -0.130406
v 42.0602 26.8556 5.53953
vn -0.600618 -0.519506 -0.60776
vt 0.0165662 -0.0190004
v 42.0533 26.8487 5.55226
vn -0.529785 -0.461292 -0.711715
vt 0.0164587 -0.0181156
v 41.817 27.2047 5.55226
vn -0.631192 -0.308407 -0.711676
vt 0.0402 -0.0181156
v 41.817 27.2047 5.55226
vn 0.631192 0.308407 0.711676
vt 0.0402 -0.0181156
v 42.0533 26.8487 5.55226
vn 0.529785 0.461292 0.711715
vt 0.0164587 -0.0181156
v 42.0602 26.8556 5.53953
vn 0.600618 0.519506 0.60776
vt 0.0165662 -0.0190004
v 41.8254 27.2096 5.53953
vn -0.714631 -0.346181 -0.607833
vt 0.0518769 -0.0117225
v 41.817 27.2047 5.55226
vn -0.631192 -0.308407 -0.711676
vt 0.0517694 -0.0108377
v 41.6809 27.6098 5.55226
vn -0.689506 -0.134534 -0.711676
vt 0.0755107 -0.0108377
v 41.6809 27.6098 5.55226
vn 0.689506 0.134534 0.711676
vt 0.0755107 -0.0108377
v 41.817 27.2047 5.55226
vn 0.631192 0.308407 0.711676
vt 0.0517694 -0.0108377
v 41.8254 27.2096 5.53953
vn 0.714631 0.346181 0.607833
vt 0.0518769 -0.0117225
v 41.6903 27.6123 5.53953
vn -0.779879 -0.149425 -0.607833
vt 0.0828506 0.000800797
v 41.6809 27.6098 5.55226
vn -0.689506 -0.134534 -0.711676
vt 0.0827431 0.00168558
v 41.6542 28.0363 5.55226
vn -0.700757 0.0484787 -0.711751
vt 0.106484 0.00168558
v 41.6542 28.0363 5.55226
vn 0.700757 -0.0484787 0.711751
vt 0.106484 0.00168558
v 41.6809 27.6098 5.55226
vn 0.689506 0.134534 0.711676
vt 0.0827431 0.00168558
v 41.6903 27.6123 5.53953
vn 0.779879 0.149425 0.607833
vt 0.0828506 0.000800797
v 42.3674 26.5549 5.56203
vn -0.274767 -0.408847 -0.870257
vt -0.0209227 -0.0312928
v 42.0533 26.8487 5.55226
vn -0.529785 -0.461292 -0.711715
vt 0.00295873 -0.032173
v 42.3737 26.5659 5.55226
vn -0.392463 -0.582615 -0.711711
vt -0.0207826 -0.032173
v 42.3737 26.5659 5.55226
vn 0.392463 0.582615 0.711711
vt -0.0207826 -0.032173
v 42.0533 26.8487 5.55226
vn 0.529785 0.461292 0.711715
vt 0.00295873 -0.032173
v 42.3674 26.5549 5.56203
vn 0.274767 0.408847 0.870257
vt -0.0209227 -0.0312928
v 44.8468 28.6951 5.52471
vn -0.866431 -0.428872 -0.255668
vt 0.0151472 -0.0764579
v 44.5898 29.0681 5.53953
vn -0.652876 -0.573646 -0.494655
vt 0.0403102 -0.0755691
v 44.5942 29.0725 5.52471
vn -0.725908 -0.638507 -0.255668
vt 0.0403764 -0.0764579
v 44.5942 29.0725 5.52471
vn 0.725908 0.638507 0.255668
vt 0.0403764 -0.0764579
v 44.5898 29.0681 5.53953
vn 0.652876 0.573646 0.494655
vt 0.0403102 -0.0755691
v 44.8468 28.6951 5.52471
vn 0.866431 0.428872 0.255668
vt 0.0151472 -0.0764579
v 44.5829 29.0612 5.55226
vn -0.536171 -0.470193 -0.701027
vt -0.0219913 -0.132597
v 44.2494 29.3663 5.53953
vn -0.482269 -0.723006 -0.494651
vt 0.00311322 -0.133488
v 44.5898 29.0681 5.53953
vn -0.652876 -0.573646 -0.494655
vt -0.0220272 -0.133488
v 44.5898 29.0681 5.53953
vn 0.652876 0.573646 0.494655
vt -0.0220272 -0.133488
v 44.2494 29.3663 5.53953
vn 0.482269 0.723006 0.494651
vt 0.00311322 -0.133488
v 44.5829 29.0612 5.55226
vn 0.536171 0.470193 0.701027
vt -0.0219913 -0.132597
v 44.8487 28.6962 5.5088
vn -0.896124 -0.443803 -1.01238e-012
vt 0.0151212 -0.0178392
v 44.5942 29.0725 5.52471
vn -0.725908 -0.638507 -0.255668
vt 0.0403581 -0.0169481
v 44.5957 29.074 5.5088
vn -0.750713 -0.660629 1.22912e-005
vt 0.0403807 -0.0178392
v 44.5957 29.074 5.5088
vn 0.750713 0.660629 -1.22912e-005
vt 0.0403807 -0.0178392
v 44.5942 29.0725 5.52471
vn 0.725908 0.638507 0.255668
vt 0.0403581 -0.0169481
v 44.8487 28.6962 5.5088
vn 0.896124 0.443803 1.01238e-012
vt 0.0151212 -0.0178392
v 41.7389 28.4552 5.55226
vn -0.664258 0.228185 -0.711823
vt 0.123676 0.0444763
v 41.9181 28.8443 5.56203
vn -0.408869 0.274779 -0.870243
vt 0.147461 0.0453665
v 41.9291 28.8379 5.55226
vn -0.582634 0.392294 -0.711789
vt 0.147417 0.0444763
v 41.9291 28.8379 5.55226
vn 0.582634 -0.392294 0.711789
vt 0.147417 0.0444763
v 41.9181 28.8443 5.56203
vn 0.408869 -0.274779 0.870243
vt 0.147461 0.0453665
v 41.7389 28.4552 5.55226
vn 0.664258 -0.228185 0.711823
vt 0.123676 0.0444763
v 41.6542 28.0363 5.55226
vn -0.700757 0.0484787 -0.711751
vt 0.107269 0.0178943
v 41.7266 28.4585 5.56203
vn -0.466055 0.159593 -0.870243
vt 0.131055 0.0187845
v 41.7389 28.4552 5.55226
vn -0.664258 0.228185 -0.711823
vt 0.13101 0.0178943
v 41.7389 28.4552 5.55226
vn 0.664258 -0.228185 0.711823
vt 0.13101 0.0178943
v 41.7266 28.4585 5.56203
vn 0.466055 -0.159593 0.870243
vt 0.131055 0.0187845
v 41.6542 28.0363 5.55226
vn 0.700757 -0.0484787 0.711751
vt 0.107269 0.0178943
v 44.2445 29.3578 5.55226
vn -0.396342 -0.592858 -0.701023
vt 0.00309483 -0.130966
v 44.2494 29.3663 5.53953
vn -0.482269 -0.723006 -0.494651
vt 0.00320048 -0.131851
v 44.5829 29.0612 5.55226
vn -0.536171 -0.470193 -0.701027
vt -0.0219042 -0.130966
v 44.5829 29.0612 5.55226
vn 0.536171 0.470193 0.701027
vt -0.0219042 -0.130966
v 44.2494 29.3663 5.53953
vn 0.482269 0.723006 0.494651
vt 0.00320048 -0.131851
v 44.2445 29.3578 5.55226
vn 0.396342 0.592858 0.701023
vt 0.00309483 -0.130966
v 44.2381 29.3468 5.56203
vn -0.283373 -0.422682 -0.860837
vt -0.0584667 -0.172594
v 43.8409 29.5567 5.55226
vn -0.229305 -0.675231 -0.701058
vt -0.0335142 -0.173484
v 44.2445 29.3578 5.55226
vn -0.396342 -0.592858 -0.701023
vt -0.0585132 -0.173484
v 44.2445 29.3578 5.55226
vn 0.396342 0.592858 0.701023
vt -0.0585132 -0.173484
v 43.8409 29.5567 5.55226
vn 0.229305 0.675231 0.701058
vt -0.0335142 -0.173484
v 44.2381 29.3468 5.56203
vn 0.283373 0.422682 0.860837
vt -0.0584667 -0.172594
v 44.2307 29.3339 5.56817
vn -0.150594 -0.223506 -0.962999
vt -0.0583018 -0.205284
v 43.8376 29.5444 5.56203
vn -0.164319 -0.481622 -0.860837
vt -0.0335408 -0.206173
v 44.2381 29.3468 5.56203
vn -0.283373 -0.422682 -0.860837
vt -0.0583556 -0.206173
v 44.2381 29.3468 5.56203
vn 0.283373 0.422682 0.860837
vt -0.0583556 -0.206173
v 43.8376 29.5444 5.56203
vn 0.164319 0.481622 0.860837
vt -0.0335408 -0.206173
v 44.2307 29.3339 5.56817
vn 0.150594 0.223506 0.962999
vt -0.0583018 -0.205284
v 43.8337 29.5301 5.56817
vn -0.0876154 -0.254867 -0.962999
vt -0.0335705 -0.204676
v 43.8376 29.5444 5.56203
vn -0.164319 -0.481622 -0.860837
vt -0.0334093 -0.205553
v 44.2307 29.3339 5.56817
vn -0.150594 -0.223506 -0.962999
vt -0.0581708 -0.204676
v 44.2307 29.3339 5.56817
vn 0.150594 0.223506 0.962999
vt -0.0581708 -0.204676
v 43.8376 29.5444 5.56203
vn 0.164319 0.481622 0.860837
vt -0.0334093 -0.205553
v 43.8337 29.5301 5.56817
vn 0.0876154 0.254867 0.962999
vt -0.0335705 -0.204676
v 43.3995 29.6167 5.56817
vn -0.0187426 -0.268837 -0.963003
vt -0.0670611 -0.189488
v 43.3995 29.6316 5.56203
vn -0.0341955 -0.507727 -0.860839
vt -0.0668999 -0.190365
v 43.8337 29.5301 5.56817
vn -0.0876154 -0.254867 -0.962999
vt -0.0916615 -0.189488
v 43.8337 29.5301 5.56817
vn 0.0876154 0.254867 0.962999
vt -0.0916615 -0.189488
v 43.3995 29.6316 5.56203
vn 0.0341955 0.507727 0.860839
vt -0.0668999 -0.190365
v 43.3995 29.6167 5.56817
vn 0.0187426 0.268837 0.963003
vt -0.0670611 -0.189488
v 42.9617 29.5727 5.57026
vn 0.00142842 -0.0108484 -0.99994
vt -0.0953165 -0.183137
v 42.9576 29.5881 5.56817
vn 0.0515529 -0.264486 -0.963011
vt -0.0951435 -0.184011
v 43.3995 29.6167 5.56817
vn -0.0187426 -0.268837 -0.963003
vt -0.119744 -0.184011
v 43.3995 29.6167 5.56817
vn 0.0187426 0.268837 0.963003
vt -0.119744 -0.184011
v 42.9576 29.5881 5.56817
vn -0.0515529 0.264486 0.963011
vt -0.0951435 -0.184011
v 42.9617 29.5727 5.57026
vn -0.00142842 0.0108484 0.99994
vt -0.0953165 -0.183137
v 42.5541 29.4185 5.56817
vn -0.110069 0.223501 -0.968469
vt 0.116153 0.155827
v 42.5462 29.4323 5.57026
vn 0.00418753 -0.0101091 -0.99994
vt 0.115979 0.156701
v 42.9617 29.5727 5.57026
vn 0.00142842 -0.0108484 -0.99994
vt 0.140349 0.156701
v 42.9617 29.5727 5.57026
vn -0.00142842 0.0108484 0.99994
vt 0.140349 0.156701
v 42.5462 29.4323 5.57026
vn -0.00418753 0.0101091 0.99994
vt 0.115979 0.156701
v 42.5541 29.4185 5.56817
vn 0.110069 -0.223501 0.968469
vt 0.116153 0.155827
v 42.2028 29.1673 5.56203
vn -0.323819 0.371239 -0.870243
vt 0.128284 0.115681
v 42.1924 29.1778 5.56817
vn -0.164165 0.187398 -0.968469
vt 0.128122 0.116558
v 42.5541 29.4185 5.56817
vn -0.110069 0.223501 -0.968469
vt 0.152262 0.116558
v 42.5541 29.4185 5.56817
vn 0.110069 -0.223501 0.968469
vt 0.152262 0.116558
v 42.1924 29.1778 5.56817
vn 0.164165 -0.187398 0.968469
vt 0.128122 0.116558
v 42.2028 29.1673 5.56203
vn 0.323819 -0.371239 0.870243
vt 0.128284 0.115681
v 41.9291 28.8379 5.55226
vn -0.582634 0.392294 -0.711789
vt 0.130888 0.0731339
v 41.9181 28.8443 5.56203
vn -0.408869 0.274779 -0.870243
vt 0.130749 0.0740141
v 42.2028 29.1673 5.56203
vn -0.323819 0.371239 -0.870243
vt 0.154674 0.0740141
v 42.2028 29.1673 5.56203
vn 0.323819 -0.371239 0.870243
vt 0.154674 0.0740141
v 41.9181 28.8443 5.56203
vn 0.408869 -0.274779 0.870243
vt 0.130749 0.0740141
v 41.9291 28.8379 5.55226
vn 0.582634 -0.392294 0.711789
vt 0.130888 0.0731339
v 42.7493 26.3491 5.56817
vn -0.0801934 -0.235827 -0.968481
vt -0.057743 -0.034235
v 42.3674 26.5549 5.56203
vn -0.274767 -0.408847 -0.870257
vt -0.0336548 -0.0351113
v 42.7531 26.3634 5.56203
vn -0.159587 -0.466031 -0.870257
vt -0.0575803 -0.0351113
v 42.7531 26.3634 5.56203
vn 0.159587 0.466031 0.870257
vt -0.0575803 -0.0351113
v 42.3674 26.5549 5.56203
vn 0.274767 0.408847 0.870257
vt -0.0336548 -0.0351113
v 42.7493 26.3491 5.56817
vn 0.0801934 0.235827 0.968481
vt -0.057743 -0.034235
v 43.1753 26.2476 5.57026
vn 0.00143528 0.0109009 -0.99994
vt -0.0914551 -0.0241467
v 42.7493 26.3491 5.56817
vn -0.0801934 -0.235827 -0.968481
vt -0.067141 -0.0250208
v 43.1753 26.2635 5.56817
vn -0.0164244 -0.248547 -0.968481
vt -0.091281 -0.0250208
v 43.1753 26.2635 5.56817
vn 0.0164244 0.248547 0.968481
vt -0.091281 -0.0250208
v 42.7493 26.3491 5.56817
vn 0.0801934 0.235827 0.968481
vt -0.067141 -0.0250208
v 43.1753 26.2476 5.57026
vn -0.00143528 -0.0109009 0.99994
vt -0.0914551 -0.0241467
v 43.1753 26.2476 5.57026
vn 0.00143528 0.0109009 -0.99994
vt -0.0951995 0.00023105
v 43.1753 26.2635 5.56817
vn -0.0164244 -0.248547 -0.968481
vt -0.0952561 -0.00065844
v 43.613 26.2757 5.57026
vn -0.00142531 0.0108764 -0.99994
vt -0.11957 0.00023105
v 43.613 26.2757 5.57026
vn 0.00142531 -0.0108764 0.99994
vt -0.11957 0.00023105
v 43.1753 26.2635 5.56817
vn 0.0164244 0.248547 0.968481
vt -0.0952561 -0.00065844
v 43.1753 26.2476 5.57026
vn -0.00143528 -0.0109009 0.99994
vt -0.0951995 0.00023105
v 43.613 26.2757 5.57026
vn -0.00142531 0.0108764 -0.99994
vt -0.115979 0.0310028
v 44.0207 26.4299 5.56817
vn 0.110069 -0.223501 -0.968469
vt -0.140176 0.0301285
v 44.0286 26.4162 5.57026
vn -0.00418753 0.0101091 -0.99994
vt -0.140349 0.0310028
v 44.0286 26.4162 5.57026
vn 0.00418753 -0.0101091 0.99994
vt -0.140349 0.0310028
v 44.0207 26.4299 5.56817
vn -0.110069 0.223501 0.968469
vt -0.140176 0.0301285
v 43.613 26.2757 5.57026
vn 0.00142531 -0.0108764 0.99994
vt -0.115979 0.0310028
v 44.0286 26.4162 5.57026
vn -0.00418753 0.0101091 -0.99994
vt -0.128025 0.0660206
v 44.3824 26.6706 5.56817
vn 0.164165 -0.187398 -0.968469
vt -0.152221 0.0651464
v 44.3937 26.6594 5.57026
vn -0.00666127 0.00868082 -0.99994
vt -0.152395 0.0660206
v 44.3937 26.6594 5.57026
vn 0.00666127 -0.00868082 0.99994
vt -0.152395 0.0660206
v 44.3824 26.6706 5.56817
vn -0.164165 0.187398 0.968469
vt -0.152221 0.0651464
v 44.0286 26.4162 5.57026
vn 0.00418753 -0.0101091 0.99994
vt -0.128025 0.0660206
v 44.4049 26.6482 5.56817
vn -0.176889 0.203275 -0.963011
vt 0.130458 -0.0996514
v 44.3937 26.6594 5.57026
vn -0.00666127 0.00868082 -0.99994
vt 0.130515 -0.0987619
v 44.6833 26.9888 5.57026
vn -0.00868105 0.00666096 -0.99994
vt 0.154885 -0.0987619
v 44.6833 26.9888 5.57026
vn 0.00868105 -0.00666096 0.99994
vt 0.154885 -0.0987619
v 44.3937 26.6594 5.57026
vn 0.00666127 -0.00868082 0.99994
vt 0.130515 -0.0987619
v 44.4049 26.6482 5.56817
vn 0.176889 -0.203275 0.963011
vt 0.130458 -0.0996514
v 44.4154 26.6377 5.56203
vn -0.334926 0.383097 -0.860849
vt 0.130341 -0.0896636
v 44.4049 26.6482 5.56817
vn -0.176889 0.203275 -0.963011
vt 0.130394 -0.0887739
v 44.6971 26.9809 5.56817
vn -0.223473 0.150567 -0.963011
vt 0.154994 -0.0887739
v 44.6971 26.9809 5.56817
vn 0.223473 -0.150567 0.963011
vt 0.154994 -0.0887739
v 44.4049 26.6482 5.56817
vn 0.176889 -0.203275 0.963011
vt 0.130394 -0.0887739
v 44.4154 26.6377 5.56203
vn 0.334926 -0.383097 0.860849
vt 0.130341 -0.0896636
v 44.4244 26.6287 5.55226
vn -0.470116 0.536332 -0.700956
vt 0.130235 -0.0735664
v 44.4154 26.6377 5.56203
vn -0.334926 0.383097 -0.860849
vt 0.130282 -0.0726763
v 44.7099 26.9735 5.56203
vn -0.422666 0.283358 -0.860849
vt 0.155096 -0.0726763
v 44.7099 26.9735 5.56203
vn 0.422666 -0.283358 0.860849
vt 0.155096 -0.0726763
v 44.4154 26.6377 5.56203
vn 0.334926 -0.383097 0.860849
vt 0.130282 -0.0726763
v 44.4244 26.6287 5.55226
vn 0.470116 -0.536332 0.700956
vt 0.130235 -0.0735664
v 44.721 26.9671 5.55226
vn -0.592995 0.396246 -0.700961
vt 0.122889 -0.10182
v 44.9075 27.374 5.56203
vn -0.481603 0.164309 -0.860849
vt 0.14775 -0.100939
v 44.9198 27.3707 5.55226
vn -0.675352 0.229355 -0.700925
vt 0.147888 -0.10182
v 44.9198 27.3707 5.55226
vn 0.675352 -0.229355 0.700925
vt 0.147888 -0.10182
v 44.9075 27.374 5.56203
vn 0.481603 -0.164309 0.860849
vt 0.14775 -0.100939
v 44.721 26.9671 5.55226
vn 0.592995 -0.396246 0.700961
vt 0.122889 -0.10182
v 44.4244 26.6287 5.55226
vn -0.470116 0.536332 -0.700956
vt 0.130185 -0.0729856
v 44.7099 26.9735 5.56203
vn -0.422666 0.283358 -0.860849
vt 0.155046 -0.072105
v 44.721 26.9671 5.55226
vn -0.592995 0.396246 -0.700961
vt 0.155184 -0.0729856
v 44.721 26.9671 5.55226
vn 0.592995 -0.396246 0.700961
vt 0.155184 -0.0729856
v 44.7099 26.9735 5.56203
vn 0.422666 -0.283358 0.860849
vt 0.155046 -0.072105
v 44.4244 26.6287 5.55226
vn 0.470116 -0.536332 0.700956
vt 0.130185 -0.0729856
v 45.0172 27.8121 5.53953
vn -0.867289 0.0560905 -0.494635
vt 0.131471 -0.0938469
v 44.9198 27.3707 5.55226
vn -0.675352 0.229355 -0.700925
vt 0.106366 -0.0929619
v 45.0075 27.8121 5.55226
vn -0.71167 0.0466778 -0.700961
vt 0.131366 -0.0929619
v 45.0075 27.8121 5.55226
vn 0.71167 -0.0466778 0.700961
vt 0.131366 -0.0929619
v 44.9198 27.3707 5.55226
vn 0.675352 -0.229355 0.700925
vt 0.106366 -0.0929619
v 45.0172 27.8121 5.53953
vn 0.867289 -0.0560905 0.494635
vt 0.131471 -0.0938469
v 45.0172 27.8121 5.53953
vn -0.867289 0.0560905 -0.494635
vt 0.0816334 -0.112148
v 45.0075 27.8121 5.55226
vn -0.71167 0.0466778 -0.700961
vt 0.0816693 -0.111257
v 44.9873 28.2637 5.53953
vn -0.852286 -0.170174 -0.49462
vt 0.106774 -0.112148
v 44.9873 28.2637 5.53953
vn 0.852286 0.170174 0.49462
vt 0.106774 -0.112148
v 45.0075 27.8121 5.55226
vn 0.71167 -0.0466778 0.700961
vt 0.0816693 -0.111257
v 45.0172 27.8121 5.53953
vn 0.867289 -0.0560905 0.494635
vt 0.0816334 -0.112148
v 44.9932 28.2652 5.52471
vn -0.94791 -0.18996 -0.255699
vt 0.0505578 -0.0732182
v 44.9873 28.2637 5.53953
vn -0.852286 -0.170174 -0.49462
vt 0.0505803 -0.0723272
v 44.8415 28.6921 5.53953
vn -0.779151 -0.385073 -0.494613
vt 0.0757207 -0.0723272
v 44.8415 28.6921 5.53953
vn 0.779151 0.385073 0.494613
vt 0.0757207 -0.0723272
v 44.9873 28.2637 5.53953
vn 0.852286 0.170174 0.49462
vt 0.0505803 -0.0723272
v 44.9932 28.2652 5.52471
vn 0.94791 0.18996 0.255699
vt 0.0505578 -0.0732182
v 44.8468 28.6951 5.52471
vn -0.866431 -0.428872 -0.255668
vt 0.0152011 -0.0777915
v 44.8415 28.6921 5.53953
vn -0.779151 -0.385073 -0.494613
vt 0.0152236 -0.0769005
v 44.5898 29.0681 5.53953
vn -0.652876 -0.573646 -0.494655
vt 0.040364 -0.0769005
v 44.5898 29.0681 5.53953
vn 0.652876 0.573646 0.494655
vt 0.040364 -0.0769005
v 44.8415 28.6921 5.53953
vn 0.779151 0.385073 0.494613
vt 0.0152236 -0.0769005
v 44.8468 28.6951 5.52471
vn 0.866431 0.428872 0.255668
vt 0.0152011 -0.0777915
v 44.8487 28.6962 5.5088
vn -0.896124 -0.443803 -1.01238e-012
vt 0.0151395 -0.0183522
v 44.8468 28.6951 5.52471
vn -0.866431 -0.428872 -0.255668
vt 0.0151472 -0.0174609
v 44.5942 29.0725 5.52471
vn -0.725908 -0.638507 -0.255668
vt 0.0403764 -0.0174609
v 44.5942 29.0725 5.52471
vn 0.725908 0.638507 0.255668
vt 0.0403764 -0.0174609
v 44.8468 28.6951 5.52471
vn 0.866431 0.428872 0.255668
vt 0.0151472 -0.0174609
v 44.8487 28.6962 5.5088
vn 0.896124 0.443803 1.01238e-012
vt 0.0151395 -0.0183522
v 42.0443 26.8397 5.56203
vn -0.371222 -0.323801 -0.870257
vt 0.0163186 -0.0292799
v 41.817 27.2047 5.55226
vn -0.631192 -0.308407 -0.711676
vt 0.0402 -0.0301601
v 42.0533 26.8487 5.55226
vn -0.529785 -0.461292 -0.711715
vt 0.0164587 -0.0301601
v 42.0533 26.8487 5.55226
vn 0.529785 0.461292 0.711715
vt 0.0164587 -0.0301601
v 41.817 27.2047 5.55226
vn 0.631192 0.308407 0.711676
vt 0.0402 -0.0301601
v 42.0443 26.8397 5.56203
vn 0.371222 0.323801 0.870257
vt 0.0163186 -0.0292799
v 41.8059 27.1984 5.56203
vn -0.442379 -0.216688 -0.870257
vt 0.0516293 -0.0197459
v 41.6809 27.6098 5.55226
vn -0.689506 -0.134534 -0.711676
vt 0.0755107 -0.0206261
v 41.817 27.2047 5.55226
vn -0.631192 -0.308407 -0.711676
vt 0.0517694 -0.0206261
v 41.817 27.2047 5.55226
vn 0.631192 0.308407 0.711676
vt 0.0517694 -0.0206261
v 41.6809 27.6098 5.55226
vn 0.689506 0.134534 0.711676
vt 0.0755107 -0.0206261
v 41.8059 27.1984 5.56203
vn 0.442379 0.216688 0.870257
vt 0.0516293 -0.0197459
v 41.6686 27.6065 5.56203
vn -0.483388 -0.0948086 -0.870257
vt 0.082603 -0.00334047
v 41.6542 28.0363 5.55226
vn -0.700757 0.0484787 -0.711751
vt 0.106484 -0.00422069
v 41.6809 27.6098 5.55226
vn -0.689506 -0.134534 -0.711676
vt 0.0827431 -0.00422069
v 41.6809 27.6098 5.55226
vn 0.689506 0.134534 0.711676
vt 0.0827431 -0.00422069
v 41.6542 28.0363 5.55226
vn 0.700757 -0.0484787 0.711751
vt 0.106484 -0.00422069
v 41.6686 27.6065 5.56203
vn 0.483388 0.0948086 0.870257
vt 0.082603 -0.00334047
v 42.0443 26.8397 5.56203
vn -0.371222 -0.323801 -0.870257
vt 0.00297541 -0.0316686
v 42.0533 26.8487 5.55226
vn -0.529785 -0.461292 -0.711715
vt 0.00293096 -0.0325588
v 42.3674 26.5549 5.56203
vn -0.274767 -0.408847 -0.870257
vt -0.0209501 -0.0316686
v 42.3674 26.5549 5.56203
vn 0.274767 0.408847 0.870257
vt -0.0209501 -0.0316686
v 42.0533 26.8487 5.55226
vn 0.529785 0.461292 0.711715
vt 0.00293096 -0.0325588
v 42.0443 26.8397 5.56203
vn 0.371222 0.323801 0.870257
vt 0.00297541 -0.0316686
v 44.5942 29.0725 5.4929
vn -0.725858 -0.638556 0.25569
vt 0.0403581 0.0417796
v 44.8487 28.6962 5.5088
vn -0.896124 -0.443803 -1.01238e-012
vt 0.0151212 0.0426706
v 44.5957 29.074 5.5088
vn -0.750713 -0.660629 1.22912e-005
vt 0.0403807 0.0426706
v 44.5957 29.074 5.5088
vn 0.750713 0.660629 -1.22912e-005
vt 0.0403807 0.0426706
v 44.8487 28.6962 5.5088
vn 0.896124 0.443803 1.01238e-012
vt 0.0151212 0.0426706
v 44.5942 29.0725 5.4929
vn 0.725858 0.638556 -0.25569
vt 0.0403581 0.0417796
v 44.2494 29.3663 5.53953
vn -0.482269 -0.723006 -0.494651
vt 0.00311322 -0.0778226
v 44.5942 29.0725 5.52471
vn -0.725908 -0.638507 -0.255668
vt -0.0220497 -0.0787136
v 44.5898 29.0681 5.53953
vn -0.652876 -0.573646 -0.494655
vt -0.0220272 -0.0778226
v 44.5898 29.0681 5.53953
vn 0.652876 0.573646 0.494655
vt -0.0220272 -0.0778226
v 44.5942 29.0725 5.52471
vn 0.725908 0.638507 0.255668
vt -0.0220497 -0.0787136
v 44.2494 29.3663 5.53953
vn 0.482269 0.723006 0.494651
vt 0.00311322 -0.0778226
v 44.2525 29.3716 5.52471
vn -0.535915 -0.804629 -0.255668
vt 0.00312508 -0.0177742
v 44.5957 29.074 5.5088
vn -0.750713 -0.660629 1.22912e-005
vt -0.0221119 -0.0186655
v 44.5942 29.0725 5.52471
vn -0.725908 -0.638507 -0.255668
vt -0.0221041 -0.0177742
v 44.5942 29.0725 5.52471
vn 0.725908 0.638507 0.255668
vt -0.0221041 -0.0177742
v 44.5957 29.074 5.5088
vn 0.750713 0.660629 -1.22912e-005
vt -0.0221119 -0.0186655
v 44.2525 29.3716 5.52471
vn 0.535915 0.804629 0.255668
vt 0.00312508 -0.0177742
v 41.7389 28.4552 5.55226
vn -0.664258 0.228185 -0.711823
vt 0.123699 0.0442896
v 41.7266 28.4585 5.56203
vn -0.466055 0.159593 -0.870243
vt 0.12356 0.0451698
v 41.9181 28.8443 5.56203
vn -0.408869 0.274779 -0.870243
vt 0.147485 0.0451698
v 41.9181 28.8443 5.56203
vn 0.408869 -0.274779 0.870243
vt 0.147485 0.0451698
v 41.7266 28.4585 5.56203
vn 0.466055 -0.159593 0.870243
vt 0.12356 0.0451698
v 41.7389 28.4552 5.55226
vn 0.664258 -0.228185 0.711823
vt 0.123699 0.0442896
v 41.6542 28.0363 5.55226
vn -0.700757 0.0484787 -0.711751
vt 0.107275 0.0178932
v 41.6415 28.0363 5.56203
vn -0.49147 0.0333955 -0.870254
vt 0.107135 0.0187735
v 41.7266 28.4585 5.56203
vn -0.466055 0.159593 -0.870243
vt 0.131061 0.0187735
v 41.7266 28.4585 5.56203
vn 0.466055 -0.159593 0.870243
vt 0.131061 0.0187735
v 41.6415 28.0363 5.56203
vn 0.49147 -0.0333955 0.870254
vt 0.107135 0.0187735
v 41.6542 28.0363 5.55226
vn 0.700757 -0.0484787 0.711751
vt 0.107275 0.0178932
v 43.8409 29.5567 5.55226
vn -0.229305 -0.675231 -0.701058
vt -0.0335142 -0.128169
v 44.2494 29.3663 5.53953
vn -0.482269 -0.723006 -0.494651
vt -0.0585489 -0.12906
v 44.2445 29.3578 5.55226
vn -0.396342 -0.592858 -0.701023
vt -0.0585132 -0.128169
v 44.2445 29.3578 5.55226
vn 0.396342 0.592858 0.701023
vt -0.0585132 -0.128169
v 44.2494 29.3663 5.53953
vn 0.482269 0.723006 0.494651
vt -0.0585489 -0.12906
v 43.8409 29.5567 5.55226
vn 0.229305 0.675231 0.701058
vt -0.0335142 -0.128169
v 43.8376 29.5444 5.56203
vn -0.164319 -0.481622 -0.860837
vt -0.0335408 -0.171338
v 43.8409 29.5567 5.55226
vn -0.229305 -0.675231 -0.701058
vt -0.0334027 -0.172219
v 44.2381 29.3468 5.56203
vn -0.283373 -0.422682 -0.860837
vt -0.0583556 -0.171338
v 44.2381 29.3468 5.56203
vn 0.283373 0.422682 0.860837
vt -0.0583556 -0.171338
v 43.8409 29.5567 5.55226
vn 0.229305 0.675231 0.701058
vt -0.0334027 -0.172219
v 43.8376 29.5444 5.56203
vn 0.164319 0.481622 0.860837
vt -0.0335408 -0.171338
v 43.8337 29.5301 5.56817
vn -0.0876154 -0.254867 -0.962999
vt -0.091783 -0.190039
v 43.3995 29.6316 5.56203
vn -0.0341955 -0.507727 -0.860839
vt -0.067022 -0.190928
v 43.8376 29.5444 5.56203
vn -0.164319 -0.481622 -0.860837
vt -0.0918368 -0.190928
v 43.8376 29.5444 5.56203
vn 0.164319 0.481622 0.860837
vt -0.0918368 -0.190928
v 43.3995 29.6316 5.56203
vn 0.0341955 0.507727 0.860839
vt -0.067022 -0.190928
v 43.8337 29.5301 5.56817
vn 0.0876154 0.254867 0.962999
vt -0.091783 -0.190039
v 43.3995 29.6167 5.56817
vn -0.0187426 -0.268837 -0.963003
vt -0.119744 -0.167374
v 42.9576 29.5881 5.56817
vn 0.0515529 -0.264486 -0.963011
vt -0.0951435 -0.167374
v 43.3995 29.6316 5.56203
vn -0.0341955 -0.507727 -0.860839
vt -0.119797 -0.168264
v 43.3995 29.6316 5.56203
vn 0.0341955 0.507727 0.860839
vt -0.119797 -0.168264
v 42.9576 29.5881 5.56817
vn -0.0515529 0.264486 0.963011
vt -0.0951435 -0.167374
v 43.3995 29.6167 5.56817
vn 0.0187426 0.268837 0.963003
vt -0.119744 -0.167374
v 42.5462 29.4323 5.57026
vn 0.00418753 -0.0101091 -0.99994
vt -0.115979 -0.152544
v 42.9576 29.5881 5.56817
vn 0.0515529 -0.264486 -0.963011
vt -0.140406 -0.153434
v 42.9617 29.5727 5.57026
vn 0.00142842 -0.0108484 -0.99994
vt -0.140349 -0.152544
v 42.9617 29.5727 5.57026
vn -0.00142842 0.0108484 0.99994
vt -0.140349 -0.152544
v 42.9576 29.5881 5.56817
vn -0.0515529 0.264486 0.963011
vt -0.140406 -0.153434
v 42.5462 29.4323 5.57026
vn -0.00418753 0.0101091 0.99994
vt -0.115979 -0.152544
v 42.1924 29.1778 5.56817
vn -0.164165 0.187398 -0.968469
vt 0.128122 0.12089
v 42.5462 29.4323 5.57026
vn 0.00418753 -0.0101091 -0.99994
vt 0.152318 0.12178
v 42.5541 29.4185 5.56817
vn -0.110069 0.223501 -0.968469
vt 0.152262 0.12089
v 42.5541 29.4185 5.56817
vn 0.110069 -0.223501 0.968469
vt 0.152262 0.12089
v 42.5462 29.4323 5.57026
vn -0.00418753 0.0101091 0.99994
vt 0.152318 0.12178
v 42.1924 29.1778 5.56817
vn 0.164165 -0.187398 0.968469
vt 0.128122 0.12089
v 41.9181 28.8443 5.56203
vn -0.408869 0.274779 -0.870243
vt 0.130749 0.0815565
v 42.1924 29.1778 5.56817
vn -0.164165 0.187398 -0.968469
vt 0.154726 0.0824463
v 42.2028 29.1673 5.56203
vn -0.323819 0.371239 -0.870243
vt 0.154674 0.0815565
v 42.2028 29.1673 5.56203
vn 0.323819 -0.371239 0.870243
vt 0.154674 0.0815565
v 42.1924 29.1778 5.56817
vn 0.164165 -0.187398 0.968469
vt 0.154726 0.0824463
v 41.9181 28.8443 5.56203
vn 0.408869 -0.274779 0.870243
vt 0.130749 0.0815565
v 42.3599 26.5421 5.56817
vn -0.138497 -0.207035 -0.968481
vt -0.0336295 -0.0344038
v 42.3674 26.5549 5.56203
vn -0.274767 -0.408847 -0.870257
vt -0.0336818 -0.0352935
v 42.7493 26.3491 5.56817
vn -0.0801934 -0.235827 -0.968481
vt -0.0577695 -0.0344038
v 42.7493 26.3491 5.56817
vn 0.0801934 0.235827 0.968481
vt -0.0577695 -0.0344038
v 42.3674 26.5549 5.56203
vn 0.274767 0.408847 0.870257
vt -0.0336818 -0.0352935
v 42.3599 26.5421 5.56817
vn 0.138497 0.207035 0.968481
vt -0.0336295 -0.0344038
v 42.7452 26.3337 5.57026
vn 0.00420774 0.010158 -0.99994
vt -0.0671018 -0.0241336
v 42.7493 26.3491 5.56817
vn -0.0801934 -0.235827 -0.968481
vt -0.0671584 -0.0250231
v 43.1753 26.2476 5.57026
vn 0.00143528 0.0109009 -0.99994
vt -0.091472 -0.0241336
v 43.1753 26.2476 5.57026
vn -0.00143528 -0.0109009 0.99994
vt -0.091472 -0.0241336
v 42.7493 26.3491 5.56817
vn 0.0801934 0.235827 0.968481
vt -0.0671584 -0.0250231
v 42.7452 26.3337 5.57026
vn -0.00420774 -0.010158 0.99994
vt -0.0671018 -0.0241336
v 43.1753 26.2476 5.57026
vn 0.00143528 0.0109009 -0.99994
vt 0.0951995 0.00397253
v 43.613 26.2757 5.57026
vn -0.00142531 0.0108764 -0.99994
vt 0.11957 0.00397253
v 43.6172 26.2604 5.56817
vn -0.0515345 0.264478 -0.963014
vt 0.119743 0.00309829
v 43.6172 26.2604 5.56817
vn 0.0515345 -0.264478 0.963014
vt 0.119743 0.00309829
v 43.613 26.2757 5.57026
vn 0.00142531 -0.0108764 0.99994
vt 0.11957 0.00397253
v 43.1753 26.2476 5.57026
vn -0.00143528 -0.0109009 0.99994
vt 0.0951995 0.00397253
v 43.6172 26.2604 5.56817
vn -0.0515345 0.264478 -0.963014
vt 0.115922 -0.027697
v 43.613 26.2757 5.57026
vn -0.00142531 0.0108764 -0.99994
vt 0.115979 -0.0268075
v 44.0286 26.4162 5.57026
vn -0.00418753 0.0101091 -0.99994
vt 0.140349 -0.0268075
v 44.0286 26.4162 5.57026
vn 0.00418753 -0.0101091 0.99994
vt 0.140349 -0.0268075
v 43.613 26.2757 5.57026
vn 0.00142531 -0.0108764 0.99994
vt 0.115979 -0.0268075
v 43.6172 26.2604 5.56817
vn 0.0515345 -0.264478 0.963014
vt 0.115922 -0.027697
v 44.0366 26.4024 5.56817
vn -0.11825 0.242131 -0.963011
vt 0.127968 -0.0627256
v 44.0286 26.4162 5.57026
vn -0.00418753 0.0101091 -0.99994
vt 0.128025 -0.0618361
v 44.3937 26.6594 5.57026
vn -0.00666127 0.00868082 -0.99994
vt 0.152395 -0.0618361
v 44.3937 26.6594 5.57026
vn 0.00666127 -0.00868082 0.99994
vt 0.152395 -0.0618361
v 44.0286 26.4162 5.57026
vn 0.00418753 -0.0101091 0.99994
vt 0.128025 -0.0618361
v 44.0366 26.4024 5.56817
vn 0.11825 -0.242131 0.963011
vt 0.127968 -0.0627256
v 44.0366 26.4024 5.56817
vn -0.11825 0.242131 -0.963011
vt 0.127927 -0.0627493
v 44.3937 26.6594 5.57026
vn -0.00666127 0.00868082 -0.99994
vt 0.152354 -0.061875
v 44.4049 26.6482 5.56817
vn -0.176889 0.203275 -0.963011
vt 0.152527 -0.0627493
v 44.4049 26.6482 5.56817
vn 0.176889 -0.203275 0.963011
vt 0.152527 -0.0627493
v 44.3937 26.6594 5.57026
vn 0.00666127 -0.00868082 0.99994
vt 0.152354 -0.061875
v 44.0366 26.4024 5.56817
vn 0.11825 -0.242131 0.963011
vt 0.127927 -0.0627493
v 44.044 26.3896 5.56203
vn -0.224361 0.456729 -0.860849
vt 0.127836 -0.0550835
v 44.4049 26.6482 5.56817
vn -0.176889 0.203275 -0.963011
vt 0.15249 -0.0542068
v 44.4154 26.6377 5.56203
vn -0.334926 0.383097 -0.860849
vt 0.152651 -0.0550835
v 44.4154 26.6377 5.56203
vn 0.334926 -0.383097 0.860849
vt 0.152651 -0.0550835
v 44.4049 26.6482 5.56817
vn 0.176889 -0.203275 0.963011
vt 0.15249 -0.0542068
v 44.044 26.3896 5.56203
vn 0.224361 -0.456729 0.860849
vt 0.127836 -0.0550835
v 44.0503 26.3785 5.55226
vn -0.315367 0.639724 -0.700925
vt 0.127757 -0.0436467
v 44.4154 26.6377 5.56203
vn -0.334926 0.383097 -0.860849
vt 0.152619 -0.0427662
v 44.4244 26.6287 5.55226
vn -0.470116 0.536332 -0.700956
vt 0.152756 -0.0436467
v 44.4244 26.6287 5.55226
vn 0.470116 -0.536332 0.700956
vt 0.152756 -0.0436467
v 44.4154 26.6377 5.56203
vn 0.334926 -0.383097 0.860849
vt 0.152619 -0.0427662
v 44.0503 26.3785 5.55226
vn 0.315367 -0.639724 0.700925
vt 0.127757 -0.0436467
v 44.9293 27.3682 5.53953
vn -0.82322 0.27865 -0.494635
vt 0.147994 -0.0737179
v 44.721 26.9671 5.55226
vn -0.592995 0.396246 -0.700961
vt 0.122889 -0.0728329
v 44.9198 27.3707 5.55226
vn -0.675352 0.229355 -0.700925
vt 0.147888 -0.0728329
v 44.9198 27.3707 5.55226
vn 0.675352 -0.229355 0.700925
vt 0.147888 -0.0728329
v 44.721 26.9671 5.55226
vn 0.592995 -0.396246 0.700961
vt 0.122889 -0.0728329
v 44.9293 27.3682 5.53953
vn 0.82322 -0.27865 0.494635
vt 0.147994 -0.0737179
v 44.4313 26.6218 5.53953
vn -0.57357 0.65299 -0.494593
vt 0.130149 -0.0524702
v 44.4244 26.6287 5.55226
vn -0.470116 0.536332 -0.700956
vt 0.130185 -0.0515796
v 44.721 26.9671 5.55226
vn -0.592995 0.396246 -0.700961
vt 0.155184 -0.0515796
v 44.721 26.9671 5.55226
vn 0.592995 -0.396246 0.700961
vt 0.155184 -0.0515796
v 44.4244 26.6287 5.55226
vn 0.470116 -0.536332 0.700956
vt 0.130185 -0.0515796
v 44.4313 26.6218 5.53953
vn 0.57357 -0.65299 0.494593
vt 0.130149 -0.0524702
v 44.9293 27.3682 5.53953
vn -0.82322 0.27865 -0.494635
vt 0.106267 -0.0950973
v 44.9198 27.3707 5.55226
vn -0.675352 0.229355 -0.700925
vt 0.106303 -0.0942067
v 45.0172 27.8121 5.53953
vn -0.867289 0.0560905 -0.494635
vt 0.131407 -0.0950973
v 45.0172 27.8121 5.53953
vn 0.867289 -0.0560905 0.494635
vt 0.131407 -0.0950973
v 44.9198 27.3707 5.55226
vn 0.675352 -0.229355 0.700925
vt 0.106303 -0.0942067
v 44.9293 27.3682 5.53953
vn 0.82322 -0.27865 0.494635
vt 0.106267 -0.0950973
v 45.0172 27.8121 5.53953
vn -0.867289 0.0560905 -0.494635
vt 0.0816334 -0.063257
v 44.9873 28.2637 5.53953
vn -0.852286 -0.170174 -0.49462
vt 0.106774 -0.063257
v 44.9932 28.2652 5.52471
vn -0.94791 -0.18996 -0.255699
vt 0.10684 -0.0641459
v 44.9932 28.2652 5.52471
vn 0.94791 0.18996 0.255699
vt 0.10684 -0.0641459
v 44.9873 28.2637 5.53953
vn 0.852286 0.170174 0.49462
vt 0.106774 -0.063257
v 45.0172 27.8121 5.53953
vn 0.867289 -0.0560905 0.494635
vt 0.0816334 -0.063257
v 44.9932 28.2652 5.52471
vn -0.94791 -0.18996 -0.255699
vt 0.0505066 -0.0719538
v 44.8415 28.6921 5.53953
vn -0.779151 -0.385073 -0.494613
vt 0.0756696 -0.071065
v 44.8468 28.6951 5.52471
vn -0.866431 -0.428872 -0.255668
vt 0.0757358 -0.0719538
v 44.8468 28.6951 5.52471
vn 0.866431 0.428872 0.255668
vt 0.0757358 -0.0719538
v 44.8415 28.6921 5.53953
vn 0.779151 0.385073 0.494613
vt 0.0756696 -0.071065
v 44.9932 28.2652 5.52471
vn 0.94791 0.18996 0.255699
vt 0.0505066 -0.0719538
v 44.9953 28.2658 5.5088
vn -0.980454 -0.196747 -1.12067e-012
vt 0.0504815 -0.016307
v 44.8468 28.6951 5.52471
vn -0.866431 -0.428872 -0.255668
vt 0.0757185 -0.015416
v 44.8487 28.6962 5.5088
vn -0.896124 -0.443803 -1.01238e-012
vt 0.0757411 -0.016307
v 44.8487 28.6962 5.5088
vn 0.896124 0.443803 1.01238e-012
vt 0.0757411 -0.016307
v 44.8468 28.6951 5.52471
vn 0.866431 0.428872 0.255668
vt 0.0757185 -0.015416
v 44.9953 28.2658 5.5088
vn 0.980454 0.196747 1.12067e-012
vt 0.0504815 -0.016307
v 44.8468 28.6951 5.4929
vn -0.866431 -0.428872 0.255668
vt 0.0151472 0.0422853
v 44.8487 28.6962 5.5088
vn -0.896124 -0.443803 -1.01238e-012
vt 0.0151395 0.0431766
v 44.5942 29.0725 5.4929
vn -0.725858 -0.638556 0.25569
vt 0.0403764 0.0422853
v 44.5942 29.0725 5.4929
vn 0.725858 0.638556 -0.25569
vt 0.0403764 0.0422853
v 44.8487 28.6962 5.5088
vn 0.896124 0.443803 1.01238e-012
vt 0.0151395 0.0431766
v 44.8468 28.6951 5.4929
vn 0.866431 0.428872 -0.255668
vt 0.0151472 0.0422853
v 44.8415 28.6921 5.47808
vn -0.779123 -0.385101 0.494636
vt 0.0152236 0.10004
v 44.8468 28.6951 5.4929
vn -0.866431 -0.428872 0.255668
vt 0.0152011 0.100931
v 44.5898 29.0681 5.47808
vn -0.652851 -0.573698 0.494627
vt 0.040364 0.10004
v 44.5898 29.0681 5.47808
vn 0.652851 0.573698 -0.494627
vt 0.040364 0.10004
v 44.8468 28.6951 5.4929
vn 0.866431 0.428872 -0.255668
vt 0.0152011 0.100931
v 44.8415 28.6921 5.47808
vn 0.779123 0.385101 -0.494636
vt 0.0152236 0.10004
v 44.8378 28.6899 5.47245
vn -0.713141 -0.349129 0.607897
vt 0.0152775 0.151506
v 44.8415 28.6921 5.47808
vn -0.779123 -0.385101 0.494636
vt 0.0152617 0.1519
v 44.5868 29.0651 5.47245
vn -0.598454 -0.52187 0.607868
vt 0.0403554 0.151506
v 44.5868 29.0651 5.47245
vn 0.598454 0.52187 -0.607868
vt 0.0403554 0.151506
v 44.8415 28.6921 5.47808
vn 0.779123 0.385101 -0.494636
vt 0.0152617 0.1519
v 44.8378 28.6899 5.47245
vn 0.713141 0.349129 -0.607897
vt 0.0152775 0.151506
v 44.5898 29.0681 5.47808
vn -0.652851 -0.573698 0.494627
vt 0.0403102 0.098765
v 44.8468 28.6951 5.4929
vn -0.866431 -0.428872 0.255668
vt 0.0151472 0.0996538
v 44.5942 29.0725 5.4929
vn -0.725858 -0.638556 0.25569
vt 0.0403764 0.0996538
v 44.5942 29.0725 5.4929
vn 0.725858 0.638556 -0.25569
vt 0.0403764 0.0996538
v 44.8468 28.6951 5.4929
vn 0.866431 0.428872 -0.255668
vt 0.0151472 0.0996538
v 44.5898 29.0681 5.47808
vn 0.652851 0.573698 -0.494627
vt 0.0403102 0.098765
v 44.5868 29.0651 5.47245
vn -0.598454 -0.52187 0.607868
vt 0.0403174 0.150019
v 44.8415 28.6921 5.47808
vn -0.779123 -0.385101 0.494636
vt 0.0152236 0.150411
v 44.5898 29.0681 5.47808
vn -0.652851 -0.573698 0.494627
vt 0.040364 0.150411
v 44.5898 29.0681 5.47808
vn 0.652851 0.573698 -0.494627
vt 0.040364 0.150411
v 44.8415 28.6921 5.47808
vn 0.779123 0.385101 -0.494636
vt 0.0152236 0.150411
v 44.5868 29.0651 5.47245
vn 0.598454 0.52187 -0.607868
vt 0.0403174 0.150019
v 44.8378 28.6899 5.47245
vn -0.80317 -0.395378 -0.445638
vt 0.0152775 -0.0942758
v 44.5868 29.0651 5.47245
vn -0.673471 -0.589782 -0.445638
vt 0.0403554 -0.0942758
v 44.6536 29.1319 5.28346
vn -0.669469 -0.593021 -0.447368
vt 0.0413766 -0.10597
v 44.6536 29.1319 5.28346
vn 0.669469 0.593021 0.447368
vt 0.0413766 -0.10597
v 44.5868 29.0651 5.47245
vn 0.673471 0.589782 0.445638
vt 0.0403554 -0.0942758
v 44.8378 28.6899 5.47245
vn 0.80317 0.395378 0.445638
vt 0.0152775 -0.0942758
v 41.8059 27.1984 5.56203
vn -0.442379 -0.216688 -0.870257
vt 0.0402181 -0.0296576
v 41.817 27.2047 5.55226
vn -0.631192 -0.308407 -0.711676
vt 0.0401736 -0.0305478
v 42.0443 26.8397 5.56203
vn -0.371222 -0.323801 -0.870257
vt 0.0162925 -0.0296576
v 42.0443 26.8397 5.56203
vn 0.371222 0.323801 0.870257
vt 0.0162925 -0.0296576
v 41.817 27.2047 5.55226
vn 0.631192 0.308407 0.711676
vt 0.0401736 -0.0305478
v 41.8059 27.1984 5.56203
vn 0.442379 0.216688 0.870257
vt 0.0402181 -0.0296576
v 41.6686 27.6065 5.56203
vn -0.483388 -0.0948086 -0.870257
vt 0.0755351 -0.0200735
v 41.6809 27.6098 5.55226
vn -0.689506 -0.134534 -0.711676
vt 0.0754907 -0.0209637
v 41.8059 27.1984 5.56203
vn -0.442379 -0.216688 -0.870257
vt 0.0516096 -0.0200735
v 41.8059 27.1984 5.56203
vn 0.442379 0.216688 0.870257
vt 0.0516096 -0.0200735
v 41.6809 27.6098 5.55226
vn 0.689506 0.134534 0.711676
vt 0.0754907 -0.0209637
v 41.6686 27.6065 5.56203
vn 0.483388 0.0948086 0.870257
vt 0.0755351 -0.0200735
v 41.6415 28.0363 5.56203
vn -0.49147 0.0333955 -0.870254
vt 0.10652 -0.00356952
v 41.6542 28.0363 5.55226
vn -0.700757 0.0484787 -0.711751
vt 0.106475 -0.0044597
v 41.6686 27.6065 5.56203
vn -0.483388 -0.0948086 -0.870257
vt 0.0825944 -0.00356952
v 41.6686 27.6065 5.56203
vn 0.483388 0.0948086 0.870257
vt 0.0825944 -0.00356952
v 41.6542 28.0363 5.55226
vn 0.700757 -0.0484787 0.711751
vt 0.106475 -0.0044597
v 41.6415 28.0363 5.56203
vn 0.49147 -0.0333955 0.870254
vt 0.10652 -0.00356952
v 42.3599 26.5421 5.56817
vn -0.138497 -0.207035 -0.968481
vt -0.0211128 -0.040857
v 42.0443 26.8397 5.56203
vn -0.371222 -0.323801 -0.870257
vt 0.00297541 -0.0417333
v 42.3674 26.5549 5.56203
vn -0.274767 -0.408847 -0.870257
vt -0.0209501 -0.0417333
v 42.3674 26.5549 5.56203
vn 0.274767 0.408847 0.870257
vt -0.0209501 -0.0417333
v 42.0443 26.8397 5.56203
vn 0.371222 0.323801 0.870257
vt 0.00297541 -0.0417333
v 42.3599 26.5421 5.56817
vn 0.138497 0.207035 0.968481
vt -0.0211128 -0.040857
v 44.2535 29.3734 5.5088
vn -0.554165 -0.832407 2.42697e-005
vt 0.00312918 0.0434895
v 44.5942 29.0725 5.4929
vn -0.725858 -0.638556 0.25569
vt -0.0221226 0.0425982
v 44.5957 29.074 5.5088
vn -0.750713 -0.660629 1.22912e-005
vt -0.0221304 0.0434895
v 44.5957 29.074 5.5088
vn 0.750713 0.660629 -1.22912e-005
vt -0.0221304 0.0434895
v 44.5942 29.0725 5.4929
vn 0.725858 0.638556 -0.25569
vt -0.0221226 0.0425982
v 44.2535 29.3734 5.5088
vn 0.554165 0.832407 -2.42697e-005
vt 0.00312918 0.0434895
v 44.2525 29.3716 5.52471
vn -0.535915 -0.804629 -0.255668
vt 0.00312508 -0.0773635
v 44.5942 29.0725 5.52471
vn -0.725908 -0.638507 -0.255668
vt -0.0221041 -0.0773635
v 44.2494 29.3663 5.53953
vn -0.482269 -0.723006 -0.494651
vt 0.00305886 -0.0764747
v 44.2494 29.3663 5.53953
vn 0.482269 0.723006 0.494651
vt 0.00305886 -0.0764747
v 44.5942 29.0725 5.52471
vn 0.725908 0.638507 0.255668
vt -0.0221041 -0.0773635
v 44.2525 29.3716 5.52471
vn 0.535915 0.804629 0.255668
vt 0.00312508 -0.0773635
v 44.2535 29.3734 5.5088
vn -0.554165 -0.832407 2.42697e-005
vt 0.00312918 -0.0181469
v 44.5957 29.074 5.5088
vn -0.750713 -0.660629 1.22912e-005
vt -0.0221304 -0.0181469
v 44.2525 29.3716 5.52471
vn -0.535915 -0.804629 -0.255668
vt 0.0031066 -0.0172559
v 44.2525 29.3716 5.52471
vn 0.535915 0.804629 0.255668
vt 0.0031066 -0.0172559
v 44.5957 29.074 5.5088
vn 0.750713 0.660629 -1.22912e-005
vt -0.0221304 -0.0181469
v 44.2535 29.3734 5.5088
vn 0.554165 0.832407 -2.42697e-005
vt 0.00312918 -0.0181469
v 41.7266 28.4585 5.56203
vn -0.466055 0.159593 -0.870243
vt 0.12356 0.0477245
v 41.9052 28.8517 5.56817
vn -0.207073 0.138523 -0.968469
vt 0.147537 0.0486142
v 41.9181 28.8443 5.56203
vn -0.408869 0.274779 -0.870243
vt 0.147485 0.0477245
v 41.9181 28.8443 5.56203
vn 0.408869 -0.274779 0.870243
vt 0.147485 0.0477245
v 41.9052 28.8517 5.56817
vn 0.207073 -0.138523 0.968469
vt 0.147537 0.0486142
v 41.7266 28.4585 5.56203
vn 0.466055 -0.159593 0.870243
vt 0.12356 0.0477245
v 41.6415 28.0363 5.56203
vn -0.49147 0.0333955 -0.870254
vt 0.107135 0.0167637
v 41.7123 28.4623 5.56817
vn -0.23587 0.0802086 -0.968469
vt 0.131112 0.0176535
v 41.7266 28.4585 5.56203
vn -0.466055 0.159593 -0.870243
vt 0.131061 0.0167637
v 41.7266 28.4585 5.56203
vn 0.466055 -0.159593 0.870243
vt 0.131061 0.0167637
v 41.7123 28.4623 5.56817
vn 0.23587 -0.0802086 0.968469
vt 0.131112 0.0176535
v 41.6415 28.0363 5.56203
vn 0.49147 -0.0333955 0.870254
vt 0.107135 0.0167637
v 43.8434 29.5661 5.53953
vn -0.278655 -0.823231 -0.494613
vt -0.0334931 -0.127463
v 44.2494 29.3663 5.53953
vn -0.482269 -0.723006 -0.494651
vt -0.0586335 -0.127463
v 43.8409 29.5567 5.55226
vn -0.229305 -0.675231 -0.701058
vt -0.0335986 -0.126578
v 43.8409 29.5567 5.55226
vn 0.229305 0.675231 0.701058
vt -0.0335986 -0.126578
v 44.2494 29.3663 5.53953
vn 0.482269 0.723006 0.494651
vt -0.0586335 -0.127463
v 43.8434 29.5661 5.53953
vn 0.278655 0.823231 0.494613
vt -0.0334931 -0.127463
v 43.8376 29.5444 5.56203
vn -0.164319 -0.481622 -0.860837
vt -0.0919399 -0.159497
v 43.3995 29.6443 5.55226
vn -0.0467973 -0.711602 -0.701022
vt -0.0669874 -0.160387
v 43.8409 29.5567 5.55226
vn -0.229305 -0.675231 -0.701058
vt -0.0919864 -0.160387
v 43.8409 29.5567 5.55226
vn 0.229305 0.675231 0.701058
vt -0.0919864 -0.160387
v 43.3995 29.6443 5.55226
vn 0.0467973 0.711602 0.701022
vt -0.0669874 -0.160387
v 43.8376 29.5444 5.56203
vn 0.164319 0.481622 0.860837
vt -0.0919399 -0.159497
v 43.3995 29.6316 5.56203
vn -0.0341955 -0.507727 -0.860839
vt -0.067022 -0.158338
v 43.3995 29.6443 5.55226
vn -0.0467973 -0.711602 -0.701022
vt -0.066884 -0.159219
v 43.8376 29.5444 5.56203
vn -0.164319 -0.481622 -0.860837
vt -0.0918368 -0.158338
v 43.8376 29.5444 5.56203
vn 0.164319 0.481622 0.860837
vt -0.0918368 -0.158338
v 43.3995 29.6443 5.55226
vn 0.0467973 0.711602 0.701022
vt -0.066884 -0.159219
v 43.3995 29.6316 5.56203
vn 0.0341955 0.507727 0.860839
vt -0.067022 -0.158338
v 42.9576 29.5881 5.56817
vn 0.0515529 -0.264486 -0.963011
vt -0.095251 -0.166786
v 42.9538 29.6024 5.56203
vn 0.0985056 -0.499235 -0.860849
vt -0.0950902 -0.167663
v 43.3995 29.6316 5.56203
vn -0.0341955 -0.507727 -0.860839
vt -0.119905 -0.167663
v 43.3995 29.6316 5.56203
vn 0.0341955 0.507727 0.860839
vt -0.119905 -0.167663
v 42.9538 29.6024 5.56203
vn -0.0985056 0.499235 0.860849
vt -0.0950902 -0.167663
v 42.9576 29.5881 5.56817
vn -0.0515529 0.264486 0.963011
vt -0.095251 -0.166786
v 42.5462 29.4323 5.57026
vn 0.00418753 -0.0101091 -0.99994
vt -0.116077 -0.152389
v 42.5382 29.446 5.56817
vn 0.11825 -0.242131 -0.963011
vt -0.115904 -0.153264
v 42.9576 29.5881 5.56817
vn 0.0515529 -0.264486 -0.963011
vt -0.140504 -0.153264
v 42.9576 29.5881 5.56817
vn -0.0515529 0.264486 0.963011
vt -0.140504 -0.153264
v 42.5382 29.446 5.56817
vn -0.11825 0.242131 0.963011
vt -0.115904 -0.153264
v 42.5462 29.4323 5.57026
vn -0.00418753 0.0101091 0.99994
vt -0.116077 -0.152389
v 42.1924 29.1778 5.56817
vn -0.164165 0.187398 -0.968469
vt 0.128198 0.120809
v 42.1811 29.189 5.57026
vn 0.00666127 -0.00868082 -0.99994
vt 0.128025 0.121683
v 42.5462 29.4323 5.57026
vn 0.00418753 -0.0101091 -0.99994
vt 0.152395 0.121683
v 42.5462 29.4323 5.57026
vn -0.00418753 0.0101091 0.99994
vt 0.152395 0.121683
v 42.1811 29.189 5.57026
vn -0.00666127 0.00868082 0.99994
vt 0.128025 0.121683
v 42.1924 29.1778 5.56817
vn 0.164165 -0.187398 0.968469
vt 0.128198 0.120809
v 41.9181 28.8443 5.56203
vn -0.408869 0.274779 -0.870243
vt 0.130798 0.0813735
v 41.9052 28.8517 5.56817
vn -0.207073 0.138523 -0.968469
vt 0.130636 0.0822499
v 42.1924 29.1778 5.56817
vn -0.164165 0.187398 -0.968469
vt 0.154776 0.0822499
v 42.1924 29.1778 5.56817
vn 0.164165 -0.187398 0.968469
vt 0.154776 0.0822499
v 41.9052 28.8517 5.56817
vn 0.207073 -0.138523 0.968469
vt 0.130636 0.0822499
v 41.9181 28.8443 5.56203
vn 0.408869 -0.274779 0.870243
vt 0.130798 0.0813735
v 42.7452 26.3337 5.57026
vn 0.00420774 0.010158 -0.99994
vt -0.0579436 -0.0404452
v 42.3599 26.5421 5.56817
vn -0.138497 -0.207035 -0.968481
vt -0.0336295 -0.0413193
v 42.7493 26.3491 5.56817
vn -0.0801934 -0.235827 -0.968481
vt -0.0577695 -0.0413193
v 42.7493 26.3491 5.56817
vn 0.0801934 0.235827 0.968481
vt -0.0577695 -0.0413193
v 42.3599 26.5421 5.56817
vn 0.138497 0.207035 0.968481
vt -0.0336295 -0.0413193
v 42.7452 26.3337 5.57026
vn -0.00420774 -0.010158 0.99994
vt -0.0579436 -0.0404452
v 43.1753 26.2317 5.56817
vn 0.0187241 0.268825 -0.963007
vt 0.0916455 0.0274555
v 42.7452 26.3337 5.57026
vn 0.00420774 0.010158 -0.99994
vt 0.0671018 0.0283297
v 43.1753 26.2476 5.57026
vn 0.00143528 0.0109009 -0.99994
vt 0.091472 0.0283297
v 43.1753 26.2476 5.57026
vn -0.00143528 -0.0109009 0.99994
vt 0.091472 0.0283297
v 42.7452 26.3337 5.57026
vn -0.00420774 -0.010158 0.99994
vt 0.0671018 0.0283297
v 43.1753 26.2317 5.56817
vn -0.0187241 -0.268825 0.963007
vt 0.0916455 0.0274555
v 43.1753 26.2317 5.56817
vn 0.0187241 0.268825 -0.963007
vt 0.0951435 0.00298831
v 43.1753 26.2476 5.57026
vn 0.00143528 0.0109009 -0.99994
vt 0.0952007 0.00387777
v 43.6172 26.2604 5.56817
vn -0.0515345 0.264478 -0.963014
vt 0.119744 0.00298831
v 43.6172 26.2604 5.56817
vn 0.0515345 -0.264478 0.963014
vt 0.119744 0.00298831
v 43.1753 26.2476 5.57026
vn -0.00143528 -0.0109009 0.99994
vt 0.0952007 0.00387777
v 43.1753 26.2317 5.56817
vn -0.0187241 -0.268825 0.963007
vt 0.0951435 0.00298831
v 43.6172 26.2604 5.56817
vn -0.0515345 0.264478 -0.963014
vt 0.115904 -0.0277239
v 44.0286 26.4162 5.57026
vn -0.00418753 0.0101091 -0.99994
vt 0.140331 -0.0268496
v 44.0366 26.4024 5.56817
vn -0.11825 0.242131 -0.963011
vt 0.140504 -0.0277239
v 44.0366 26.4024 5.56817
vn 0.11825 -0.242131 0.963011
vt 0.140504 -0.0277239
v 44.0286 26.4162 5.57026
vn 0.00418753 -0.0101091 0.99994
vt 0.140331 -0.0268496
v 43.6172 26.2604 5.56817
vn 0.0515345 -0.264478 0.963014
vt 0.115904 -0.0277239
v 44.044 26.3896 5.56203
vn -0.224361 0.456729 -0.860849
vt 0.127874 -0.0552621
v 44.0366 26.4024 5.56817
vn -0.11825 0.242131 -0.963011
vt 0.127927 -0.0543724
v 44.4049 26.6482 5.56817
vn -0.176889 0.203275 -0.963011
vt 0.152527 -0.0543724
v 44.4049 26.6482 5.56817
vn 0.176889 -0.203275 0.963011
vt 0.152527 -0.0543724
v 44.0366 26.4024 5.56817
vn 0.11825 -0.242131 0.963011
vt 0.127927 -0.0543724
v 44.044 26.3896 5.56203
vn 0.224361 -0.456729 0.860849
vt 0.127874 -0.0552621
v 44.0503 26.3785 5.55226
vn -0.315367 0.639724 -0.700925
vt 0.12779 -0.0440384
v 44.044 26.3896 5.56203
vn -0.224361 0.456729 -0.860849
vt 0.127836 -0.0431483
v 44.4154 26.6377 5.56203
vn -0.334926 0.383097 -0.860849
vt 0.152651 -0.0431483
v 44.4154 26.6377 5.56203
vn 0.334926 -0.383097 0.860849
vt 0.152651 -0.0431483
v 44.044 26.3896 5.56203
vn 0.224361 -0.456729 0.860849
vt 0.127836 -0.0431483
v 44.0503 26.3785 5.55226
vn 0.315367 -0.639724 0.700925
vt 0.12779 -0.0440384
v 44.4313 26.6218 5.53953
vn -0.57357 0.65299 -0.494593
vt 0.152862 -0.029303
v 44.0503 26.3785 5.55226
vn -0.315367 0.639724 -0.700925
vt 0.127757 -0.028418
v 44.4244 26.6287 5.55226
vn -0.470116 0.536332 -0.700956
vt 0.152756 -0.028418
v 44.4244 26.6287 5.55226
vn 0.470116 -0.536332 0.700956
vt 0.152756 -0.028418
v 44.0503 26.3785 5.55226
vn 0.315367 -0.639724 0.700925
vt 0.127757 -0.028418
v 44.4313 26.6218 5.53953
vn 0.57357 -0.65299 0.494593
vt 0.152862 -0.029303
v 44.7294 26.9622 5.53953
vn -0.723102 0.482179 -0.494597
vt 0.122801 -0.0747519
v 44.721 26.9671 5.55226
vn -0.592995 0.396246 -0.700961
vt 0.122837 -0.0738613
v 44.9293 27.3682 5.53953
vn -0.82322 0.27865 -0.494635
vt 0.147942 -0.0747519
v 44.9293 27.3682 5.53953
vn 0.82322 -0.27865 0.494635
vt 0.147942 -0.0747519
v 44.721 26.9671 5.55226
vn 0.592995 -0.396246 0.700961
vt 0.122837 -0.0738613
v 44.7294 26.9622 5.53953
vn 0.723102 -0.482179 0.494597
vt 0.122801 -0.0747519
v 44.4313 26.6218 5.53953
vn -0.57357 0.65299 -0.494593
vt 0.130111 -0.0517406
v 44.721 26.9671 5.55226
vn -0.592995 0.396246 -0.700961
vt 0.155146 -0.0508555
v 44.7294 26.9622 5.53953
vn -0.723102 0.482179 -0.494597
vt 0.155251 -0.0517406
v 44.7294 26.9622 5.53953
vn 0.723102 -0.482179 0.494597
vt 0.155251 -0.0517406
v 44.721 26.9671 5.55226
vn 0.592995 -0.396246 0.700961
vt 0.155146 -0.0508555
v 44.4313 26.6218 5.53953
vn 0.57357 -0.65299 0.494593
vt 0.130111 -0.0517406
v 45.0234 27.8121 5.52471
vn -0.964772 0.061819 -0.25572
vt 0.131473 -0.0535881
v 44.9293 27.3682 5.53953
vn -0.82322 0.27865 -0.494635
vt 0.106267 -0.0526992
v 45.0172 27.8121 5.53953
vn -0.867289 0.0560905 -0.494635
vt 0.131407 -0.0526992
v 45.0172 27.8121 5.53953
vn 0.867289 -0.0560905 0.494635
vt 0.131407 -0.0526992
v 44.9293 27.3682 5.53953
vn 0.82322 -0.27865 0.494635
vt 0.106267 -0.0526992
v 45.0234 27.8121 5.52471
vn 0.964772 -0.061819 0.25572
vt 0.131473 -0.0535881
v 45.0234 27.8121 5.52471
vn -0.964772 0.061819 -0.25572
vt 0.0815644 -0.0653114
v 45.0172 27.8121 5.53953
vn -0.867289 0.0560905 -0.494635
vt 0.0815871 -0.0644204
v 44.9932 28.2652 5.52471
vn -0.94791 -0.18996 -0.255699
vt 0.106794 -0.0653114
v 44.9932 28.2652 5.52471
vn 0.94791 0.18996 0.255699
vt 0.106794 -0.0653114
v 45.0172 27.8121 5.53953
vn 0.867289 -0.0560905 0.494635
vt 0.0815871 -0.0644204
v 45.0234 27.8121 5.52471
vn 0.964772 -0.061819 0.25572
vt 0.0815644 -0.0653114
v 44.9953 28.2658 5.5088
vn -0.980454 -0.196747 -1.12067e-012
vt 0.0504989 -0.0167938
v 44.9932 28.2652 5.52471
vn -0.94791 -0.18996 -0.255699
vt 0.0505066 -0.0159026
v 44.8468 28.6951 5.52471
vn -0.866431 -0.428872 -0.255668
vt 0.0757358 -0.0159026
v 44.8468 28.6951 5.52471
vn 0.866431 0.428872 0.255668
vt 0.0757358 -0.0159026
v 44.9932 28.2652 5.52471
vn 0.94791 0.18996 0.255699
vt 0.0505066 -0.0159026
v 44.9953 28.2658 5.5088
vn 0.980454 0.196747 1.12067e-012
vt 0.0504989 -0.0167938
v 44.8468 28.6951 5.4929
vn -0.866431 -0.428872 0.255668
vt 0.0757185 0.0402474
v 44.9953 28.2658 5.5088
vn -0.980454 -0.196747 -1.12067e-012
vt 0.0504815 0.0411384
v 44.8487 28.6962 5.5088
vn -0.896124 -0.443803 -1.01238e-012
vt 0.0757411 0.0411384
v 44.8487 28.6962 5.5088
vn 0.896124 0.443803 1.01238e-012
vt 0.0757411 0.0411384
v 44.9953 28.2658 5.5088
vn 0.980454 0.196747 1.12067e-012
vt 0.0504815 0.0411384
v 44.8468 28.6951 5.4929
vn 0.866431 0.428872 -0.255668
vt 0.0757185 0.0402474
v 44.8415 28.6921 5.47808
vn -0.779123 -0.385101 0.494636
vt 0.0756696 0.0942609
v 44.9932 28.2652 5.4929
vn -0.94791 -0.18996 0.255699
vt 0.0505066 0.0951497
v 44.8468 28.6951 5.4929
vn -0.866431 -0.428872 0.255668
vt 0.0757358 0.0951497
v 44.8468 28.6951 5.4929
vn 0.866431 0.428872 -0.255668
vt 0.0757358 0.0951497
v 44.9932 28.2652 5.4929
vn 0.94791 0.18996 -0.255699
vt 0.0505066 0.0951497
v 44.8415 28.6921 5.47808
vn 0.779123 0.385101 -0.494636
vt 0.0756696 0.0942609
v 44.8378 28.6899 5.47245
vn -0.713141 -0.349129 0.607897
vt 0.0756741 0.142819
v 44.9873 28.2637 5.47808
vn -0.852274 -0.170274 0.494606
vt 0.0505803 0.14321
v 44.8415 28.6921 5.47808
vn -0.779123 -0.385101 0.494636
vt 0.0757207 0.14321
v 44.8415 28.6921 5.47808
vn 0.779123 0.385101 -0.494636
vt 0.0757207 0.14321
v 44.9873 28.2637 5.47808
vn 0.852274 0.170274 -0.494606
vt 0.0505803 0.14321
v 44.8378 28.6899 5.47245
vn 0.713141 0.349129 -0.607897
vt 0.0756741 0.142819
v 44.9196 28.7371 5.28346
vn -0.800142 -0.399543 -0.447368
vt 0.0141223 -0.107478
v 44.8378 28.6899 5.47245
vn -0.80317 -0.395378 -0.445638
vt 0.0144862 -0.0957453
v 44.6536 29.1319 5.28346
vn -0.669469 -0.593021 -0.447368
vt 0.0405679 -0.107478
v 44.6536 29.1319 5.28346
vn 0.669469 0.593021 0.447368
vt 0.0405679 -0.107478
v 44.8378 28.6899 5.47245
vn 0.80317 0.395378 0.445638
vt 0.0144862 -0.0957453
v 44.9196 28.7371 5.28346
vn 0.800142 0.399543 0.447368
vt 0.0141223 -0.107478
v 44.2525 29.3716 5.4929
vn -0.535908 -0.804621 0.255709
vt 0.00312508 0.10185
v 44.5898 29.0681 5.47808
vn -0.652851 -0.573698 0.494627
vt -0.0220815 0.100959
v 44.5942 29.0725 5.4929
vn -0.725858 -0.638556 0.25569
vt -0.0221041 0.10185
v 44.5942 29.0725 5.4929
vn 0.725858 0.638556 -0.25569
vt -0.0221041 0.10185
v 44.5898 29.0681 5.47808
vn 0.652851 0.573698 -0.494627
vt -0.0220815 0.100959
v 44.2525 29.3716 5.4929
vn 0.535908 0.804621 -0.255709
vt 0.00312508 0.10185
v 44.2494 29.3663 5.47808
vn -0.482198 -0.723079 0.494614
vt 0.00311322 0.153368
v 44.5868 29.0651 5.47245
vn -0.598454 -0.52187 0.607868
vt -0.0220113 0.152974
v 44.5898 29.0681 5.47808
vn -0.652851 -0.573698 0.494627
vt -0.0220272 0.153368
v 44.5898 29.0681 5.47808
vn 0.652851 0.573698 -0.494627
vt -0.0220272 0.153368
v 44.5868 29.0651 5.47245
vn 0.598454 0.52187 -0.607868
vt -0.0220113 0.152974
v 44.2494 29.3663 5.47808
vn 0.482198 0.723079 -0.494614
vt 0.00311322 0.153368
v 44.2945 29.4443 5.28346
vn -0.493172 -0.746085 -0.447368
vt 0.00330955 -0.108502
v 44.6536 29.1319 5.28346
vn -0.669469 -0.593021 -0.447368
vt -0.023136 -0.108502
v 44.5868 29.0651 5.47245
vn -0.673471 -0.589782 -0.445638
vt -0.0227721 -0.0967697
v 44.5868 29.0651 5.47245
vn 0.673471 0.589782 0.445638
vt -0.0227721 -0.0967697
v 44.6536 29.1319 5.28346
vn 0.669469 0.593021 0.447368
vt -0.023136 -0.108502
v 44.2945 29.4443 5.28346
vn 0.493172 0.746085 0.447368
vt 0.00330955 -0.108502
v 42.0338 26.8292 5.56817
vn -0.187363 -0.164135 -0.968481
vt 0.0161298 -0.0385203
v 41.8059 27.1984 5.56203
vn -0.442379 -0.216688 -0.870257
vt 0.0402181 -0.0393967
v 42.0443 26.8397 5.56203
vn -0.371222 -0.323801 -0.870257
vt 0.0162925 -0.0393967
v 42.0443 26.8397 5.56203
vn 0.371222 0.323801 0.870257
vt 0.0162925 -0.0393967
v 41.8059 27.1984 5.56203
vn 0.442379 0.216688 0.870257
vt 0.0402181 -0.0393967
v 42.0338 26.8292 5.56817
vn 0.187363 0.164135 0.968481
vt 0.0161298 -0.0385203
v 41.7931 27.191 5.56817
vn -0.22346 -0.110049 -0.968481
vt 0.0514469 -0.0273843
v 41.6686 27.6065 5.56203
vn -0.483388 -0.0948086 -0.870257
vt 0.0755351 -0.0282606
v 41.8059 27.1984 5.56203
vn -0.442379 -0.216688 -0.870257
vt 0.0516096 -0.0282606
v 41.8059 27.1984 5.56203
vn 0.442379 0.216688 0.870257
vt 0.0516096 -0.0282606
v 41.6686 27.6065 5.56203
vn 0.483388 0.0948086 0.870257
vt 0.0755351 -0.0282606
v 41.7931 27.191 5.56817
vn 0.22346 0.110049 0.968481
vt 0.0514469 -0.0273843
v 41.6542 27.6027 5.56817
vn -0.244329 -0.0484638 -0.968481
vt 0.0824317 -0.00820784
v 41.6415 28.0363 5.56203
vn -0.49147 0.0333955 -0.870254
vt 0.10652 -0.00908415
v 41.6686 27.6065 5.56203
vn -0.483388 -0.0948086 -0.870257
vt 0.0825944 -0.00908415
v 41.6686 27.6065 5.56203
vn 0.483388 0.0948086 0.870257
vt 0.0825944 -0.00908415
v 41.6415 28.0363 5.56203
vn 0.49147 -0.0333955 0.870254
vt 0.10652 -0.00908415
v 41.6542 27.6027 5.56817
vn 0.244329 0.0484638 0.968481
vt 0.0824317 -0.00820784
v 42.0338 26.8292 5.56817
vn -0.187363 -0.164135 -0.968481
vt 0.00299628 -0.0410639
v 42.0443 26.8397 5.56203
vn -0.371222 -0.323801 -0.870257
vt 0.00294403 -0.0419537
v 42.3599 26.5421 5.56817
vn -0.138497 -0.207035 -0.968481
vt -0.0211437 -0.0410639
v 42.3599 26.5421 5.56817
vn 0.138497 0.207035 0.968481
vt -0.0211437 -0.0410639
v 42.0443 26.8397 5.56203
vn 0.371222 0.323801 0.870257
vt 0.00294403 -0.0419537
v 42.0338 26.8292 5.56817
vn 0.187363 0.164135 0.968481
vt 0.00299628 -0.0410639
v 44.2525 29.3716 5.4929
vn -0.535908 -0.804621 0.255709
vt 0.00312508 0.0420868
v 44.5942 29.0725 5.4929
vn -0.725858 -0.638556 0.25569
vt -0.0221041 0.0420868
v 44.2535 29.3734 5.5088
vn -0.554165 -0.832407 2.42697e-005
vt 0.00314767 0.0429778
v 44.2535 29.3734 5.5088
vn 0.554165 0.832407 -2.42697e-005
vt 0.00314767 0.0429778
v 44.5942 29.0725 5.4929
vn 0.725858 0.638556 -0.25569
vt -0.0221041 0.0420868
v 44.2525 29.3716 5.4929
vn 0.535908 0.804621 -0.255709
vt 0.00312508 0.0420868
v 43.8434 29.5661 5.53953
vn -0.278655 -0.823231 -0.494613
vt -0.0334931 -0.0750307
v 44.2525 29.3716 5.52471
vn -0.535915 -0.804629 -0.255668
vt -0.058656 -0.0759217
v 44.2494 29.3663 5.53953
vn -0.482269 -0.723006 -0.494651
vt -0.0586335 -0.0750307
v 44.2494 29.3663 5.53953
vn 0.482269 0.723006 0.494651
vt -0.0586335 -0.0750307
v 44.2525 29.3716 5.52471
vn 0.535915 0.804629 0.255668
vt -0.058656 -0.0759217
v 43.8434 29.5661 5.53953
vn 0.278655 0.823231 0.494613
vt -0.0334931 -0.0750307
v 43.845 29.572 5.52471
vn -0.309401 -0.915918 -0.255668
vt -0.0334796 -0.0168211
v 44.2535 29.3734 5.5088
vn -0.554165 -0.832407 2.42697e-005
vt -0.0587165 -0.0177124
v 44.2525 29.3716 5.52471
vn -0.535915 -0.804629 -0.255668
vt -0.0587088 -0.0168211
v 44.2525 29.3716 5.52471
vn 0.535915 0.804629 0.255668
vt -0.0587088 -0.0168211
v 44.2535 29.3734 5.5088
vn 0.554165 0.832407 -2.42697e-005
vt -0.0587165 -0.0177124
v 43.845 29.572 5.52471
vn 0.309401 0.915918 0.255668
vt -0.0334796 -0.0168211
v 41.7266 28.4585 5.56203
vn -0.466055 0.159593 -0.870243
vt 0.123587 0.0476352
v 41.7123 28.4623 5.56817
vn -0.23587 0.0802086 -0.968469
vt 0.123425 0.0485117
v 41.9052 28.8517 5.56817
vn -0.207073 0.138523 -0.968469
vt 0.147565 0.0485117
v 41.9052 28.8517 5.56817
vn 0.207073 -0.138523 0.968469
vt 0.147565 0.0485117
v 41.7123 28.4623 5.56817
vn 0.23587 -0.0802086 0.968469
vt 0.123425 0.0485117
v 41.7266 28.4585 5.56203
vn 0.466055 -0.159593 0.870243
vt 0.123587 0.0476352
v 41.6415 28.0363 5.56203
vn -0.49147 0.0333955 -0.870254
vt 0.107142 0.0167658
v 41.6267 28.0363 5.56817
vn -0.24857 0.016353 -0.968476
vt 0.10698 0.0176422
v 41.7123 28.4623 5.56817
vn -0.23587 0.0802086 -0.968469
vt 0.13112 0.0176422
v 41.7123 28.4623 5.56817
vn 0.23587 -0.0802086 0.968469
vt 0.13112 0.0176422
v 41.6267 28.0363 5.56817
vn 0.24857 -0.016353 0.968476
vt 0.10698 0.0176422
v 41.6415 28.0363 5.56203
vn 0.49147 -0.0333955 0.870254
vt 0.107142 0.0167658
v 43.3995 29.6443 5.55226
vn -0.0467973 -0.711602 -0.701022
vt -0.0669874 -0.118125
v 43.8434 29.5661 5.53953
vn -0.278655 -0.823231 -0.494613
vt -0.0920221 -0.119015
v 43.8409 29.5567 5.55226
vn -0.229305 -0.675231 -0.701058
vt -0.0919864 -0.118125
v 43.8409 29.5567 5.55226
vn 0.229305 0.675231 0.701058
vt -0.0919864 -0.118125
v 43.8434 29.5661 5.53953
vn 0.278655 0.823231 0.494613
vt -0.0920221 -0.119015
v 43.3995 29.6443 5.55226
vn 0.0467973 0.711602 0.701022
vt -0.0669874 -0.118125
v 43.3995 29.6316 5.56203
vn -0.0341955 -0.507727 -0.860839
vt -0.119905 -0.140026
v 42.9538 29.6024 5.56203
vn 0.0985056 -0.499235 -0.860849
vt -0.0950902 -0.140026
v 43.3995 29.6443 5.55226
vn -0.0467973 -0.711602 -0.701022
vt -0.119951 -0.140916
v 43.3995 29.6443 5.55226
vn 0.0467973 0.711602 0.701022
vt -0.119951 -0.140916
v 42.9538 29.6024 5.56203
vn -0.0985056 0.499235 0.860849
vt -0.0950902 -0.140026
v 43.3995 29.6316 5.56203
vn 0.0341955 0.507727 0.860839
vt -0.119905 -0.140026
v 42.5382 29.446 5.56817
vn 0.11825 -0.242131 -0.963011
vt -0.115904 -0.138721
v 42.9538 29.6024 5.56203
vn 0.0985056 -0.499235 -0.860849
vt -0.140557 -0.139611
v 42.9576 29.5881 5.56817
vn 0.0515529 -0.264486 -0.963011
vt -0.140504 -0.138721
v 42.9576 29.5881 5.56817
vn -0.0515529 0.264486 0.963011
vt -0.140504 -0.138721
v 42.9538 29.6024 5.56203
vn -0.0985056 0.499235 0.860849
vt -0.140557 -0.139611
v 42.5382 29.446 5.56817
vn -0.11825 0.242131 0.963011
vt -0.115904 -0.138721
v 42.1811 29.189 5.57026
vn 0.00666127 -0.00868082 -0.99994
vt -0.128025 -0.117516
v 42.5382 29.446 5.56817
vn 0.11825 -0.242131 -0.963011
vt -0.152451 -0.118405
v 42.5462 29.4323 5.57026
vn 0.00418753 -0.0101091 -0.99994
vt -0.152395 -0.117516
v 42.5462 29.4323 5.57026
vn -0.00418753 0.0101091 0.99994
vt -0.152395 -0.117516
v 42.5382 29.446 5.56817
vn -0.11825 0.242131 0.963011
vt -0.152451 -0.118405
v 42.1811 29.189 5.57026
vn -0.00666127 0.00868082 0.99994
vt -0.128025 -0.117516
v 41.9052 28.8517 5.56817
vn -0.207073 0.138523 -0.968469
vt 0.130636 0.0839661
v 42.1811 29.189 5.57026
vn 0.00666127 -0.00868082 -0.99994
vt 0.154832 0.0848556
v 42.1924 29.1778 5.56817
vn -0.164165 0.187398 -0.968469
vt 0.154776 0.0839661
v 42.1924 29.1778 5.56817
vn 0.164165 -0.187398 0.968469
vt 0.154776 0.0839661
v 42.1811 29.189 5.57026
vn -0.00666127 0.00868082 0.99994
vt 0.154832 0.0848556
v 41.9052 28.8517 5.56817
vn 0.207073 -0.138523 0.968469
vt 0.130636 0.0839661
v 42.352 26.5283 5.57026
vn 0.00669345 0.00872284 -0.99994
vt -0.0336008 -0.0404583
v 42.3599 26.5421 5.56817
vn -0.138497 -0.207035 -0.968481
vt -0.0336575 -0.0413478
v 42.7452 26.3337 5.57026
vn 0.00420774 0.010158 -0.99994
vt -0.057971 -0.0404583
v 42.7452 26.3337 5.57026
vn -0.00420774 -0.010158 0.99994
vt -0.057971 -0.0404583
v 42.3599 26.5421 5.56817
vn 0.138497 0.207035 0.968481
vt -0.0336575 -0.0413478
v 42.352 26.5283 5.57026
vn -0.00669345 -0.00872284 0.99994
vt -0.0336008 -0.0404583
v 42.741 26.3184 5.56817
vn 0.0876154 0.254867 -0.962999
vt 0.0670611 0.0273704
v 42.7452 26.3337 5.57026
vn 0.00420774 0.010158 -0.99994
vt 0.0671183 0.0282598
v 43.1753 26.2317 5.56817
vn 0.0187241 0.268825 -0.963007
vt 0.0916615 0.0273704
v 43.1753 26.2317 5.56817
vn -0.0187241 -0.268825 0.963007
vt 0.0916615 0.0273704
v 42.7452 26.3337 5.57026
vn -0.00420774 -0.010158 0.99994
vt 0.0671183 0.0282598
v 42.741 26.3184 5.56817
vn -0.0876154 -0.254867 0.962999
vt 0.0670611 0.0273704
v 43.1753 26.2169 5.56203
vn 0.0341955 0.507727 -0.860839
vt 0.0950902 0.0060306
v 43.1753 26.2317 5.56817
vn 0.0187241 0.268825 -0.963007
vt 0.0951435 0.0069203
v 43.6172 26.2604 5.56817
vn -0.0515345 0.264478 -0.963014
vt 0.119744 0.0069203
v 43.6172 26.2604 5.56817
vn 0.0515345 -0.264478 0.963014
vt 0.119744 0.0069203
v 43.1753 26.2317 5.56817
vn -0.0187241 -0.268825 0.963007
vt 0.0951435 0.0069203
v 43.1753 26.2169 5.56203
vn -0.0341955 -0.507727 0.860839
vt 0.0950902 0.0060306
v 43.621 26.246 5.56203
vn -0.0985056 0.499235 -0.860849
vt 0.11585 -0.0226226
v 43.6172 26.2604 5.56817
vn -0.0515345 0.264478 -0.963014
vt 0.115904 -0.0217329
v 44.0366 26.4024 5.56817
vn -0.11825 0.242131 -0.963011
vt 0.140504 -0.0217329
v 44.0366 26.4024 5.56817
vn 0.11825 -0.242131 0.963011
vt 0.140504 -0.0217329
v 43.6172 26.2604 5.56817
vn 0.0515345 -0.264478 0.963014
vt 0.115904 -0.0217329
v 43.621 26.246 5.56203
vn 0.0985056 -0.499235 0.860849
vt 0.11585 -0.0226226
v 43.621 26.246 5.56203
vn -0.0985056 0.499235 -0.860849
vt 0.115833 -0.0225219
v 44.0366 26.4024 5.56817
vn -0.11825 0.242131 -0.963011
vt 0.140487 -0.0216452
v 44.044 26.3896 5.56203
vn -0.224361 0.456729 -0.860849
vt 0.140648 -0.0225219
v 44.044 26.3896 5.56203
vn 0.224361 -0.456729 0.860849
vt 0.140648 -0.0225219
v 44.0366 26.4024 5.56817
vn 0.11825 -0.242131 0.963011
vt 0.140487 -0.0216452
v 43.621 26.246 5.56203
vn 0.0985056 -0.499235 0.860849
vt 0.115833 -0.0225219
v 43.6243 26.2337 5.55226
vn -0.139049 0.699549 -0.700925
vt 0.115771 -0.0158025
v 44.044 26.3896 5.56203
vn -0.224361 0.456729 -0.860849
vt 0.140632 -0.0149219
v 44.0503 26.3785 5.55226
vn -0.315367 0.639724 -0.700925
vt 0.14077 -0.0158025
v 44.0503 26.3785 5.55226
vn 0.315367 -0.639724 0.700925
vt 0.14077 -0.0158025
v 44.044 26.3896 5.56203
vn 0.224361 -0.456729 0.860849
vt 0.140632 -0.0149219
v 43.6243 26.2337 5.55226
vn 0.139049 -0.699549 0.700925
vt 0.115771 -0.0158025
v 44.4313 26.6218 5.53953
vn -0.57357 0.65299 -0.494593
vt 0.152837 -0.0298526
v 44.0552 26.3701 5.53953
vn -0.385069 0.77914 -0.494635
vt 0.127697 -0.0298526
v 44.0503 26.3785 5.55226
vn -0.315367 0.639724 -0.700925
vt 0.127733 -0.028962
v 44.0503 26.3785 5.55226
vn 0.315367 -0.639724 0.700925
vt 0.127733 -0.028962
v 44.0552 26.3701 5.53953
vn 0.385069 -0.77914 0.494635
vt 0.127697 -0.0298526
v 44.4313 26.6218 5.53953
vn 0.57357 -0.65299 0.494593
vt 0.152837 -0.0298526
v 44.9352 27.3666 5.52471
vn -0.915908 0.309397 -0.255709
vt 0.148008 -0.0409901
v 44.7294 26.9622 5.53953
vn -0.723102 0.482179 -0.494597
vt 0.122801 -0.0401013
v 44.9293 27.3682 5.53953
vn -0.82322 0.27865 -0.494635
vt 0.147942 -0.0401013
v 44.9293 27.3682 5.53953
vn 0.82322 -0.27865 0.494635
vt 0.147942 -0.0401013
v 44.7294 26.9622 5.53953
vn 0.723102 -0.482179 0.494597
vt 0.122801 -0.0401013
v 44.9352 27.3666 5.52471
vn 0.915908 -0.309397 0.255709
vt 0.148008 -0.0409901
v 44.7347 26.9591 5.52471
vn -0.804621 0.535908 -0.255709
vt 0.155317 -0.0272105
v 44.4313 26.6218 5.53953
vn -0.57357 0.65299 -0.494593
vt 0.130111 -0.0263216
v 44.7294 26.9622 5.53953
vn -0.723102 0.482179 -0.494597
vt 0.155251 -0.0263216
v 44.7294 26.9622 5.53953
vn 0.723102 -0.482179 0.494597
vt 0.155251 -0.0263216
v 44.4313 26.6218 5.53953
vn 0.57357 -0.65299 0.494593
vt 0.130111 -0.0263216
v 44.7347 26.9591 5.52471
vn 0.804621 -0.535908 0.255709
vt 0.155317 -0.0272105
v 44.9352 27.3666 5.52471
vn -0.915908 0.309397 -0.255709
vt 0.106204 -0.0546005
v 44.9293 27.3682 5.53953
vn -0.82322 0.27865 -0.494635
vt 0.106227 -0.0537095
v 45.0234 27.8121 5.52471
vn -0.964772 0.061819 -0.25572
vt 0.131433 -0.0546005
v 45.0234 27.8121 5.52471
vn 0.964772 -0.061819 0.25572
vt 0.131433 -0.0546005
v 44.9293 27.3682 5.53953
vn 0.82322 -0.27865 0.494635
vt 0.106227 -0.0537095
v 44.9352 27.3666 5.52471
vn 0.915908 -0.309397 0.255709
vt 0.106204 -0.0546005
v 45.0255 27.8121 5.5088
vn -0.997966 0.0637547 -1.20424e-012
vt 0.0815567 -0.0140966
v 45.0234 27.8121 5.52471
vn -0.964772 0.061819 -0.25572
vt 0.0815644 -0.0132054
v 44.9932 28.2652 5.52471
vn -0.94791 -0.18996 -0.255699
vt 0.106794 -0.0132054
v 44.9932 28.2652 5.52471
vn 0.94791 0.18996 0.255699
vt 0.106794 -0.0132054
v 45.0234 27.8121 5.52471
vn 0.964772 -0.061819 0.25572
vt 0.0815644 -0.0132054
v 45.0255 27.8121 5.5088
vn 0.997966 -0.0637547 1.20424e-012
vt 0.0815567 -0.0140966
v 45.0255 27.8121 5.5088
vn -0.997966 0.0637547 -1.20424e-012
vt 0.0815409 -0.0136547
v 44.9932 28.2652 5.52471
vn -0.94791 -0.18996 -0.255699
vt 0.106778 -0.0127637
v 44.9953 28.2658 5.5088
vn -0.980454 -0.196747 -1.12067e-012
vt 0.1068 -0.0136547
v 44.9953 28.2658 5.5088
vn 0.980454 0.196747 1.12067e-012
vt 0.1068 -0.0136547
v 44.9932 28.2652 5.52471
vn 0.94791 0.18996 0.255699
vt 0.106778 -0.0127637
v 45.0255 27.8121 5.5088
vn 0.997966 -0.0637547 1.20424e-012
vt 0.0815409 -0.0136547
v 44.9932 28.2652 5.4929
vn -0.94791 -0.18996 0.255699
vt 0.0505066 0.0407269
v 44.9953 28.2658 5.5088
vn -0.980454 -0.196747 -1.12067e-012
vt 0.0504989 0.0416182
v 44.8468 28.6951 5.4929
vn -0.866431 -0.428872 0.255668
vt 0.0757358 0.0407269
v 44.8468 28.6951 5.4929
vn 0.866431 0.428872 -0.255668
vt 0.0757358 0.0407269
v 44.9953 28.2658 5.5088
vn 0.980454 0.196747 1.12067e-012
vt 0.0504989 0.0416182
v 44.9932 28.2652 5.4929
vn 0.94791 0.18996 -0.255699
vt 0.0505066 0.0407269
v 44.9873 28.2637 5.47808
vn -0.852274 -0.170274 0.494606
vt 0.0505803 0.0954664
v 44.9932 28.2652 5.4929
vn -0.94791 -0.18996 0.255699
vt 0.0505578 0.0963574
v 44.8415 28.6921 5.47808
vn -0.779123 -0.385101 0.494636
vt 0.0757207 0.0954664
v 44.8415 28.6921 5.47808
vn 0.779123 0.385101 -0.494636
vt 0.0757207 0.0954664
v 44.9932 28.2652 5.4929
vn 0.94791 0.18996 -0.255699
vt 0.0505578 0.0963574
v 44.9873 28.2637 5.47808
vn 0.852274 0.170274 -0.494606
vt 0.0505803 0.0954664
v 44.9831 28.2625 5.47245
vn -0.779203 -0.152658 0.607897
vt 0.0506323 0.144224
v 44.9873 28.2637 5.47808
vn -0.852274 -0.170274 0.494606
vt 0.0506165 0.144617
v 44.8378 28.6899 5.47245
vn -0.713141 -0.349129 0.607897
vt 0.0757102 0.144224
v 44.8378 28.6899 5.47245
vn 0.713141 0.349129 -0.607897
vt 0.0757102 0.144224
v 44.9873 28.2637 5.47808
vn 0.852274 0.170274 -0.494606
vt 0.0506165 0.144617
v 44.9831 28.2625 5.47245
vn 0.779203 0.152658 -0.607897
vt 0.0506323 0.144224
v 44.9831 28.2625 5.47245
vn -0.878134 -0.174031 -0.445638
vt 0.0506323 -0.0890011
v 44.8378 28.6899 5.47245
vn -0.80317 -0.395378 -0.445638
vt 0.0757102 -0.0890011
v 44.9196 28.7371 5.28346
vn -0.800142 -0.399543 -0.447368
vt 0.0767314 -0.100695
v 44.9196 28.7371 5.28346
vn 0.800142 0.399543 0.447368
vt 0.0767314 -0.100695
v 44.8378 28.6899 5.47245
vn 0.80317 0.395378 0.445638
vt 0.0757102 -0.0890011
v 44.9831 28.2625 5.47245
vn 0.878134 0.174031 0.445638
vt 0.0506323 -0.0890011
v 44.2494 29.3663 5.47808
vn -0.482198 -0.723079 0.494614
vt 0.00311322 0.0996669
v 44.5898 29.0681 5.47808
vn -0.652851 -0.573698 0.494627
vt -0.0220272 0.0996669
v 44.2525 29.3716 5.4929
vn -0.535908 -0.804621 0.255709
vt 0.00317951 0.100556
v 44.2525 29.3716 5.4929
vn 0.535908 0.804621 -0.255709
vt 0.00317951 0.100556
v 44.5898 29.0681 5.47808
vn 0.652851 0.573698 -0.494627
vt -0.0220272 0.0996669
v 44.2494 29.3663 5.47808
vn 0.482198 0.723079 -0.494614
vt 0.00311322 0.0996669
v 44.2494 29.3663 5.47808
vn -0.482198 -0.723079 0.494614
vt 0.00315167 0.151859
v 44.2472 29.3625 5.47245
vn -0.443064 -0.658962 0.607835
vt 0.00310502 0.151468
v 44.5868 29.0651 5.47245
vn -0.598454 -0.52187 0.607868
vt -0.0219729 0.151468
v 44.5868 29.0651 5.47245
vn 0.598454 0.52187 -0.607868
vt -0.0219729 0.151468
v 44.2472 29.3625 5.47245
vn 0.443064 0.658962 -0.607835
vt 0.00310502 0.151468
v 44.2494 29.3663 5.47808
vn 0.482198 0.723079 -0.494614
vt 0.00315167 0.151859
v 44.2472 29.3625 5.47245
vn -0.497877 -0.743993 -0.445638
vt 0.00310502 -0.0953415
v 44.2945 29.4443 5.28346
vn -0.493172 -0.746085 -0.447368
vt 0.00412621 -0.107035
v 44.5868 29.0651 5.47245
vn -0.673471 -0.589782 -0.445638
vt -0.0219729 -0.0953415
v 44.5868 29.0651 5.47245
vn 0.673471 0.589782 0.445638
vt -0.0219729 -0.0953415
v 44.2945 29.4443 5.28346
vn 0.493172 0.746085 0.447368
vt 0.00412621 -0.107035
v 44.2472 29.3625 5.47245
vn 0.497877 0.743993 0.445638
vt 0.00310502 -0.0953415
v 41.7931 27.191 5.56817
vn -0.22346 -0.110049 -0.968481
vt 0.0402405 -0.0387418
v 41.8059 27.1984 5.56203
vn -0.442379 -0.216688 -0.870257
vt 0.0401882 -0.0396316
v 42.0338 26.8292 5.56817
vn -0.187363 -0.164135 -0.968481
vt 0.0161005 -0.0387418
v 42.0338 26.8292 5.56817
vn 0.187363 0.164135 0.968481
vt 0.0161005 -0.0387418
v 41.8059 27.1984 5.56203
vn 0.442379 0.216688 0.870257
vt 0.0401882 -0.0396316
v 41.7931 27.191 5.56817
vn 0.22346 0.110049 0.968481
vt 0.0402405 -0.0387418
v 41.6542 27.6027 5.56817
vn -0.244329 -0.0484638 -0.968481
vt 0.0755649 -0.0275958
v 41.6686 27.6065 5.56203
vn -0.483388 -0.0948086 -0.870257
vt 0.0755126 -0.0284855
v 41.7931 27.191 5.56817
vn -0.22346 -0.110049 -0.968481
vt 0.0514249 -0.0275958
v 41.7931 27.191 5.56817
vn 0.22346 0.110049 0.968481
vt 0.0514249 -0.0275958
v 41.6686 27.6065 5.56203
vn 0.483388 0.0948086 0.870257
vt 0.0755126 -0.0284855
v 41.6542 27.6027 5.56817
vn 0.244329 0.0484638 0.968481
vt 0.0755649 -0.0275958
v 41.6267 28.0363 5.56817
vn -0.24857 0.016353 -0.968476
vt 0.106562 -0.00838534
v 41.6415 28.0363 5.56203
vn -0.49147 0.0333955 -0.870254
vt 0.10651 -0.0092751
v 41.6542 27.6027 5.56817
vn -0.244329 -0.0484638 -0.968481
vt 0.0824222 -0.00838534
v 41.6542 27.6027 5.56817
vn 0.244329 0.0484638 0.968481
vt 0.0824222 -0.00838534
v 41.6415 28.0363 5.56203
vn 0.49147 -0.0333955 0.870254
vt 0.10651 -0.0092751
v 41.6267 28.0363 5.56817
vn 0.24857 -0.016353 0.968476
vt 0.106562 -0.00838534
v 42.352 26.5283 5.57026
vn 0.00669345 0.00872284 -0.99994
vt -0.0213178 -0.0475921
v 42.0338 26.8292 5.56817
vn -0.187363 -0.164135 -0.968481
vt 0.00299628 -0.0484662
v 42.3599 26.5421 5.56817
vn -0.138497 -0.207035 -0.968481
vt -0.0211437 -0.0484662
v 42.3599 26.5421 5.56817
vn 0.138497 0.207035 0.968481
vt -0.0211437 -0.0484662
v 42.0338 26.8292 5.56817
vn 0.187363 0.164135 0.968481
vt 0.00299628 -0.0484662
v 42.352 26.5283 5.57026
vn -0.00669345 -0.00872284 0.99994
vt -0.0213178 -0.0475921
v 43.8455 29.5741 5.5088
vn -0.319839 -0.947472 2.42697e-005
vt -0.0334749 0.042536
v 44.2525 29.3716 5.4929
vn -0.535908 -0.804621 0.255709
vt -0.0587267 0.0416448
v 44.2535 29.3734 5.5088
vn -0.554165 -0.832407 2.42697e-005
vt -0.0587344 0.042536
v 44.2535 29.3734 5.5088
vn 0.554165 0.832407 -2.42697e-005
vt -0.0587344 0.042536
v 44.2525 29.3716 5.4929
vn 0.535908 0.804621 -0.255709
vt -0.0587267 0.0416448
v 43.8455 29.5741 5.5088
vn 0.319839 0.947472 -2.42697e-005
vt -0.0334749 0.042536
v 43.845 29.572 5.52471
vn -0.309401 -0.915918 -0.255668
vt -0.0334796 -0.0746088
v 44.2525 29.3716 5.52471
vn -0.535915 -0.804629 -0.255668
vt -0.0587088 -0.0746088
v 43.8434 29.5661 5.53953
vn -0.278655 -0.823231 -0.494613
vt -0.0335458 -0.07372
v 43.8434 29.5661 5.53953
vn 0.278655 0.823231 0.494613
vt -0.0335458 -0.07372
v 44.2525 29.3716 5.52471
vn 0.535915 0.804629 0.255668
vt -0.0587088 -0.0746088
v 43.845 29.572 5.52471
vn 0.309401 0.915918 0.255668
vt -0.0334796 -0.0746088
v 43.8455 29.5741 5.5088
vn -0.319839 -0.947472 2.42697e-005
vt -0.0334749 -0.0172092
v 44.2535 29.3734 5.5088
vn -0.554165 -0.832407 2.42697e-005
vt -0.0587344 -0.0172092
v 43.845 29.572 5.52471
vn -0.309401 -0.915918 -0.255668
vt -0.0334975 -0.0163182
v 43.845 29.572 5.52471
vn 0.309401 0.915918 0.255668
vt -0.0334975 -0.0163182
v 44.2535 29.3734 5.5088
vn 0.554165 0.832407 -2.42697e-005
vt -0.0587344 -0.0172092
v 43.8455 29.5741 5.5088
vn 0.319839 0.947472 -2.42697e-005
vt -0.0334749 -0.0172092
v 41.7123 28.4623 5.56817
vn -0.23587 0.0802086 -0.968469
vt 0.123425 0.0476548
v 41.8914 28.8596 5.57026
vn 0.00868105 -0.00666096 -0.99994
vt 0.147621 0.0485444
v 41.9052 28.8517 5.56817
vn -0.207073 0.138523 -0.968469
vt 0.147565 0.0476548
v 41.9052 28.8517 5.56817
vn 0.207073 -0.138523 0.968469
vt 0.147565 0.0476548
v 41.8914 28.8596 5.57026
vn -0.00868105 0.00666096 0.99994
vt 0.147621 0.0485444
v 41.7123 28.4623 5.56817
vn 0.23587 -0.0802086 0.968469
vt 0.123425 0.0476548
v 41.6267 28.0363 5.56817
vn -0.24857 0.016353 -0.968476
vt 0.10698 0.0144312
v 41.6969 28.4664 5.57026
vn 0.0101092 -0.00418717 -0.99994
vt 0.131176 0.0153207
v 41.7123 28.4623 5.56817
vn -0.23587 0.0802086 -0.968469
vt 0.13112 0.0144312
v 41.7123 28.4623 5.56817
vn 0.23587 -0.0802086 0.968469
vt 0.13112 0.0144312
v 41.6969 28.4664 5.57026
vn -0.0101092 0.00418717 0.99994
vt 0.131176 0.0153207
v 41.6267 28.0363 5.56817
vn 0.24857 -0.016353 0.968476
vt 0.10698 0.0144312
v 43.3995 29.6541 5.53953
vn -0.0560923 -0.867301 -0.494613
vt -0.0669603 -0.117519
v 43.8434 29.5661 5.53953
vn -0.278655 -0.823231 -0.494613
vt -0.0921007 -0.117519
v 43.3995 29.6443 5.55226
vn -0.0467973 -0.711602 -0.701022
vt -0.0670657 -0.116634
v 43.3995 29.6443 5.55226
vn 0.0467973 0.711602 0.701022
vt -0.0670657 -0.116634
v 43.8434 29.5661 5.53953
vn 0.278655 0.823231 0.494613
vt -0.0921007 -0.117519
v 43.3995 29.6541 5.53953
vn 0.0560923 0.867301 0.494613
vt -0.0669603 -0.117519
v 42.9538 29.6024 5.56203
vn 0.0985056 -0.499235 -0.860849
vt -0.0951814 -0.138926
v 42.9505 29.6147 5.55226
vn 0.139041 -0.699485 -0.700991
vt -0.0950437 -0.139806
v 43.3995 29.6443 5.55226
vn -0.0467973 -0.711602 -0.701022
vt -0.120043 -0.139806
v 43.3995 29.6443 5.55226
vn 0.0467973 0.711602 0.701022
vt -0.120043 -0.139806
v 42.9505 29.6147 5.55226
vn -0.139041 0.699485 0.700991
vt -0.0950437 -0.139806
v 42.9538 29.6024 5.56203
vn -0.0985056 0.499235 0.860849
vt -0.0951814 -0.138926
v 42.5382 29.446 5.56817
vn 0.11825 -0.242131 -0.963011
vt -0.115993 -0.138196
v 42.5308 29.4589 5.56203
vn 0.224361 -0.456729 -0.860849
vt -0.115833 -0.139073
v 42.9538 29.6024 5.56203
vn 0.0985056 -0.499235 -0.860849
vt -0.140648 -0.139073
v 42.9538 29.6024 5.56203
vn -0.0985056 0.499235 0.860849
vt -0.140648 -0.139073
v 42.5308 29.4589 5.56203
vn -0.224361 0.456729 0.860849
vt -0.115833 -0.139073
v 42.5382 29.446 5.56817
vn -0.11825 0.242131 0.963011
vt -0.115993 -0.138196
v 42.1811 29.189 5.57026
vn 0.00666127 -0.00868082 -0.99994
vt -0.1281 -0.117364
v 42.1699 29.2003 5.56817
vn 0.176889 -0.203275 -0.963011
vt -0.127927 -0.118238
v 42.5382 29.446 5.56817
vn 0.11825 -0.242131 -0.963011
vt -0.152527 -0.118238
v 42.5382 29.446 5.56817
vn -0.11825 0.242131 0.963011
vt -0.152527 -0.118238
v 42.1699 29.2003 5.56817
vn -0.176889 0.203275 0.963011
vt -0.127927 -0.118238
v 42.1811 29.189 5.57026
vn -0.00666127 0.00868082 0.99994
vt -0.1281 -0.117364
v 41.9052 28.8517 5.56817
vn -0.207073 0.138523 -0.968469
vt 0.130689 0.0838945
v 41.8914 28.8596 5.57026
vn 0.00868105 -0.00666096 -0.99994
vt 0.130515 0.0847688
v 42.1811 29.189 5.57026
vn 0.00666127 -0.00868082 -0.99994
vt 0.154885 0.0847688
v 42.1811 29.189 5.57026
vn -0.00666127 0.00868082 0.99994
vt 0.154885 0.0847688
v 41.8914 28.8596 5.57026
vn -0.00868105 0.00666096 0.99994
vt 0.130515 0.0847688
v 41.9052 28.8517 5.56817
vn 0.207073 -0.138523 0.968469
vt 0.130689 0.0838945
v 42.741 26.3184 5.56817
vn 0.0876154 0.254867 -0.962999
vt 0.0581445 0.0437752
v 42.352 26.5283 5.57026
vn 0.00669345 0.00872284 -0.99994
vt 0.0336008 0.0446494
v 42.7452 26.3337 5.57026
vn 0.00420774 0.010158 -0.99994
vt 0.057971 0.0446494
v 42.7452 26.3337 5.57026
vn -0.00420774 -0.010158 0.99994
vt 0.057971 0.0446494
v 42.352 26.5283 5.57026
vn -0.00669345 -0.00872284 0.99994
vt 0.0336008 0.0446494
v 42.741 26.3184 5.56817
vn -0.0876154 -0.254867 0.962999
vt 0.0581445 0.0437752
v 42.741 26.3184 5.56817
vn 0.0876154 0.254867 -0.962999
vt 0.0670611 0.029664
v 43.1753 26.2317 5.56817
vn 0.0187241 0.268825 -0.963007
vt 0.0916615 0.029664
v 43.1753 26.2169 5.56203
vn 0.0341955 0.507727 -0.860839
vt 0.0918227 0.0287874
v 43.1753 26.2169 5.56203
vn -0.0341955 -0.507727 0.860839
vt 0.0918227 0.0287874
v 43.1753 26.2317 5.56817
vn -0.0187241 -0.268825 0.963007
vt 0.0916615 0.029664
v 42.741 26.3184 5.56817
vn -0.0876154 -0.254867 0.962999
vt 0.0670611 0.029664
v 43.1753 26.2169 5.56203
vn 0.0341955 0.507727 -0.860839
vt 0.0950902 0.00606831
v 43.6172 26.2604 5.56817
vn -0.0515345 0.264478 -0.963014
vt 0.119744 0.00694498
v 43.621 26.246 5.56203
vn -0.0985056 0.499235 -0.860849
vt 0.119905 0.00606831
v 43.621 26.246 5.56203
vn 0.0985056 -0.499235 0.860849
vt 0.119905 0.00606831
v 43.6172 26.2604 5.56817
vn 0.0515345 -0.264478 0.963014
vt 0.119744 0.00694498
v 43.1753 26.2169 5.56203
vn -0.0341955 -0.507727 0.860839
vt 0.0950902 0.00606831
v 43.6243 26.2337 5.55226
vn -0.139049 0.699549 -0.700925
vt 0.115787 -0.0160183
v 43.621 26.246 5.56203
vn -0.0985056 0.499235 -0.860849
vt 0.115833 -0.0151282
v 44.044 26.3896 5.56203
vn -0.224361 0.456729 -0.860849
vt 0.140648 -0.0151282
v 44.044 26.3896 5.56203
vn 0.224361 -0.456729 0.860849
vt 0.140648 -0.0151282
v 43.621 26.246 5.56203
vn 0.0985056 -0.499235 0.860849
vt 0.115833 -0.0151282
v 43.6243 26.2337 5.55226
vn 0.139049 -0.699549 0.700925
vt 0.115787 -0.0160183
v 44.0552 26.3701 5.53953
vn -0.385069 0.77914 -0.494635
vt 0.140876 -0.00804392
v 43.6243 26.2337 5.55226
vn -0.139049 0.699549 -0.700925
vt 0.115771 -0.00715891
v 44.0503 26.3785 5.55226
vn -0.315367 0.639724 -0.700925
vt 0.14077 -0.00715891
v 44.0503 26.3785 5.55226
vn 0.315367 -0.639724 0.700925
vt 0.14077 -0.00715891
v 43.6243 26.2337 5.55226
vn 0.139049 -0.699549 0.700925
vt 0.115771 -0.00715891
v 44.0552 26.3701 5.53953
vn 0.385069 -0.77914 0.494635
vt 0.140876 -0.00804392
v 44.4356 26.6174 5.52471
vn -0.638501 0.725899 -0.255709
vt 0.152903 -0.0131882
v 44.0552 26.3701 5.53953
vn -0.385069 0.77914 -0.494635
vt 0.127697 -0.0122994
v 44.4313 26.6218 5.53953
vn -0.57357 0.65299 -0.494593
vt 0.152837 -0.0122994
v 44.4313 26.6218 5.53953
vn 0.57357 -0.65299 0.494593
vt 0.152837 -0.0122994
v 44.0552 26.3701 5.53953
vn 0.385069 -0.77914 0.494635
vt 0.127697 -0.0122994
v 44.4356 26.6174 5.52471
vn 0.638501 -0.725899 0.255709
vt 0.152903 -0.0131882
v 44.7347 26.9591 5.52471
vn -0.804621 0.535908 -0.255709
vt 0.122746 -0.0418187
v 44.7294 26.9622 5.53953
vn -0.723102 0.482179 -0.494597
vt 0.122769 -0.0409277
v 44.9352 27.3666 5.52471
vn -0.915908 0.309397 -0.255709
vt 0.147976 -0.0418187
v 44.9352 27.3666 5.52471
vn 0.915908 -0.309397 0.255709
vt 0.147976 -0.0418187
v 44.7294 26.9622 5.53953
vn 0.723102 -0.482179 0.494597
vt 0.122769 -0.0409277
v 44.7347 26.9591 5.52471
vn 0.804621 -0.535908 0.255709
vt 0.122746 -0.0418187
v 44.4356 26.6174 5.52471
vn -0.638501 0.725899 -0.255709
vt 0.130064 -0.0278371
v 44.4313 26.6218 5.53953
vn -0.57357 0.65299 -0.494593
vt 0.130087 -0.0269461
v 44.7347 26.9591 5.52471
vn -0.804621 0.535908 -0.255709
vt 0.155293 -0.0278371
v 44.7347 26.9591 5.52471
vn 0.804621 -0.535908 0.255709
vt 0.155293 -0.0278371
v 44.4313 26.6218 5.53953
vn 0.57357 -0.65299 0.494593
vt 0.130087 -0.0269461
v 44.4356 26.6174 5.52471
vn 0.638501 -0.725899 0.255709
vt 0.130064 -0.0278371
v 44.9352 27.3666 5.52471
vn -0.915908 0.309397 -0.255709
vt 0.106204 -0.0091706
v 45.0234 27.8121 5.52471
vn -0.964772 0.061819 -0.25572
vt 0.131433 -0.0091706
v 45.0255 27.8121 5.5088
vn -0.997966 0.0637547 -1.20424e-012
vt 0.131456 -0.0100616
v 45.0255 27.8121 5.5088
vn 0.997966 -0.0637547 1.20424e-012
vt 0.131456 -0.0100616
v 45.0234 27.8121 5.52471
vn 0.964772 -0.061819 0.25572
vt 0.131433 -0.0091706
v 44.9352 27.3666 5.52471
vn 0.915908 -0.309397 0.255709
vt 0.106204 -0.0091706
v 44.9932 28.2652 5.4929
vn -0.94791 -0.18996 0.255699
vt 0.106778 0.0375952
v 45.0255 27.8121 5.5088
vn -0.997966 0.0637547 -1.20424e-012
vt 0.0815409 0.0384862
v 44.9953 28.2658 5.5088
vn -0.980454 -0.196747 -1.12067e-012
vt 0.1068 0.0384862
v 44.9953 28.2658 5.5088
vn 0.980454 0.196747 1.12067e-012
vt 0.1068 0.0384862
v 45.0255 27.8121 5.5088
vn 0.997966 -0.0637547 1.20424e-012
vt 0.0815409 0.0384862
v 44.9932 28.2652 5.4929
vn 0.94791 0.18996 -0.255699
vt 0.106778 0.0375952
v 44.9873 28.2637 5.47808
vn -0.852274 -0.170274 0.494606
vt 0.106774 0.0864531
v 45.0172 27.8121 5.47808
vn -0.867312 0.0560865 0.494595
vt 0.0816334 0.0864531
v 44.9932 28.2652 5.4929
vn -0.94791 -0.18996 0.255699
vt 0.10684 0.0873419
v 44.9932 28.2652 5.4929
vn 0.94791 0.18996 -0.255699
vt 0.10684 0.0873419
v 45.0172 27.8121 5.47808
vn 0.867312 -0.0560865 -0.494595
vt 0.0816334 0.0864531
v 44.9873 28.2637 5.47808
vn 0.852274 0.170274 -0.494606
vt 0.106774 0.0864531
v 44.9831 28.2625 5.47245
vn -0.779203 -0.152658 0.607897
vt 0.106727 0.130361
v 45.0172 27.8121 5.47808
vn -0.867312 0.0560865 0.494595
vt 0.0816334 0.130752
v 44.9873 28.2637 5.47808
vn -0.852274 -0.170274 0.494606
vt 0.106774 0.130752
v 44.9873 28.2637 5.47808
vn 0.852274 0.170274 -0.494606
vt 0.106774 0.130752
v 45.0172 27.8121 5.47808
vn 0.867312 -0.0560865 -0.494595
vt 0.0816334 0.130752
v 44.9831 28.2625 5.47245
vn 0.779203 0.152658 -0.607897
vt 0.106727 0.130361
v 45.0744 28.287 5.28346
vn -0.876287 -0.178837 -0.447368
vt 0.0495171 -0.102184
v 44.9831 28.2625 5.47245
vn -0.878134 -0.174031 -0.445638
vt 0.049881 -0.0904516
v 44.9196 28.7371 5.28346
vn -0.800142 -0.399543 -0.447368
vt 0.0759627 -0.102184
v 44.9196 28.7371 5.28346
vn 0.800142 0.399543 0.447368
vt 0.0759627 -0.102184
v 44.9831 28.2625 5.47245
vn 0.878134 0.174031 0.445638
vt 0.049881 -0.0904516
v 45.0744 28.287 5.28346
vn 0.876287 0.178837 0.447368
vt 0.0495171 -0.102184
v 43.845 29.572 5.4929
vn -0.309397 -0.915908 0.255709
vt -0.0334796 0.0990546
v 44.2494 29.3663 5.47808
vn -0.482198 -0.723079 0.494614
vt -0.0586862 0.0981636
v 44.2525 29.3716 5.4929
vn -0.535908 -0.804621 0.255709
vt -0.0587088 0.0990546
v 44.2525 29.3716 5.4929
vn 0.535908 0.804621 -0.255709
vt -0.0587088 0.0990546
v 44.2494 29.3663 5.47808
vn 0.482198 0.723079 -0.494614
vt -0.0586862 0.0981636
v 43.845 29.572 5.4929
vn 0.309397 0.915908 -0.255709
vt -0.0334796 0.0990546
v 43.8434 29.5661 5.47808
vn -0.278621 -0.823242 0.494614
vt -0.0334931 0.148924
v 44.2472 29.3625 5.47245
vn -0.443064 -0.658962 0.607835
vt -0.0586176 0.14853
v 44.2494 29.3663 5.47808
vn -0.482198 -0.723079 0.494614
vt -0.0586335 0.148924
v 44.2494 29.3663 5.47808
vn 0.482198 0.723079 -0.494614
vt -0.0586335 0.148924
v 44.2472 29.3625 5.47245
vn 0.443064 0.658962 -0.607835
vt -0.0586176 0.14853
v 43.8434 29.5661 5.47808
vn 0.278621 0.823242 -0.494614
vt -0.0334931 0.148924
v 43.8667 29.6532 5.28346
vn -0.283267 -0.848305 -0.447368
vt -0.0332732 -0.105188
v 44.2945 29.4443 5.28346
vn -0.493172 -0.746085 -0.447368
vt -0.0597188 -0.105188
v 44.2472 29.3625 5.47245
vn -0.497877 -0.743993 -0.445638
vt -0.0593548 -0.0934549
v 44.2472 29.3625 5.47245
vn 0.497877 0.743993 0.445638
vt -0.0593548 -0.0934549
v 44.2945 29.4443 5.28346
vn 0.493172 0.746085 0.447368
vt -0.0597188 -0.105188
v 43.8667 29.6532 5.28346
vn 0.283267 0.848305 0.447368
vt -0.0332732 -0.105188
v 42.0226 26.8179 5.57026
vn 0.00872301 0.00669322 -0.99994
vt 0.0159264 -0.0451003
v 41.7931 27.191 5.56817
vn -0.22346 -0.110049 -0.968481
vt 0.0402405 -0.0459744
v 42.0338 26.8292 5.56817
vn -0.187363 -0.164135 -0.968481
vt 0.0161005 -0.0459744
v 42.0338 26.8292 5.56817
vn 0.187363 0.164135 0.968481
vt 0.0161005 -0.0459744
v 41.7931 27.191 5.56817
vn 0.22346 0.110049 0.968481
vt 0.0402405 -0.0459744
v 42.0226 26.8179 5.57026
vn -0.00872301 -0.00669322 0.99994
vt 0.0159264 -0.0451003
v 41.7793 27.183 5.57026
vn 0.0101581 0.00420747 -0.99994
vt 0.0512508 -0.0331397
v 41.6542 27.6027 5.56817
vn -0.244329 -0.0484638 -0.968481
vt 0.0755649 -0.0340138
v 41.7931 27.191 5.56817
vn -0.22346 -0.110049 -0.968481
vt 0.0514249 -0.0340138
v 41.7931 27.191 5.56817
vn 0.22346 0.110049 0.968481
vt 0.0514249 -0.0340138
v 41.6542 27.6027 5.56817
vn 0.244329 0.0484638 0.968481
vt 0.0755649 -0.0340138
v 41.7793 27.183 5.57026
vn -0.0101581 -0.00420747 0.99994
vt 0.0512508 -0.0331397
v 41.6389 27.5986 5.57026
vn 0.010901 0.00143499 -0.99994
vt 0.0822481 -0.0125253
v 41.6267 28.0363 5.56817
vn -0.24857 0.016353 -0.968476
vt 0.106562 -0.0133994
v 41.6542 27.6027 5.56817
vn -0.244329 -0.0484638 -0.968481
vt 0.0824222 -0.0133994
v 41.6542 27.6027 5.56817
vn 0.244329 0.0484638 0.968481
vt 0.0824222 -0.0133994
v 41.6267 28.0363 5.56817
vn 0.24857 -0.016353 0.968476
vt 0.106562 -0.0133994
v 41.6389 27.5986 5.57026
vn -0.010901 -0.00143499 0.99994
vt 0.0822481 -0.0125253
v 42.0226 26.8179 5.57026
vn 0.00872301 0.00669322 -0.99994
vt 0.00302039 -0.0476305
v 42.0338 26.8292 5.56817
vn -0.187363 -0.164135 -0.968481
vt 0.00296375 -0.04852
v 42.352 26.5283 5.57026
vn 0.00669345 0.00872284 -0.99994
vt -0.0213498 -0.0476305
v 42.352 26.5283 5.57026
vn -0.00669345 -0.00872284 0.99994
vt -0.0213498 -0.0476305
v 42.0338 26.8292 5.56817
vn 0.187363 0.164135 0.968481
vt 0.00296375 -0.04852
v 42.0226 26.8179 5.57026
vn -0.00872301 -0.00669322 0.99994
vt 0.00302039 -0.0476305
v 43.845 29.572 5.4929
vn -0.309397 -0.915908 0.255709
vt -0.0334796 0.0411495
v 44.2525 29.3716 5.4929
vn -0.535908 -0.804621 0.255709
vt -0.0587088 0.0411495
v 43.8455 29.5741 5.5088
vn -0.319839 -0.947472 2.42697e-005
vt -0.033457 0.0420405
v 43.8455 29.5741 5.5088
vn 0.319839 0.947472 -2.42697e-005
vt -0.033457 0.0420405
v 44.2525 29.3716 5.4929
vn 0.535908 0.804621 -0.255709
vt -0.0587088 0.0411495
v 43.845 29.572 5.4929
vn 0.309397 0.915908 -0.255709
vt -0.0334796 0.0411495
v 43.3995 29.6541 5.53953
vn -0.0560923 -0.867301 -0.494613
vt -0.0669603 -0.0687149
v 43.845 29.572 5.52471
vn -0.309401 -0.915918 -0.255668
vt -0.0921232 -0.0696059
v 43.8434 29.5661 5.53953
vn -0.278655 -0.823231 -0.494613
vt -0.0921007 -0.0687149
v 43.8434 29.5661 5.53953
vn 0.278655 0.823231 0.494613
vt -0.0921007 -0.0687149
v 43.845 29.572 5.52471
vn 0.309401 0.915918 0.255668
vt -0.0921232 -0.0696059
v 43.3995 29.6541 5.53953
vn 0.0560923 0.867301 0.494613
vt -0.0669603 -0.0687149
v 43.3995 29.6602 5.52471
vn -0.0618017 -0.964787 -0.255668
vt -0.066943 -0.0146666
v 43.8455 29.5741 5.5088
vn -0.319839 -0.947472 2.42697e-005
vt -0.0921799 -0.0155579
v 43.845 29.572 5.52471
vn -0.309401 -0.915918 -0.255668
vt -0.0921722 -0.0146666
v 43.845 29.572 5.52471
vn 0.309401 0.915918 0.255668
vt -0.0921722 -0.0146666
v 43.8455 29.5741 5.5088
vn 0.319839 0.947472 -2.42697e-005
vt -0.0921799 -0.0155579
v 43.3995 29.6602 5.52471
vn 0.0618017 0.964787 0.255668
vt -0.066943 -0.0146666
v 41.7123 28.4623 5.56817
vn -0.23587 0.0802086 -0.968469
vt 0.123454 0.047599
v 41.6969 28.4664 5.57026
vn 0.0101092 -0.00418717 -0.99994
vt 0.123281 0.0484733
v 41.8914 28.8596 5.57026
vn 0.00868105 -0.00666096 -0.99994
vt 0.147651 0.0484733
v 41.8914 28.8596 5.57026
vn -0.00868105 0.00666096 0.99994
vt 0.147651 0.0484733
v 41.6969 28.4664 5.57026
vn -0.0101092 0.00418717 0.99994
vt 0.123281 0.0484733
v 41.7123 28.4623 5.56817
vn 0.23587 -0.0802086 0.968469
vt 0.123454 0.047599
v 41.6267 28.0363 5.56817
vn -0.24857 0.016353 -0.968476
vt 0.106988 0.014396
v 41.6108 28.0363 5.57026
vn 0.0108747 -0.00142504 -0.99994
vt 0.106814 0.0152702
v 41.6969 28.4664 5.57026
vn 0.0101092 -0.00418717 -0.99994
vt 0.131185 0.0152702
v 41.6969 28.4664 5.57026
vn -0.0101092 0.00418717 0.99994
vt 0.131185 0.0152702
v 41.6108 28.0363 5.57026
vn -0.0108747 0.00142504 0.99994
vt 0.106814 0.0152702
v 41.6267 28.0363 5.56817
vn 0.24857 -0.016353 0.968476
vt 0.106988 0.014396
v 42.9505 29.6147 5.55226
vn 0.139041 -0.699485 -0.700991
vt -0.0950437 -0.103155
v 43.3995 29.6541 5.53953
vn -0.0560923 -0.867301 -0.494613
vt -0.120078 -0.104046
v 43.3995 29.6443 5.55226
vn -0.0467973 -0.711602 -0.701022
vt -0.120043 -0.103155
v 43.3995 29.6443 5.55226
vn 0.0467973 0.711602 0.701022
vt -0.120043 -0.103155
v 43.3995 29.6541 5.53953
vn 0.0560923 0.867301 0.494613
vt -0.120078 -0.104046
v 42.9505 29.6147 5.55226
vn -0.139041 0.699485 0.700991
vt -0.0950437 -0.103155
v 42.5308 29.4589 5.56203
vn 0.224361 -0.456729 -0.860849
vt -0.115833 -0.115423
v 42.9505 29.6147 5.55226
vn 0.139041 -0.699485 -0.700991
vt -0.140694 -0.116313
v 42.9538 29.6024 5.56203
vn 0.0985056 -0.499235 -0.860849
vt -0.140648 -0.115423
v 42.9538 29.6024 5.56203
vn -0.0985056 0.499235 0.860849
vt -0.140648 -0.115423
v 42.9505 29.6147 5.55226
vn -0.139041 0.699485 0.700991
vt -0.140694 -0.116313
v 42.5308 29.4589 5.56203
vn -0.224361 0.456729 0.860849
vt -0.115833 -0.115423
v 42.1699 29.2003 5.56817
vn 0.176889 -0.203275 -0.963011
vt -0.127927 -0.106081
v 42.5308 29.4589 5.56203
vn 0.224361 -0.456729 -0.860849
vt -0.152581 -0.106971
v 42.5382 29.446 5.56817
vn 0.11825 -0.242131 -0.963011
vt -0.152527 -0.106081
v 42.5382 29.446 5.56817
vn -0.11825 0.242131 0.963011
vt -0.152527 -0.106081
v 42.5308 29.4589 5.56203
vn -0.224361 0.456729 0.860849
vt -0.152581 -0.106971
v 42.1699 29.2003 5.56817
vn -0.176889 0.203275 0.963011
vt -0.127927 -0.106081
v 41.8914 28.8596 5.57026
vn 0.00868105 -0.00666096 -0.99994
vt -0.130515 -0.08059
v 42.1699 29.2003 5.56817
vn 0.176889 -0.203275 -0.963011
vt -0.154942 -0.0814795
v 42.1811 29.189 5.57026
vn 0.00666127 -0.00868082 -0.99994
vt -0.154885 -0.08059
v 42.1811 29.189 5.57026
vn -0.00666127 0.00868082 0.99994
vt -0.154885 -0.08059
v 42.1699 29.2003 5.56817
vn -0.176889 0.203275 0.963011
vt -0.154942 -0.0814795
v 41.8914 28.8596 5.57026
vn -0.00868105 0.00666096 0.99994
vt -0.130515 -0.08059
v 42.344 26.5145 5.56817
vn 0.150594 0.223506 -0.962999
vt 0.0335705 0.0437158
v 42.352 26.5283 5.57026
vn 0.00669345 0.00872284 -0.99994
vt 0.0336277 0.0446053
v 42.741 26.3184 5.56817
vn 0.0876154 0.254867 -0.962999
vt 0.0581708 0.0437158
v 42.741 26.3184 5.56817
vn -0.0876154 -0.254867 0.962999
vt 0.0581708 0.0437158
v 42.352 26.5283 5.57026
vn -0.00669345 -0.00872284 0.99994
vt 0.0336277 0.0446053
v 42.344 26.5145 5.56817
vn -0.150594 -0.223506 0.962999
vt 0.0335705 0.0437158
v 42.7372 26.3041 5.56203
vn 0.164319 0.481622 -0.860837
vt 0.067022 0.0287095
v 42.741 26.3184 5.56817
vn 0.0876154 0.254867 -0.962999
vt 0.0670757 0.0295992
v 43.1753 26.2169 5.56203
vn 0.0341955 0.507727 -0.860839
vt 0.0918368 0.0287095
v 43.1753 26.2169 5.56203
vn -0.0341955 -0.507727 0.860839
vt 0.0918368 0.0287095
v 42.741 26.3184 5.56817
vn -0.0876154 -0.254867 0.962999
vt 0.0670757 0.0295992
v 42.7372 26.3041 5.56203
vn -0.164319 -0.481622 0.860837
vt 0.067022 0.0287095
v 43.1753 26.2041 5.55226
vn 0.0468062 0.711667 -0.700956
vt 0.0950441 0.00858425
v 43.1753 26.2169 5.56203
vn 0.0341955 0.507727 -0.860839
vt 0.0950902 0.00947434
v 43.621 26.246 5.56203
vn -0.0985056 0.499235 -0.860849
vt 0.119905 0.00947434
v 43.621 26.246 5.56203
vn 0.0985056 -0.499235 0.860849
vt 0.119905 0.00947434
v 43.1753 26.2169 5.56203
vn -0.0341955 -0.507727 0.860839
vt 0.0950902 0.00947434
v 43.1753 26.2041 5.55226
vn -0.0468062 -0.711667 0.700956
vt 0.0950441 0.00858425
v 43.1753 26.2041 5.55226
vn 0.0468062 0.711667 -0.700956
vt 0.0950437 0.00864962
v 43.621 26.246 5.56203
vn -0.0985056 0.499235 -0.860849
vt 0.119905 0.00953021
v 43.6243 26.2337 5.55226
vn -0.139049 0.699549 -0.700925
vt 0.120043 0.00864962
v 43.6243 26.2337 5.55226
vn 0.139049 -0.699549 0.700925
vt 0.120043 0.00864962
v 43.621 26.246 5.56203
vn 0.0985056 -0.499235 0.860849
vt 0.119905 0.00953021
v 43.1753 26.2041 5.55226
vn -0.0468062 -0.711667 0.700956
vt 0.0950437 0.00864962
v 44.0552 26.3701 5.53953
vn -0.385069 0.77914 -0.494635
vt 0.140864 -0.00835847
v 43.6268 26.2243 5.53953
vn -0.170292 0.852254 -0.494635
vt 0.115724 -0.00835847
v 43.6243 26.2337 5.55226
vn -0.139049 0.699549 -0.700925
vt 0.11576 -0.0074679
v 43.6243 26.2337 5.55226
vn 0.139049 -0.699549 0.700925
vt 0.11576 -0.0074679
v 43.6268 26.2243 5.53953
vn 0.170292 -0.852254 0.494635
vt 0.115724 -0.00835847
v 44.0552 26.3701 5.53953
vn 0.385069 -0.77914 0.494635
vt 0.140864 -0.00835847
v 44.4356 26.6174 5.52471
vn -0.638501 0.725899 -0.255709
vt 0.152888 -0.0136085
v 44.0583 26.3648 5.52471
vn -0.428868 0.866421 -0.255709
vt 0.127659 -0.0136085
v 44.0552 26.3701 5.53953
vn -0.385069 0.77914 -0.494635
vt 0.127681 -0.0127175
v 44.0552 26.3701 5.53953
vn 0.385069 -0.77914 0.494635
vt 0.127681 -0.0127175
v 44.0583 26.3648 5.52471
vn 0.428868 -0.866421 0.255709
vt 0.127659 -0.0136085
v 44.4356 26.6174 5.52471
vn 0.638501 -0.725899 0.255709
vt 0.152888 -0.0136085
v 44.9372 27.3661 5.5088
vn -0.947472 0.319839 -7.63842e-013
vt 0.147998 -0.00577549
v 44.7347 26.9591 5.52471
vn -0.804621 0.535908 -0.255709
vt 0.122746 -0.00488448
v 44.9352 27.3666 5.52471
vn -0.915908 0.309397 -0.255709
vt 0.147976 -0.00488448
v 44.9352 27.3666 5.52471
vn 0.915908 -0.309397 0.255709
vt 0.147976 -0.00488448
v 44.7347 26.9591 5.52471
vn 0.804621 -0.535908 0.255709
vt 0.122746 -0.00488448
v 44.9372 27.3661 5.5088
vn 0.947472 -0.319839 7.63842e-013
vt 0.147998 -0.00577549
v 44.7365 26.9581 5.5088
vn -0.832407 0.554165 -9.16666e-013
vt 0.155316 -0.00108703
v 44.4356 26.6174 5.52471
vn -0.638501 0.725899 -0.255709
vt 0.130064 -0.000196022
v 44.7347 26.9591 5.52471
vn -0.804621 0.535908 -0.255709
vt 0.155293 -0.000196022
v 44.7347 26.9591 5.52471
vn 0.804621 -0.535908 0.255709
vt 0.155293 -0.000196022
v 44.4356 26.6174 5.52471
vn 0.638501 -0.725899 0.255709
vt 0.130064 -0.000196022
v 44.7365 26.9581 5.5088
vn 0.832407 -0.554165 9.16666e-013
vt 0.155316 -0.00108703
v 44.9372 27.3661 5.5088
vn -0.947472 0.319839 -7.63842e-013
vt 0.106183 -0.0104453
v 44.9352 27.3666 5.52471
vn -0.915908 0.309397 -0.255709
vt 0.106191 -0.00955406
v 45.0255 27.8121 5.5088
vn -0.997966 0.0637547 -1.20424e-012
vt 0.131442 -0.0104453
v 45.0255 27.8121 5.5088
vn 0.997966 -0.0637547 1.20424e-012
vt 0.131442 -0.0104453
v 44.9352 27.3666 5.52471
vn 0.915908 -0.309397 0.255709
vt 0.106191 -0.00955406
v 44.9372 27.3661 5.5088
vn 0.947472 -0.319839 7.63842e-013
vt 0.106183 -0.0104453
v 45.0234 27.8121 5.4929
vn -0.964772 0.061819 0.25572
vt 0.0815644 0.0380297
v 45.0255 27.8121 5.5088
vn -0.997966 0.0637547 -1.20424e-012
vt 0.0815567 0.038921
v 44.9932 28.2652 5.4929
vn -0.94791 -0.18996 0.255699
vt 0.106794 0.0380297
v 44.9932 28.2652 5.4929
vn 0.94791 0.18996 -0.255699
vt 0.106794 0.0380297
v 45.0255 27.8121 5.5088
vn 0.997966 -0.0637547 1.20424e-012
vt 0.0815567 0.038921
v 45.0234 27.8121 5.4929
vn 0.964772 -0.061819 -0.25572
vt 0.0815644 0.0380297
v 45.0172 27.8121 5.47808
vn -0.867312 0.0560865 0.494595
vt 0.0815871 0.0875596
v 45.0234 27.8121 5.4929
vn -0.964772 0.061819 0.25572
vt 0.0815644 0.0884506
v 44.9932 28.2652 5.4929
vn -0.94791 -0.18996 0.255699
vt 0.106794 0.0884506
v 44.9932 28.2652 5.4929
vn 0.94791 0.18996 -0.255699
vt 0.106794 0.0884506
v 45.0234 27.8121 5.4929
vn 0.964772 -0.061819 -0.25572
vt 0.0815644 0.0884506
v 45.0172 27.8121 5.47808
vn 0.867312 -0.0560865 -0.494595
vt 0.0815871 0.0875596
v 45.0129 27.8121 5.47245
vn -0.792183 0.0542869 0.607864
vt 0.081682 0.131627
v 45.0172 27.8121 5.47808
vn -0.867312 0.0560865 0.494595
vt 0.0816662 0.13202
v 44.9831 28.2625 5.47245
vn -0.779203 -0.152658 0.607897
vt 0.10676 0.131627
v 44.9831 28.2625 5.47245
vn 0.779203 0.152658 -0.607897
vt 0.10676 0.131627
v 45.0172 27.8121 5.47808
vn 0.867312 -0.0560865 -0.494595
vt 0.0816662 0.13202
v 45.0129 27.8121 5.47245
vn 0.792183 -0.0542869 -0.607864
vt 0.081682 0.131627
v 45.0129 27.8121 5.47245
vn -0.893255 0.0591773 -0.445638
vt 0.081682 -0.0798768
v 44.9831 28.2625 5.47245
vn -0.878134 -0.174031 -0.445638
vt 0.10676 -0.0798768
v 45.0744 28.287 5.28346
vn -0.876287 -0.178837 -0.447368
vt 0.107781 -0.0915707
v 45.0744 28.287 5.28346
vn 0.876287 0.178837 0.447368
vt 0.107781 -0.0915707
v 44.9831 28.2625 5.47245
vn 0.878134 0.174031 0.445638
vt 0.10676 -0.0798768
v 45.0129 27.8121 5.47245
vn 0.893255 -0.0591773 0.445638
vt 0.081682 -0.0798768
v 43.8434 29.5661 5.47808
vn -0.278621 -0.823242 0.494614
vt -0.0334931 0.0969154
v 44.2494 29.3663 5.47808
vn -0.482198 -0.723079 0.494614
vt -0.0586335 0.0969154
v 43.845 29.572 5.4929
vn -0.309397 -0.915908 0.255709
vt -0.0334268 0.0978042
v 43.845 29.572 5.4929
vn 0.309397 0.915908 -0.255709
vt -0.0334268 0.0978042
v 44.2494 29.3663 5.47808
vn 0.482198 0.723079 -0.494614
vt -0.0586335 0.0969154
v 43.8434 29.5661 5.47808
vn 0.278621 0.823242 -0.494614
vt -0.0334931 0.0969154
v 43.8423 29.5619 5.47245
vn -0.257415 -0.751182 0.607835
vt -0.0335025 0.147076
v 44.2472 29.3625 5.47245
vn -0.443064 -0.658962 0.607835
vt -0.0585804 0.147076
v 43.8434 29.5661 5.47808
vn -0.278621 -0.823242 0.494614
vt -0.0334558 0.147467
v 43.8434 29.5661 5.47808
vn 0.278621 0.823242 -0.494614
vt -0.0334558 0.147467
v 44.2472 29.3625 5.47245
vn 0.443064 0.658962 -0.607835
vt -0.0585804 0.147076
v 43.8423 29.5619 5.47245
vn 0.257415 0.751182 -0.607835
vt -0.0335025 0.147076
v 43.8423 29.5619 5.47245
vn -0.288352 -0.847502 -0.445638
vt -0.0335025 -0.0921255
v 43.8667 29.6532 5.28346
vn -0.283267 -0.848305 -0.447368
vt -0.0324813 -0.103819
v 44.2472 29.3625 5.47245
vn -0.497877 -0.743993 -0.445638
vt -0.0585804 -0.0921255
v 44.2472 29.3625 5.47245
vn 0.497877 0.743993 0.445638
vt -0.0585804 -0.0921255
v 43.8667 29.6532 5.28346
vn 0.283267 0.848305 0.447368
vt -0.0324813 -0.103819
v 43.8423 29.5619 5.47245
vn 0.288352 0.847502 0.445638
vt -0.0335025 -0.0921255
v 41.7793 27.183 5.57026
vn 0.0101581 0.00420747 -0.99994
vt 0.0402662 -0.0451615
v 41.7931 27.191 5.56817
vn -0.22346 -0.110049 -0.968481
vt 0.0402095 -0.046051
v 42.0226 26.8179 5.57026
vn 0.00872301 0.00669322 -0.99994
vt 0.015896 -0.0451615
v 42.0226 26.8179 5.57026
vn -0.00872301 -0.00669322 0.99994
vt 0.015896 -0.0451615
v 41.7931 27.191 5.56817
vn 0.22346 0.110049 0.968481
vt 0.0402095 -0.046051
v 41.7793 27.183 5.57026
vn -0.0101581 -0.00420747 0.99994
vt 0.0402662 -0.0451615
v 41.6389 27.5986 5.57026
vn 0.010901 0.00143499 -0.99994
vt 0.0755982 -0.0332196
v 41.6542 27.6027 5.56817
vn -0.244329 -0.0484638 -0.968481
vt 0.0755416 -0.0341091
v 41.7793 27.183 5.57026
vn 0.0101581 0.00420747 -0.99994
vt 0.0512281 -0.0332196
v 41.7793 27.183 5.57026
vn -0.0101581 -0.00420747 0.99994
vt 0.0512281 -0.0332196
v 41.6542 27.6027 5.56817
vn 0.244329 0.0484638 0.968481
vt 0.0755416 -0.0341091
v 41.6389 27.5986 5.57026
vn -0.010901 -0.00143499 0.99994
vt 0.0755982 -0.0332196
v 41.6108 28.0363 5.57026
vn 0.0108747 -0.00142504 -0.99994
vt 0.106609 -0.0126184
v 41.6267 28.0363 5.56817
vn -0.24857 0.016353 -0.968476
vt 0.106552 -0.0135079
v 41.6389 27.5986 5.57026
vn 0.010901 0.00143499 -0.99994
vt 0.0822387 -0.0126184
v 41.6389 27.5986 5.57026
vn -0.010901 -0.00143499 0.99994
vt 0.0822387 -0.0126184
v 41.6267 28.0363 5.56817
vn 0.24857 -0.016353 0.968476
vt 0.106552 -0.0135079
v 41.6108 28.0363 5.57026
vn -0.0108747 0.00142504 0.99994
vt 0.106609 -0.0126184
v 42.344 26.5145 5.56817
vn 0.150594 0.223506 -0.962999
vt 0.0215233 0.0509452
v 42.0226 26.8179 5.57026
vn 0.00872301 0.00669322 -0.99994
vt -0.00302039 0.0518195
v 42.352 26.5283 5.57026
vn 0.00669345 0.00872284 -0.99994
vt 0.0213498 0.0518195
v 42.352 26.5283 5.57026
vn -0.00669345 -0.00872284 0.99994
vt 0.0213498 0.0518195
v 42.0226 26.8179 5.57026
vn -0.00872301 -0.00669322 0.99994
vt -0.00302039 0.0518195
v 42.344 26.5145 5.56817
vn -0.150594 -0.223506 0.962999
vt 0.0215233 0.0509452
v 43.3995 29.6623 5.5088
vn -0.0637173 -0.997968 2.42697e-005
vt -0.066937 0.0403812
v 43.845 29.572 5.4929
vn -0.309397 -0.915908 0.255709
vt -0.0921888 0.0394899
v 43.8455 29.5741 5.5088
vn -0.319839 -0.947472 2.42697e-005
vt -0.0921966 0.0403812
v 43.8455 29.5741 5.5088
vn 0.319839 0.947472 -2.42697e-005
vt -0.0921966 0.0403812
v 43.845 29.572 5.4929
vn 0.309397 0.915908 -0.255709
vt -0.0921888 0.0394899
v 43.3995 29.6623 5.5088
vn 0.0637173 0.997968 -2.42697e-005
vt -0.066937 0.0403812
v 43.3995 29.6602 5.52471
vn -0.0618017 -0.964787 -0.255668
vt -0.066943 -0.0683816
v 43.845 29.572 5.52471
vn -0.309401 -0.915918 -0.255668
vt -0.0921722 -0.0683816
v 43.3995 29.6541 5.53953
vn -0.0560923 -0.867301 -0.494613
vt -0.0670092 -0.0674927
v 43.3995 29.6541 5.53953
vn 0.0560923 0.867301 0.494613
vt -0.0670092 -0.0674927
v 43.845 29.572 5.52471
vn 0.309401 0.915918 0.255668
vt -0.0921722 -0.0683816
v 43.3995 29.6602 5.52471
vn 0.0618017 0.964787 0.255668
vt -0.066943 -0.0683816
v 43.3995 29.6623 5.5088
vn -0.0637173 -0.997968 2.42697e-005
vt -0.066937 -0.0150901
v 43.8455 29.5741 5.5088
vn -0.319839 -0.947472 2.42697e-005
vt -0.0921966 -0.0150901
v 43.3995 29.6602 5.52471
vn -0.0618017 -0.964787 -0.255668
vt -0.0669596 -0.0141991
v 43.3995 29.6602 5.52471
vn 0.0618017 0.964787 0.255668
vt -0.0669596 -0.0141991
v 43.8455 29.5741 5.5088
vn 0.319839 0.947472 -2.42697e-005
vt -0.0921966 -0.0150901
v 43.3995 29.6623 5.5088
vn 0.0637173 0.997968 -2.42697e-005
vt -0.066937 -0.0150901
v 41.6969 28.4664 5.57026
vn 0.0101092 -0.00418717 -0.99994
vt -0.123281 -0.0442833
v 41.8777 28.8676 5.56817
vn 0.223473 -0.150567 -0.963011
vt -0.147707 -0.0451728
v 41.8914 28.8596 5.57026
vn 0.00868105 -0.00666096 -0.99994
vt -0.147651 -0.0442833
v 41.8914 28.8596 5.57026
vn -0.00868105 0.00666096 0.99994
vt -0.147651 -0.0442833
v 41.8777 28.8676 5.56817
vn -0.223473 0.150567 0.963011
vt -0.147707 -0.0451728
v 41.6969 28.4664 5.57026
vn -0.0101092 0.00418717 0.99994
vt -0.123281 -0.0442833
v 41.6108 28.0363 5.57026
vn 0.0108747 -0.00142504 -0.99994
vt -0.106814 -0.0110701
v 41.6815 28.4706 5.56817
vn 0.254828 -0.0875969 -0.963011
vt -0.131241 -0.0119596
v 41.6969 28.4664 5.57026
vn 0.0101092 -0.00418717 -0.99994
vt -0.131185 -0.0110701
v 41.6969 28.4664 5.57026
vn -0.0101092 0.00418717 0.99994
vt -0.131185 -0.0110701
v 41.6815 28.4706 5.56817
vn -0.254828 0.0875969 0.963011
vt -0.131241 -0.0119596
v 41.6108 28.0363 5.57026
vn -0.0108747 0.00142504 0.99994
vt -0.106814 -0.0110701
v 42.948 29.6241 5.53953
vn 0.170293 -0.852267 -0.494613
vt -0.0950076 -0.102705
v 43.3995 29.6541 5.53953
vn -0.0560923 -0.867301 -0.494613
vt -0.120148 -0.102705
v 42.9505 29.6147 5.55226
vn 0.139041 -0.699485 -0.700991
vt -0.095113 -0.10182
v 42.9505 29.6147 5.55226
vn -0.139041 0.699485 0.700991
vt -0.095113 -0.10182
v 43.3995 29.6541 5.53953
vn 0.0560923 0.867301 0.494613
vt -0.120148 -0.102705
v 42.948 29.6241 5.53953
vn -0.170293 0.852267 0.494613
vt -0.0950076 -0.102705
v 42.5308 29.4589 5.56203
vn 0.224361 -0.456729 -0.860849
vt -0.115909 -0.114473
v 42.5244 29.4699 5.55226
vn 0.315343 -0.639664 -0.700991
vt -0.115771 -0.115354
v 42.9505 29.6147 5.55226
vn 0.139041 -0.699485 -0.700991
vt -0.14077 -0.115354
v 42.9505 29.6147 5.55226
vn -0.139041 0.699485 0.700991
vt -0.14077 -0.115354
v 42.5244 29.4699 5.55226
vn -0.315343 0.639664 0.700991
vt -0.115771 -0.115354
v 42.5308 29.4589 5.56203
vn -0.224361 0.456729 0.860849
vt -0.115909 -0.114473
v 42.1699 29.2003 5.56817
vn 0.176889 -0.203275 -0.963011
vt -0.127997 -0.105634
v 42.1594 29.2108 5.56203
vn 0.334926 -0.383097 -0.860849
vt -0.127836 -0.106511
v 42.5308 29.4589 5.56203
vn 0.224361 -0.456729 -0.860849
vt -0.152651 -0.106511
v 42.5308 29.4589 5.56203
vn -0.224361 0.456729 0.860849
vt -0.152651 -0.106511
v 42.1594 29.2108 5.56203
vn -0.334926 0.383097 0.860849
vt -0.127836 -0.106511
v 42.1699 29.2003 5.56817
vn -0.176889 0.203275 0.963011
vt -0.127997 -0.105634
v 41.8914 28.8596 5.57026
vn 0.00868105 -0.00666096 -0.99994
vt -0.130567 -0.0804478
v 41.8777 28.8676 5.56817
vn 0.223473 -0.150567 -0.963011
vt -0.130394 -0.0813221
v 42.1699 29.2003 5.56817
vn 0.176889 -0.203275 -0.963011
vt -0.154994 -0.0813221
v 42.1699 29.2003 5.56817
vn -0.176889 0.203275 0.963011
vt -0.154994 -0.0813221
v 41.8777 28.8676 5.56817
vn -0.223473 0.150567 0.963011
vt -0.130394 -0.0813221
v 41.8914 28.8596 5.57026
vn -0.00868105 0.00666096 0.99994
vt -0.130567 -0.0804478
v 42.7372 26.3041 5.56203
vn 0.164319 0.481622 -0.860837
vt 0.058332 0.0439752
v 42.344 26.5145 5.56817
vn 0.150594 0.223506 -0.962999
vt 0.0335705 0.0448518
v 42.741 26.3184 5.56817
vn 0.0876154 0.254867 -0.962999
vt 0.0581708 0.0448518
v 42.741 26.3184 5.56817
vn -0.0876154 -0.254867 0.962999
vt 0.0581708 0.0448518
v 42.344 26.5145 5.56817
vn -0.150594 -0.223506 0.962999
vt 0.0335705 0.0448518
v 42.7372 26.3041 5.56203
vn -0.164319 -0.481622 0.860837
vt 0.058332 0.0439752
v 42.7372 26.3041 5.56203
vn 0.164319 0.481622 -0.860837
vt 0.067022 0.0289587
v 43.1753 26.2169 5.56203
vn 0.0341955 0.507727 -0.860839
vt 0.0918368 0.0289587
v 43.1753 26.2041 5.55226
vn 0.0468062 0.711667 -0.700956
vt 0.0919748 0.0280781
v 43.1753 26.2041 5.55226
vn -0.0468062 -0.711667 0.700956
vt 0.0919748 0.0280781
v 43.1753 26.2169 5.56203
vn -0.0341955 -0.507727 0.860839
vt 0.0918368 0.0289587
v 42.7372 26.3041 5.56203
vn -0.164319 -0.481622 0.860837
vt 0.067022 0.0289587
v 43.6268 26.2243 5.53953
vn -0.170292 0.852254 -0.494635
vt 0.120148 0.0106252
v 43.1753 26.2041 5.55226
vn 0.0468062 0.711667 -0.700956
vt 0.0950437 0.0115102
v 43.6243 26.2337 5.55226
vn -0.139049 0.699549 -0.700925
vt 0.120043 0.0115102
v 43.6243 26.2337 5.55226
vn 0.139049 -0.699549 0.700925
vt 0.120043 0.0115102
v 43.1753 26.2041 5.55226
vn -0.0468062 -0.711667 0.700956
vt 0.0950437 0.0115102
v 43.6268 26.2243 5.53953
vn 0.170292 -0.852254 0.494635
vt 0.120148 0.0106252
v 44.0583 26.3648 5.52471
vn -0.428868 0.866421 -0.255709
vt 0.14093 0.000121006
v 43.6268 26.2243 5.53953
vn -0.170292 0.852254 -0.494635
vt 0.115724 0.00100983
v 44.0552 26.3701 5.53953
vn -0.385069 0.77914 -0.494635
vt 0.140864 0.00100983
v 44.0552 26.3701 5.53953
vn 0.385069 -0.77914 0.494635
vt 0.140864 0.00100983
v 43.6268 26.2243 5.53953
vn 0.170292 -0.852254 0.494635
vt 0.115724 0.00100983
v 44.0583 26.3648 5.52471
vn 0.428868 -0.866421 0.255709
vt 0.14093 0.000121006
v 44.4371 26.6159 5.5088
vn -0.660629 0.750712 -1.19786e-005
vt 0.15291 0.00368426
v 44.0583 26.3648 5.52471
vn -0.428868 0.866421 -0.255709
vt 0.127659 0.00457527
v 44.4356 26.6174 5.52471
vn -0.638501 0.725899 -0.255709
vt 0.152888 0.00457527
v 44.4356 26.6174 5.52471
vn 0.638501 -0.725899 0.255709
vt 0.152888 0.00457527
v 44.0583 26.3648 5.52471
vn 0.428868 -0.866421 0.255709
vt 0.127659 0.00457527
v 44.4371 26.6159 5.5088
vn 0.660629 -0.750712 1.19786e-005
vt 0.15291 0.00368426
v 44.4371 26.6159 5.5088
vn -0.660629 0.750712 -1.19786e-005
vt 0.130048 -0.00131971
v 44.4356 26.6174 5.52471
vn -0.638501 0.725899 -0.255709
vt 0.130056 -0.000428455
v 44.7365 26.9581 5.5088
vn -0.832407 0.554165 -9.16666e-013
vt 0.155308 -0.00131971
v 44.7365 26.9581 5.5088
vn 0.832407 -0.554165 9.16666e-013
vt 0.155308 -0.00131971
v 44.4356 26.6174 5.52471
vn 0.638501 -0.725899 0.255709
vt 0.130056 -0.000428455
v 44.4371 26.6159 5.5088
vn 0.660629 -0.750712 1.19786e-005
vt 0.130048 -0.00131971
v 44.7365 26.9581 5.5088
vn -0.832407 0.554165 -9.16666e-013
vt 0.122728 -0.00608713
v 44.7347 26.9591 5.52471
vn -0.804621 0.535908 -0.255709
vt 0.122735 -0.00519587
v 44.9372 27.3661 5.5088
vn -0.947472 0.319839 -7.63842e-013
vt 0.147987 -0.00608713
v 44.9372 27.3661 5.5088
vn 0.947472 -0.319839 7.63842e-013
vt 0.147987 -0.00608713
v 44.7347 26.9591 5.52471
vn 0.804621 -0.535908 0.255709
vt 0.122735 -0.00519587
v 44.7365 26.9581 5.5088
vn 0.832407 -0.554165 9.16666e-013
vt 0.122728 -0.00608713
v 44.9352 27.3666 5.4929
vn -0.915908 0.309397 0.255709
vt 0.106191 0.0343784
v 44.9372 27.3661 5.5088
vn -0.947472 0.319839 -7.63842e-013
vt 0.106183 0.0352697
v 45.0255 27.8121 5.5088
vn -0.997966 0.0637547 -1.20424e-012
vt 0.131442 0.0352697
v 45.0255 27.8121 5.5088
vn 0.997966 -0.0637547 1.20424e-012
vt 0.131442 0.0352697
v 44.9372 27.3661 5.5088
vn 0.947472 -0.319839 7.63842e-013
vt 0.106183 0.0352697
v 44.9352 27.3666 5.4929
vn 0.915908 -0.309397 -0.255709
vt 0.106191 0.0343784
v 45.0234 27.8121 5.4929
vn -0.964772 0.061819 0.25572
vt 0.131433 0.034002
v 44.9352 27.3666 5.4929
vn -0.915908 0.309397 0.255709
vt 0.106204 0.034002
v 45.0255 27.8121 5.5088
vn -0.997966 0.0637547 -1.20424e-012
vt 0.131456 0.034893
v 45.0255 27.8121 5.5088
vn 0.997966 -0.0637547 1.20424e-012
vt 0.131456 0.034893
v 44.9352 27.3666 5.4929
vn 0.915908 -0.309397 -0.255709
vt 0.106204 0.034002
v 45.0234 27.8121 5.4929
vn 0.964772 -0.061819 -0.25572
vt 0.131433 0.034002
v 44.9293 27.3682 5.47808
vn -0.823242 0.278621 0.494614
vt 0.106267 0.0758953
v 45.0234 27.8121 5.4929
vn -0.964772 0.061819 0.25572
vt 0.131473 0.0767841
v 45.0172 27.8121 5.47808
vn -0.867312 0.0560865 0.494595
vt 0.131407 0.0758953
v 45.0172 27.8121 5.47808
vn 0.867312 -0.0560865 -0.494595
vt 0.131407 0.0758953
v 45.0234 27.8121 5.4929
vn 0.964772 -0.061819 -0.25572
vt 0.131473 0.0767841
v 44.9293 27.3682 5.47808
vn 0.823242 -0.278621 -0.494614
vt 0.106267 0.0758953
v 45.0129 27.8121 5.47245
vn -0.792183 0.0542869 0.607864
vt 0.131389 0.113479
v 44.9251 27.3693 5.47245
vn -0.751182 0.257415 0.607835
vt 0.106311 0.113479
v 45.0172 27.8121 5.47808
vn -0.867312 0.0560865 0.494595
vt 0.131435 0.11387
v 45.0172 27.8121 5.47808
vn 0.867312 -0.0560865 -0.494595
vt 0.131435 0.11387
v 44.9251 27.3693 5.47245
vn 0.751182 -0.257415 -0.607835
vt 0.106311 0.113479
v 45.0129 27.8121 5.47245
vn 0.792183 -0.0542869 -0.607864
vt 0.131389 0.113479
v 45.1074 27.8121 5.28346
vn -0.892715 0.0540569 -0.447368
vt 0.0806363 -0.0929821
v 45.0129 27.8121 5.47245
vn -0.893255 0.0591773 -0.445638
vt 0.0810002 -0.0812493
v 45.0744 28.287 5.28346
vn -0.876287 -0.178837 -0.447368
vt 0.107082 -0.0929821
v 45.0744 28.287 5.28346
vn 0.876287 0.178837 0.447368
vt 0.107082 -0.0929821
v 45.0129 27.8121 5.47245
vn 0.893255 -0.0591773 0.445638
vt 0.0810002 -0.0812493
v 45.1074 27.8121 5.28346
vn 0.892715 -0.0540569 0.447368
vt 0.0806363 -0.0929821
v 43.3995 29.6602 5.4929
vn -0.0617997 -0.964777 0.255709
vt -0.066943 0.092736
v 43.8434 29.5661 5.47808
vn -0.278621 -0.823242 0.494614
vt -0.0921496 0.091845
v 43.845 29.572 5.4929
vn -0.309397 -0.915908 0.255709
vt -0.0921722 0.092736
v 43.845 29.572 5.4929
vn 0.309397 0.915908 -0.255709
vt -0.0921722 0.092736
v 43.8434 29.5661 5.47808
vn 0.278621 0.823242 -0.494614
vt -0.0921496 0.091845
v 43.3995 29.6602 5.4929
vn 0.0617997 0.964777 -0.255709
vt -0.066943 0.092736
v 43.3995 29.6541 5.47808
vn -0.056056 -0.867303 0.494614
vt -0.0669603 0.138872
v 43.8423 29.5619 5.47245
vn -0.257415 -0.751182 0.607835
vt -0.0920848 0.138479
v 43.8434 29.5661 5.47808
vn -0.278621 -0.823242 0.494614
vt -0.0921007 0.138872
v 43.8434 29.5661 5.47808
vn 0.278621 0.823242 -0.494614
vt -0.0921007 0.138872
v 43.8423 29.5619 5.47245
vn 0.257415 0.751182 -0.607835
vt -0.0920848 0.138479
v 43.3995 29.6541 5.47808
vn 0.056056 0.867303 -0.494614
vt -0.0669603 0.138872
v 43.3995 29.7442 5.28346
vn -0.0540569 -0.892715 -0.447368
vt -0.0666873 -0.0977596
v 43.8667 29.6532 5.28346
vn -0.283267 -0.848305 -0.447368
vt -0.0931329 -0.0977596
v 43.8423 29.5619 5.47245
vn -0.288352 -0.847502 -0.445638
vt -0.092769 -0.0860268
v 43.8423 29.5619 5.47245
vn 0.288352 0.847502 0.445638
vt -0.092769 -0.0860268
v 43.8667 29.6532 5.28346
vn 0.283267 0.848305 0.447368
vt -0.0931329 -0.0977596
v 43.3995 29.7442 5.28346
vn 0.0540569 0.892715 0.447368
vt -0.0666873 -0.0977596
v 42.0113 26.8067 5.56817
vn 0.203311 0.176913 -0.962999
vt -0.0157225 0.048477
v 41.7793 27.183 5.57026
vn 0.0101581 0.00420747 -0.99994
vt -0.0402662 0.0493512
v 42.0226 26.8179 5.57026
vn 0.00872301 0.00669322 -0.99994
vt -0.015896 0.0493512
v 42.0226 26.8179 5.57026
vn -0.00872301 -0.00669322 0.99994
vt -0.015896 0.0493512
v 41.7793 27.183 5.57026
vn -0.0101581 -0.00420747 0.99994
vt -0.0402662 0.0493512
v 42.0113 26.8067 5.56817
vn -0.203311 -0.176913 0.962999
vt -0.0157225 0.048477
v 41.7656 27.175 5.56817
vn 0.242172 0.118265 -0.962999
vt -0.0510546 0.0365387
v 41.6389 27.5986 5.57026
vn 0.010901 0.00143499 -0.99994
vt -0.0755982 0.0374129
v 41.7793 27.183 5.57026
vn 0.0101581 0.00420747 -0.99994
vt -0.0512281 0.0374129
v 41.7793 27.183 5.57026
vn -0.0101581 -0.00420747 0.99994
vt -0.0512281 0.0374129
v 41.6389 27.5986 5.57026
vn -0.010901 -0.00143499 0.99994
vt -0.0755982 0.0374129
v 41.7656 27.175 5.56817
vn -0.242172 -0.118265 0.962999
vt -0.0510546 0.0365387
v 41.6235 27.5944 5.56817
vn 0.264529 0.0515562 -0.962999
vt -0.0820651 0.0159439
v 41.6108 28.0363 5.57026
vn 0.0108747 -0.00142504 -0.99994
vt -0.106609 0.0168181
v 41.6389 27.5986 5.57026
vn 0.010901 0.00143499 -0.99994
vt -0.0822387 0.0168181
v 41.6389 27.5986 5.57026
vn -0.010901 -0.00143499 0.99994
vt -0.0822387 0.0168181
v 41.6108 28.0363 5.57026
vn -0.0108747 0.00142504 0.99994
vt -0.106609 0.0168181
v 41.6235 27.5944 5.56817
vn -0.264529 -0.0515562 0.962999
vt -0.0820651 0.0159439
v 42.0113 26.8067 5.56817
vn 0.203311 0.176913 -0.962999
vt -0.0030462 0.0509108
v 42.0226 26.8179 5.57026
vn 0.00872301 0.00669322 -0.99994
vt -0.00298902 0.0518002
v 42.344 26.5145 5.56817
vn 0.150594 0.223506 -0.962999
vt 0.0215541 0.0509108
v 42.344 26.5145 5.56817
vn -0.150594 -0.223506 0.962999
vt 0.0215541 0.0509108
v 42.0226 26.8179 5.57026
vn -0.00872301 -0.00669322 0.99994
vt -0.00298902 0.0518002
v 42.0113 26.8067 5.56817
vn -0.203311 -0.176913 0.962999
vt -0.0030462 0.0509108
v 43.3995 29.6602 5.4929
vn -0.0617997 -0.964777 0.255709
vt -0.066943 0.0390307
v 43.845 29.572 5.4929
vn -0.309397 -0.915908 0.255709
vt -0.0921722 0.0390307
v 43.3995 29.6623 5.5088
vn -0.0637173 -0.997968 2.42697e-005
vt -0.0669204 0.0399217
v 43.3995 29.6623 5.5088
vn 0.0637173 0.997968 -2.42697e-005
vt -0.0669204 0.0399217
v 43.845 29.572 5.4929
vn 0.309397 0.915908 -0.255709
vt -0.0921722 0.0390307
v 43.3995 29.6602 5.4929
vn 0.0617997 0.964777 -0.255709
vt -0.066943 0.0390307
v 42.948 29.6241 5.53953
vn 0.170293 -0.852267 -0.494613
vt -0.0950076 -0.0593058
v 43.3995 29.6602 5.52471
vn -0.0618017 -0.964787 -0.255668
vt -0.120171 -0.0601968
v 43.3995 29.6541 5.53953
vn -0.0560923 -0.867301 -0.494613
vt -0.120148 -0.0593058
v 43.3995 29.6541 5.53953
vn 0.0560923 0.867301 0.494613
vt -0.120148 -0.0593058
v 43.3995 29.6602 5.52471
vn 0.0618017 0.964787 0.255668
vt -0.120171 -0.0601968
v 42.948 29.6241 5.53953
vn -0.170293 0.852267 0.494613
vt -0.0950076 -0.0593058
v 42.9464 29.6301 5.52471
vn 0.19001 -0.947908 -0.255668
vt -0.0949847 -0.0114575
v 43.3995 29.6623 5.5088
vn -0.0637173 -0.997968 2.42697e-005
vt -0.120222 -0.0123487
v 43.3995 29.6602 5.52471
vn -0.0618017 -0.964787 -0.255668
vt -0.120214 -0.0114575
v 43.3995 29.6602 5.52471
vn 0.0618017 0.964787 0.255668
vt -0.120214 -0.0114575
v 43.3995 29.6623 5.5088
vn 0.0637173 0.997968 -2.42697e-005
vt -0.120222 -0.0123487
v 42.9464 29.6301 5.52471
vn -0.19001 0.947908 0.255668
vt -0.0949847 -0.0114575
v 41.6969 28.4664 5.57026
vn 0.0101092 -0.00418717 -0.99994
vt -0.12331 -0.0441567
v 41.6815 28.4706 5.56817
vn 0.254828 -0.0875969 -0.963011
vt -0.123137 -0.045031
v 41.8777 28.8676 5.56817
vn 0.223473 -0.150567 -0.963011
vt -0.147737 -0.045031
v 41.8777 28.8676 5.56817
vn -0.223473 0.150567 0.963011
vt -0.147737 -0.045031
v 41.6815 28.4706 5.56817
vn -0.254828 0.0875969 0.963011
vt -0.123137 -0.045031
v 41.6969 28.4664 5.57026
vn -0.0101092 0.00418717 0.99994
vt -0.12331 -0.0441567
v 41.6108 28.0363 5.57026
vn 0.0108747 -0.00142504 -0.99994
vt -0.106823 -0.0109638
v 41.5949 28.0363 5.56817
vn 0.268838 -0.0185807 -0.963006
vt -0.10665 -0.0118381
v 41.6815 28.4706 5.56817
vn 0.254828 -0.0875969 -0.963011
vt -0.13125 -0.0118381
v 41.6815 28.4706 5.56817
vn -0.254828 0.0875969 0.963011
vt -0.13125 -0.0118381
v 41.5949 28.0363 5.56817
vn -0.268838 0.0185807 0.963006
vt -0.10665 -0.0118381
v 41.6108 28.0363 5.57026
vn -0.0108747 0.00142504 0.99994
vt -0.106823 -0.0109638
v 42.5244 29.4699 5.55226
vn 0.315343 -0.639664 -0.700991
vt -0.115771 -0.084282
v 42.948 29.6241 5.53953
vn 0.170293 -0.852267 -0.494613
vt -0.140806 -0.0851725
v 42.9505 29.6147 5.55226
vn 0.139041 -0.699485 -0.700991
vt -0.14077 -0.084282
v 42.9505 29.6147 5.55226
vn -0.139041 0.699485 0.700991
vt -0.14077 -0.084282
v 42.948 29.6241 5.53953
vn -0.170293 0.852267 0.494613
vt -0.140806 -0.0851725
v 42.5244 29.4699 5.55226
vn -0.315343 0.639664 0.700991
vt -0.115771 -0.084282
v 42.1594 29.2108 5.56203
vn 0.334926 -0.383097 -0.860849
vt -0.127836 -0.0874031
v 42.5244 29.4699 5.55226
vn 0.315343 -0.639664 -0.700991
vt -0.152697 -0.0882931
v 42.5308 29.4589 5.56203
vn 0.224361 -0.456729 -0.860849
vt -0.152651 -0.0874031
v 42.5308 29.4589 5.56203
vn -0.224361 0.456729 0.860849
vt -0.152651 -0.0874031
v 42.5244 29.4699 5.55226
vn -0.315343 0.639664 0.700991
vt -0.152697 -0.0882931
v 42.1594 29.2108 5.56203
vn -0.334926 0.383097 0.860849
vt -0.127836 -0.0874031
v 41.8777 28.8676 5.56817
vn 0.223473 -0.150567 -0.963011
vt -0.130394 -0.07168
v 42.1594 29.2108 5.56203
vn 0.334926 -0.383097 -0.860849
vt -0.155048 -0.0725697
v 42.1699 29.2003 5.56817
vn 0.176889 -0.203275 -0.963011
vt -0.154994 -0.07168
v 42.1699 29.2003 5.56817
vn -0.176889 0.203275 0.963011
vt -0.154994 -0.07168
v 42.1594 29.2108 5.56203
vn -0.334926 0.383097 0.860849
vt -0.155048 -0.0725697
v 41.8777 28.8676 5.56817
vn -0.223473 0.150567 0.963011
vt -0.130394 -0.07168
v 42.3366 26.5017 5.56203
vn 0.283373 0.422682 -0.860837
vt 0.0335408 0.0439545
v 42.344 26.5145 5.56817
vn 0.150594 0.223506 -0.962999
vt 0.0335945 0.0448442
v 42.7372 26.3041 5.56203
vn 0.164319 0.481622 -0.860837
vt 0.0583556 0.0439545
v 42.7372 26.3041 5.56203
vn -0.164319 -0.481622 0.860837
vt 0.0583556 0.0439545
v 42.344 26.5145 5.56817
vn -0.150594 -0.223506 0.962999
vt 0.0335945 0.0448442
v 42.3366 26.5017 5.56203
vn -0.283373 -0.422682 0.860837
vt 0.0335408 0.0439545
v 42.7339 26.2918 5.55226
vn 0.22933 0.675291 -0.700992
vt 0.0669874 0.028067
v 42.7372 26.3041 5.56203
vn 0.164319 0.481622 -0.860837
vt 0.0670339 0.0289571
v 43.1753 26.2041 5.55226
vn 0.0468062 0.711667 -0.700956
vt 0.0919864 0.028067
v 43.1753 26.2041 5.55226
vn -0.0468062 -0.711667 0.700956
vt 0.0919864 0.028067
v 42.7372 26.3041 5.56203
vn -0.164319 -0.481622 0.860837
vt 0.0670339 0.0289571
v 42.7339 26.2918 5.55226
vn -0.22933 -0.675291 0.700992
vt 0.0669874 0.028067
v 43.6268 26.2243 5.53953
vn -0.170292 0.852254 -0.494635
vt 0.120148 0.0105194
v 43.1753 26.1944 5.53953
vn 0.0560905 0.867289 -0.494635
vt 0.0950076 0.0105194
v 43.1753 26.2041 5.55226
vn 0.0468062 0.711667 -0.700956
vt 0.0950435 0.0114099
v 43.1753 26.2041 5.55226
vn -0.0468062 -0.711667 0.700956
vt 0.0950435 0.0114099
v 43.1753 26.1944 5.53953
vn -0.0560905 -0.867289 0.494635
vt 0.0950076 0.0105194
v 43.6268 26.2243 5.53953
vn 0.170292 -0.852254 0.494635
vt 0.120148 0.0105194
v 44.0583 26.3648 5.52471
vn -0.428868 0.866421 -0.255709
vt 0.140923 -0.000102486
v 43.6284 26.2184 5.52471
vn -0.190009 0.947898 -0.255709
vt 0.115694 -0.000102486
v 43.6268 26.2243 5.53953
vn -0.170292 0.852254 -0.494635
vt 0.115716 0.000788518
v 43.6268 26.2243 5.53953
vn 0.170292 -0.852254 0.494635
vt 0.115716 0.000788518
v 43.6284 26.2184 5.52471
vn 0.190009 -0.947898 0.255709
vt 0.115694 -0.000102486
v 44.0583 26.3648 5.52471
vn 0.428868 -0.866421 0.255709
vt 0.140923 -0.000102486
v 44.4371 26.6159 5.5088
vn -0.660629 0.750712 -1.19786e-005
vt 0.152905 0.00353203
v 44.0593 26.363 5.5088
vn -0.443803 0.896124 -2.42697e-005
vt 0.127646 0.00353203
v 44.0583 26.3648 5.52471
vn -0.428868 0.866421 -0.255709
vt 0.127653 0.00442328
v 44.0583 26.3648 5.52471
vn 0.428868 -0.866421 0.255709
vt 0.127653 0.00442328
v 44.0593 26.363 5.5088
vn 0.443803 -0.896124 2.42697e-005
vt 0.127646 0.00353203
v 44.4371 26.6159 5.5088
vn 0.660629 -0.750712 1.19786e-005
vt 0.152905 0.00353203
v 44.4356 26.6174 5.4929
vn -0.638556 0.725858 0.25569
vt 0.130056 0.0252528
v 44.4371 26.6159 5.5088
vn -0.660629 0.750712 -1.19786e-005
vt 0.130048 0.0261441
v 44.7365 26.9581 5.5088
vn -0.832407 0.554165 -9.16666e-013
vt 0.155308 0.0261441
v 44.7365 26.9581 5.5088
vn 0.832407 -0.554165 9.16666e-013
vt 0.155308 0.0261441
v 44.4371 26.6159 5.5088
vn 0.660629 -0.750712 1.19786e-005
vt 0.130048 0.0261441
v 44.4356 26.6174 5.4929
vn 0.638556 -0.725858 -0.25569
vt 0.130056 0.0252528
v 44.7347 26.9591 5.4929
vn -0.804621 0.535908 0.255709
vt 0.122735 0.0300202
v 44.7365 26.9581 5.5088
vn -0.832407 0.554165 -9.16666e-013
vt 0.122728 0.0309115
v 44.9372 27.3661 5.5088
vn -0.947472 0.319839 -7.63842e-013
vt 0.147987 0.0309115
v 44.9372 27.3661 5.5088
vn 0.947472 -0.319839 7.63842e-013
vt 0.147987 0.0309115
v 44.7365 26.9581 5.5088
vn 0.832407 -0.554165 9.16666e-013
vt 0.122728 0.0309115
v 44.7347 26.9591 5.4929
vn 0.804621 -0.535908 -0.255709
vt 0.122735 0.0300202
v 44.7347 26.9591 5.4929
vn -0.804621 0.535908 0.255709
vt 0.122746 0.0297159
v 44.9372 27.3661 5.5088
vn -0.947472 0.319839 -7.63842e-013
vt 0.147998 0.0306069
v 44.9352 27.3666 5.4929
vn -0.915908 0.309397 0.255709
vt 0.147976 0.0297159
v 44.9352 27.3666 5.4929
vn 0.915908 -0.309397 -0.255709
vt 0.147976 0.0297159
v 44.9372 27.3661 5.5088
vn 0.947472 -0.319839 7.63842e-013
vt 0.147998 0.0306069
v 44.7347 26.9591 5.4929
vn 0.804621 -0.535908 -0.255709
vt 0.122746 0.0297159
v 44.9293 27.3682 5.47808
vn -0.823242 0.278621 0.494614
vt 0.106227 0.0768487
v 44.9352 27.3666 5.4929
vn -0.915908 0.309397 0.255709
vt 0.106204 0.0777397
v 45.0234 27.8121 5.4929
vn -0.964772 0.061819 0.25572
vt 0.131433 0.0777397
v 45.0234 27.8121 5.4929
vn 0.964772 -0.061819 -0.25572
vt 0.131433 0.0777397
v 44.9352 27.3666 5.4929
vn 0.915908 -0.309397 -0.255709
vt 0.106204 0.0777397
v 44.9293 27.3682 5.47808
vn 0.823242 -0.278621 -0.494614
vt 0.106227 0.0768487
v 44.9251 27.3693 5.47245
vn -0.751182 0.257415 0.607835
vt 0.106283 0.114583
v 44.9293 27.3682 5.47808
vn -0.823242 0.278621 0.494614
vt 0.106267 0.114977
v 45.0172 27.8121 5.47808
vn -0.867312 0.0560865 0.494595
vt 0.131407 0.114977
v 45.0172 27.8121 5.47808
vn 0.867312 -0.0560865 -0.494595
vt 0.131407 0.114977
v 44.9293 27.3682 5.47808
vn 0.823242 -0.278621 -0.494614
vt 0.106267 0.114977
v 44.9251 27.3693 5.47245
vn 0.751182 -0.257415 -0.607835
vt 0.106283 0.114583
v 44.9251 27.3693 5.47245
vn -0.847502 0.288352 -0.445638
vt 0.106311 -0.0675247
v 45.0129 27.8121 5.47245
vn -0.893255 0.0591773 -0.445638
vt 0.131389 -0.0675247
v 45.1074 27.8121 5.28346
vn -0.892715 0.0540569 -0.447368
vt 0.13241 -0.0792186
v 45.1074 27.8121 5.28346
vn 0.892715 -0.0540569 0.447368
vt 0.13241 -0.0792186
v 45.0129 27.8121 5.47245
vn 0.893255 -0.0591773 0.445638
vt 0.131389 -0.0675247
v 44.9251 27.3693 5.47245
vn 0.847502 -0.288352 0.445638
vt 0.106311 -0.0675247
v 43.3995 29.6541 5.47808
vn -0.056056 -0.867303 0.494614
vt -0.0669603 0.0906913
v 43.8434 29.5661 5.47808
vn -0.278621 -0.823242 0.494614
vt -0.0921007 0.0906913
v 43.3995 29.6602 5.4929
vn -0.0617997 -0.964777 0.255709
vt -0.066894 0.0915801
v 43.3995 29.6602 5.4929
vn 0.0617997 0.964777 -0.255709
vt -0.066894 0.0915801
v 43.8434 29.5661 5.47808
vn 0.278621 0.823242 -0.494614
vt -0.0921007 0.0906913
v 43.3995 29.6541 5.47808
vn 0.056056 0.867303 -0.494614
vt -0.0669603 0.0906913
v 43.3995 29.6497 5.47245
vn -0.0542234 -0.79221 0.607835
vt -0.0669723 0.137136
v 43.8423 29.5619 5.47245
vn -0.257415 -0.751182 0.607835
vt -0.0920502 0.137136
v 43.3995 29.6541 5.47808
vn -0.056056 -0.867303 0.494614
vt -0.0669257 0.137527
v 43.3995 29.6541 5.47808
vn 0.056056 0.867303 -0.494614
vt -0.0669257 0.137527
v 43.8423 29.5619 5.47245
vn 0.257415 0.751182 -0.607835
vt -0.0920502 0.137136
v 43.3995 29.6497 5.47245
vn 0.0542234 0.79221 -0.607835
vt -0.0669723 0.137136
v 43.3995 29.6497 5.47245
vn -0.0591773 -0.893255 -0.445638
vt -0.0669723 -0.084847
v 43.3995 29.7442 5.28346
vn -0.0540569 -0.892715 -0.447368
vt -0.0659511 -0.0965409
v 43.8423 29.5619 5.47245
vn -0.288352 -0.847502 -0.445638
vt -0.0920502 -0.084847
v 43.8423 29.5619 5.47245
vn 0.288352 0.847502 0.445638
vt -0.0920502 -0.084847
v 43.3995 29.7442 5.28346
vn 0.0540569 0.892715 0.447368
vt -0.0659511 -0.0965409
v 43.3995 29.6497 5.47245
vn 0.0591773 0.893255 0.445638
vt -0.0669723 -0.084847
v 41.7656 27.175 5.56817
vn 0.242172 0.118265 -0.962999
vt -0.0402935 0.0484649
v 41.7793 27.183 5.57026
vn 0.0101581 0.00420747 -0.99994
vt -0.0402363 0.0493543
v 42.0113 26.8067 5.56817
vn 0.203311 0.176913 -0.962999
vt -0.0156932 0.0484649
v 42.0113 26.8067 5.56817
vn -0.203311 -0.176913 0.962999
vt -0.0156932 0.0484649
v 41.7793 27.183 5.57026
vn -0.0101581 -0.00420747 0.99994
vt -0.0402363 0.0493543
v 41.7656 27.175 5.56817
vn -0.242172 -0.118265 0.962999
vt -0.0402935 0.0484649
v 41.6235 27.5944 5.56817
vn 0.264529 0.0515562 -0.962999
vt -0.0756331 0.0365448
v 41.6389 27.5986 5.57026
vn 0.010901 0.00143499 -0.99994
vt -0.075576 0.0374343
v 41.7656 27.175 5.56817
vn 0.242172 0.118265 -0.962999
vt -0.0510328 0.0365448
v 41.7656 27.175 5.56817
vn -0.242172 -0.118265 0.962999
vt -0.0510328 0.0365448
v 41.6389 27.5986 5.57026
vn -0.010901 -0.00143499 0.99994
vt -0.075576 0.0374343
v 41.6235 27.5944 5.56817
vn -0.264529 -0.0515562 0.962999
vt -0.0756331 0.0365448
v 41.5949 28.0363 5.56817
vn 0.268838 -0.0185807 -0.963006
vt -0.106657 0.015963
v 41.6108 28.0363 5.57026
vn 0.0108747 -0.00142504 -0.99994
vt -0.1066 0.0168524
v 41.6235 27.5944 5.56817
vn 0.264529 0.0515562 -0.962999
vt -0.0820564 0.015963
v 41.6235 27.5944 5.56817
vn -0.264529 -0.0515562 0.962999
vt -0.0820564 0.015963
v 41.6108 28.0363 5.57026
vn -0.0108747 0.00142504 0.99994
vt -0.1066 0.0168524
v 41.5949 28.0363 5.56817
vn -0.268838 0.0185807 0.963006
vt -0.106657 0.015963
v 42.3366 26.5017 5.56203
vn 0.283373 0.422682 -0.860837
vt 0.0217153 0.0506606
v 42.0113 26.8067 5.56817
vn 0.203311 0.176913 -0.962999
vt -0.0030462 0.0515372
v 42.344 26.5145 5.56817
vn 0.150594 0.223506 -0.962999
vt 0.0215541 0.0515372
v 42.344 26.5145 5.56817
vn -0.150594 -0.223506 0.962999
vt 0.0215541 0.0515372
v 42.0113 26.8067 5.56817
vn -0.203311 -0.176913 0.962999
vt -0.0030462 0.0515372
v 42.3366 26.5017 5.56203
vn -0.283373 -0.422682 0.860837
vt 0.0217153 0.0506606
v 42.9458 29.6321 5.5088
vn 0.196747 -0.980454 2.42697e-005
vt -0.0949768 0.0371718
v 43.3995 29.6602 5.4929
vn -0.0617997 -0.964777 0.255709
vt -0.120229 0.0362805
v 43.3995 29.6623 5.5088
vn -0.0637173 -0.997968 2.42697e-005
vt -0.120236 0.0371718
v 43.3995 29.6623 5.5088
vn 0.0637173 0.997968 -2.42697e-005
vt -0.120236 0.0371718
v 43.3995 29.6602 5.4929
vn 0.0617997 0.964777 -0.255709
vt -0.120229 0.0362805
v 42.9458 29.6321 5.5088
vn -0.196747 0.980454 -2.42697e-005
vt -0.0949768 0.0371718
v 42.9464 29.6301 5.52471
vn 0.19001 -0.947908 -0.255668
vt -0.0949847 -0.0591061
v 43.3995 29.6602 5.52471
vn -0.0618017 -0.964787 -0.255668
vt -0.120214 -0.0591061
v 42.948 29.6241 5.53953
vn 0.170293 -0.852267 -0.494613
vt -0.0950509 -0.0582173
v 42.948 29.6241 5.53953
vn -0.170293 0.852267 0.494613
vt -0.0950509 -0.0582173
v 43.3995 29.6602 5.52471
vn 0.0618017 0.964787 0.255668
vt -0.120214 -0.0591061
v 42.9464 29.6301 5.52471
vn -0.19001 0.947908 0.255668
vt -0.0949847 -0.0591061
v 42.9458 29.6321 5.5088
vn 0.196747 -0.980454 2.42697e-005
vt -0.0949768 -0.0119338
v 43.3995 29.6623 5.5088
vn -0.0637173 -0.997968 2.42697e-005
vt -0.120236 -0.0119338
v 42.9464 29.6301 5.52471
vn 0.19001 -0.947908 -0.255668
vt -0.0949994 -0.0110428
v 42.9464 29.6301 5.52471
vn -0.19001 0.947908 0.255668
vt -0.0949994 -0.0110428
v 43.3995 29.6623 5.5088
vn 0.0637173 0.997968 -2.42697e-005
vt -0.120236 -0.0119338
v 42.9458 29.6321 5.5088
vn -0.196747 0.980454 -2.42697e-005
vt -0.0949768 -0.0119338
v 41.6815 28.4706 5.56817
vn 0.254828 -0.0875969 -0.963011
vt -0.123137 -0.0378611
v 41.8648 28.875 5.56203
vn 0.422666 -0.283358 -0.860849
vt -0.14779 -0.0387508
v 41.8777 28.8676 5.56817
vn 0.223473 -0.150567 -0.963011
vt -0.147737 -0.0378611
v 41.8777 28.8676 5.56817
vn -0.223473 0.150567 0.963011
vt -0.147737 -0.0378611
v 41.8648 28.875 5.56203
vn -0.422666 0.283358 0.860849
vt -0.14779 -0.0387508
v 41.6815 28.4706 5.56817
vn -0.254828 0.0875969 0.963011
vt -0.123137 -0.0378611
v 41.5949 28.0363 5.56817
vn 0.268838 -0.0185807 -0.963006
vt -0.10665 -0.00692924
v 41.6672 28.4744 5.56203
vn 0.481603 -0.164309 -0.860849
vt -0.131303 -0.00781894
v 41.6815 28.4706 5.56817
vn 0.254828 -0.0875969 -0.963011
vt -0.13125 -0.00692924
v 41.6815 28.4706 5.56817
vn -0.254828 0.0875969 0.963011
vt -0.13125 -0.00692924
v 41.6672 28.4744 5.56203
vn -0.481603 0.164309 0.860849
vt -0.131303 -0.00781894
v 41.5949 28.0363 5.56817
vn -0.268838 0.0185807 0.963006
vt -0.10665 -0.00692924
v 42.5195 29.4784 5.53953
vn 0.385073 -0.779151 -0.494613
vt -0.115724 -0.0840306
v 42.948 29.6241 5.53953
vn 0.170293 -0.852267 -0.494613
vt -0.140864 -0.0840306
v 42.5244 29.4699 5.55226
vn 0.315343 -0.639664 -0.700991
vt -0.115829 -0.0831455
v 42.5244 29.4699 5.55226
vn -0.315343 0.639664 0.700991
vt -0.115829 -0.0831455
v 42.948 29.6241 5.53953
vn -0.170293 0.852267 0.494613
vt -0.140864 -0.0840306
v 42.5195 29.4784 5.53953
vn -0.385073 0.779151 0.494613
vt -0.115724 -0.0840306
v 42.1594 29.2108 5.56203
vn 0.334926 -0.383097 -0.860849
vt -0.127895 -0.0866292
v 42.1504 29.2198 5.55226
vn 0.470155 -0.536251 -0.700991
vt -0.127757 -0.0875098
v 42.5244 29.4699 5.55226
vn 0.315343 -0.639664 -0.700991
vt -0.152756 -0.0875098
v 42.5244 29.4699 5.55226
vn -0.315343 0.639664 0.700991
vt -0.152756 -0.0875098
v 42.1504 29.2198 5.55226
vn -0.470155 0.536251 0.700991
vt -0.127757 -0.0875098
v 42.1594 29.2108 5.56203
vn -0.334926 0.383097 0.860849
vt -0.127895 -0.0866292
v 41.8777 28.8676 5.56817
vn 0.223473 -0.150567 -0.963011
vt -0.130442 -0.0713205
v 41.8648 28.875 5.56203
vn 0.422666 -0.283358 -0.860849
vt -0.130282 -0.0721972
v 42.1594 29.2108 5.56203
vn 0.334926 -0.383097 -0.860849
vt -0.155096 -0.0721972
v 42.1594 29.2108 5.56203
vn -0.334926 0.383097 0.860849
vt -0.155096 -0.0721972
v 41.8648 28.875 5.56203
vn -0.422666 0.283358 0.860849
vt -0.130282 -0.0721972
v 41.8777 28.8676 5.56817
vn -0.223473 0.150567 0.963011
vt -0.130442 -0.0713205
v 42.7339 26.2918 5.55226
vn 0.22933 0.675291 -0.700992
vt 0.0584936 0.0410784
v 42.3366 26.5017 5.56203
vn 0.283373 0.422682 -0.860837
vt 0.0335408 0.0419589
v 42.7372 26.3041 5.56203
vn 0.164319 0.481622 -0.860837
vt 0.0583556 0.0419589
v 42.7372 26.3041 5.56203
vn -0.164319 -0.481622 0.860837
vt 0.0583556 0.0419589
v 42.3366 26.5017 5.56203
vn -0.283373 -0.422682 0.860837
vt 0.0335408 0.0419589
v 42.7339 26.2918 5.55226
vn -0.22933 -0.675291 0.700992
vt 0.0584936 0.0410784
v 43.1753 26.1944 5.53953
vn 0.0560905 0.867289 -0.494635
vt 0.0920921 0.0254322
v 42.7339 26.2918 5.55226
vn 0.22933 0.675291 -0.700992
vt 0.0669874 0.0263172
v 43.1753 26.2041 5.55226
vn 0.0468062 0.711667 -0.700956
vt 0.0919864 0.0263172
v 43.1753 26.2041 5.55226
vn -0.0468062 -0.711667 0.700956
vt 0.0919864 0.0263172
v 42.7339 26.2918 5.55226
vn -0.22933 -0.675291 0.700992
vt 0.0669874 0.0263172
v 43.1753 26.1944 5.53953
vn -0.0560905 -0.867289 0.494635
vt 0.0920921 0.0254322
v 43.6284 26.2184 5.52471
vn -0.190009 0.947898 -0.255709
vt 0.120214 0.0118102
v 43.1753 26.1944 5.53953
vn 0.0560905 0.867289 -0.494635
vt 0.0950076 0.0126991
v 43.6268 26.2243 5.53953
vn -0.170292 0.852254 -0.494635
vt 0.120148 0.0126991
v 43.6268 26.2243 5.53953
vn 0.170292 -0.852254 0.494635
vt 0.120148 0.0126991
v 43.1753 26.1944 5.53953
vn -0.0560905 -0.867289 0.494635
vt 0.0950076 0.0126991
v 43.6284 26.2184 5.52471
vn 0.190009 -0.947898 0.255709
vt 0.120214 0.0118102
v 44.0593 26.363 5.5088
vn -0.443803 0.896124 -2.42697e-005
vt 0.140945 0.00821323
v 43.6284 26.2184 5.52471
vn -0.190009 0.947898 -0.255709
vt 0.115694 0.00910424
v 44.0583 26.3648 5.52471
vn -0.428868 0.866421 -0.255709
vt 0.140923 0.00910424
v 44.0583 26.3648 5.52471
vn 0.428868 -0.866421 0.255709
vt 0.140923 0.00910424
v 43.6284 26.2184 5.52471
vn 0.190009 -0.947898 0.255709
vt 0.115694 0.00910424
v 44.0593 26.363 5.5088
vn 0.443803 -0.896124 2.42697e-005
vt 0.140945 0.00821323
v 44.4356 26.6174 5.4929
vn -0.638556 0.725858 0.25569
vt 0.152883 0.0202578
v 44.0593 26.363 5.5088
vn -0.443803 0.896124 -2.42697e-005
vt 0.127646 0.0211488
v 44.4371 26.6159 5.5088
vn -0.660629 0.750712 -1.19786e-005
vt 0.152905 0.0211488
v 44.4371 26.6159 5.5088
vn 0.660629 -0.750712 1.19786e-005
vt 0.152905 0.0211488
v 44.0593 26.363 5.5088
vn 0.443803 -0.896124 2.42697e-005
vt 0.127646 0.0211488
v 44.4356 26.6174 5.4929
vn 0.638556 -0.725858 -0.25569
vt 0.152883 0.0202578
v 44.4356 26.6174 5.4929
vn -0.638556 0.725858 0.25569
vt 0.130064 0.0250274
v 44.7365 26.9581 5.5088
vn -0.832407 0.554165 -9.16666e-013
vt 0.155316 0.0259184
v 44.7347 26.9591 5.4929
vn -0.804621 0.535908 0.255709
vt 0.155293 0.0250274
v 44.7347 26.9591 5.4929
vn 0.804621 -0.535908 -0.255709
vt 0.155293 0.0250274
v 44.7365 26.9581 5.5088
vn 0.832407 -0.554165 9.16666e-013
vt 0.155316 0.0259184
v 44.4356 26.6174 5.4929
vn 0.638556 -0.725858 -0.25569
vt 0.130064 0.0250274
v 44.7294 26.9622 5.47808
vn -0.723102 0.482179 0.494597
vt 0.122769 0.064067
v 44.7347 26.9591 5.4929
vn -0.804621 0.535908 0.255709
vt 0.122746 0.064958
v 44.9352 27.3666 5.4929
vn -0.915908 0.309397 0.255709
vt 0.147976 0.064958
v 44.9352 27.3666 5.4929
vn 0.915908 -0.309397 -0.255709
vt 0.147976 0.064958
v 44.7347 26.9591 5.4929
vn 0.804621 -0.535908 -0.255709
vt 0.122746 0.064958
v 44.7294 26.9622 5.47808
vn 0.723102 -0.482179 -0.494597
vt 0.122769 0.064067
v 44.7294 26.9622 5.47808
vn -0.723102 0.482179 0.494597
vt 0.122801 0.0632973
v 44.9352 27.3666 5.4929
vn -0.915908 0.309397 0.255709
vt 0.148008 0.0641861
v 44.9293 27.3682 5.47808
vn -0.823242 0.278621 0.494614
vt 0.147942 0.0632973
v 44.9293 27.3682 5.47808
vn 0.823242 -0.278621 -0.494614
vt 0.147942 0.0632973
v 44.9352 27.3666 5.4929
vn 0.915908 -0.309397 -0.255709
vt 0.148008 0.0641861
v 44.7294 26.9622 5.47808
vn 0.723102 -0.482179 -0.494597
vt 0.122801 0.0632973
v 44.7257 26.9644 5.47245
vn -0.658979 0.442992 0.607868
vt 0.12284 0.0933517
v 44.9293 27.3682 5.47808
vn -0.823242 0.278621 0.494614
vt 0.147965 0.0937429
v 44.9251 27.3693 5.47245
vn -0.751182 0.257415 0.607835
vt 0.147918 0.0933517
v 44.9251 27.3693 5.47245
vn 0.751182 -0.257415 -0.607835
vt 0.147918 0.0933517
v 44.9293 27.3682 5.47808
vn 0.823242 -0.278621 -0.494614
vt 0.147965 0.0937429
v 44.7257 26.9644 5.47245
vn 0.658979 -0.442992 -0.607868
vt 0.12284 0.0933517
v 45.0164 27.3449 5.28346
vn -0.848305 0.283267 -0.447368
vt 0.105359 -0.0804983
v 44.9251 27.3693 5.47245
vn -0.847502 0.288352 -0.445638
vt 0.105723 -0.0687656
v 45.1074 27.8121 5.28346
vn -0.892715 0.0540569 -0.447368
vt 0.131805 -0.0804983
v 45.1074 27.8121 5.28346
vn 0.892715 -0.0540569 0.447368
vt 0.131805 -0.0804983
v 44.9251 27.3693 5.47245
vn 0.847502 -0.288352 0.445638
vt 0.105723 -0.0687656
v 45.0164 27.3449 5.28346
vn 0.848305 -0.283267 0.447368
vt 0.105359 -0.0804983
v 42.9464 29.6301 5.4929
vn 0.190009 -0.947898 0.255709
vt -0.0949847 0.0833246
v 43.3995 29.6541 5.47808
vn -0.056056 -0.867303 0.494614
vt -0.120191 0.0824336
v 43.3995 29.6602 5.4929
vn -0.0617997 -0.964777 0.255709
vt -0.120214 0.0833246
v 43.3995 29.6602 5.4929
vn 0.0617997 0.964777 -0.255709
vt -0.120214 0.0833246
v 43.3995 29.6541 5.47808
vn 0.056056 0.867303 -0.494614
vt -0.120191 0.0824336
v 42.9464 29.6301 5.4929
vn -0.190009 0.947898 -0.255709
vt -0.0949847 0.0833246
v 42.948 29.6241 5.47808
vn 0.170329 -0.852259 0.494614
vt -0.0950076 0.123897
v 43.3995 29.6497 5.47245
vn -0.0542234 -0.79221 0.607835
vt -0.120132 0.123504
v 43.3995 29.6541 5.47808
vn -0.056056 -0.867303 0.494614
vt -0.120148 0.123897
v 43.3995 29.6541 5.47808
vn 0.056056 0.867303 -0.494614
vt -0.120148 0.123897
v 43.3995 29.6497 5.47245
vn 0.0542234 0.79221 -0.607835
vt -0.120132 0.123504
v 42.948 29.6241 5.47808
vn -0.170329 0.852259 -0.494614
vt -0.0950076 0.123897
v 42.9246 29.7112 5.28346
vn 0.178837 -0.876287 -0.447368
vt -0.0946557 -0.0867245
v 43.3995 29.7442 5.28346
vn -0.0540569 -0.892715 -0.447368
vt -0.121101 -0.0867245
v 43.3995 29.6497 5.47245
vn -0.0591773 -0.893255 -0.445638
vt -0.120737 -0.0749917
v 43.3995 29.6497 5.47245
vn 0.0591773 0.893255 0.445638
vt -0.120737 -0.0749917
v 43.3995 29.7442 5.28346
vn 0.0540569 0.892715 0.447368
vt -0.121101 -0.0867245
v 42.9246 29.7112 5.28346
vn -0.178837 0.876287 0.447368
vt -0.0946557 -0.0867245
v 42.0008 26.7962 5.56203
vn 0.383116 0.334937 -0.860837
vt -0.015532 0.0483879
v 41.7656 27.175 5.56817
vn 0.242172 0.118265 -0.962999
vt -0.0402935 0.0492645
v 42.0113 26.8067 5.56817
vn 0.203311 0.176913 -0.962999
vt -0.0156932 0.0492645
v 42.0113 26.8067 5.56817
vn -0.203311 -0.176913 0.962999
vt -0.0156932 0.0492645
v 41.7656 27.175 5.56817
vn -0.242172 -0.118265 0.962999
vt -0.0402935 0.0492645
v 42.0008 26.7962 5.56203
vn -0.383116 -0.334937 0.860837
vt -0.015532 0.0483879
v 41.7527 27.1676 5.56203
vn 0.456749 0.224366 -0.860837
vt -0.0508716 0.0373121
v 41.6235 27.5944 5.56817
vn 0.264529 0.0515562 -0.962999
vt -0.0756331 0.0381887
v 41.7656 27.175 5.56817
vn 0.242172 0.118265 -0.962999
vt -0.0510328 0.0381887
v 41.7656 27.175 5.56817
vn -0.242172 -0.118265 0.962999
vt -0.0510328 0.0381887
v 41.6235 27.5944 5.56817
vn -0.264529 -0.0515562 0.962999
vt -0.0756331 0.0381887
v 41.7527 27.1676 5.56203
vn -0.456749 -0.224366 0.860837
vt -0.0508716 0.0373121
v 41.6092 27.5906 5.56203
vn 0.499256 0.098506 -0.860837
vt -0.0818952 0.0181879
v 41.5949 28.0363 5.56817
vn 0.268838 -0.0185807 -0.963006
vt -0.106657 0.0190645
v 41.6235 27.5944 5.56817
vn 0.264529 0.0515562 -0.962999
vt -0.0820564 0.0190645
v 41.6235 27.5944 5.56817
vn -0.264529 -0.0515562 0.962999
vt -0.0820564 0.0190645
v 41.5949 28.0363 5.56817
vn -0.268838 0.0185807 0.963006
vt -0.106657 0.0190645
v 41.6092 27.5906 5.56203
vn -0.499256 -0.098506 0.860837
vt -0.0818952 0.0181879
v 42.0008 26.7962 5.56203
vn 0.383116 0.334937 -0.860837
vt -0.00307176 0.0506767
v 42.0113 26.8067 5.56817
vn 0.203311 0.176913 -0.962999
vt -0.003018 0.0515663
v 42.3366 26.5017 5.56203
vn 0.283373 0.422682 -0.860837
vt 0.0217431 0.0506767
v 42.3366 26.5017 5.56203
vn -0.283373 -0.422682 0.860837
vt 0.0217431 0.0506767
v 42.0113 26.8067 5.56817
vn -0.203311 -0.176913 0.962999
vt -0.003018 0.0515663
v 42.0008 26.7962 5.56203
vn -0.383116 -0.334937 0.860837
vt -0.00307176 0.0506767
v 42.9464 29.6301 5.4929
vn 0.190009 -0.947898 0.255709
vt -0.0949847 0.0358748
v 43.3995 29.6602 5.4929
vn -0.0617997 -0.964777 0.255709
vt -0.120214 0.0358748
v 42.9458 29.6321 5.5088
vn 0.196747 -0.980454 2.42697e-005
vt -0.0949621 0.0367658
v 42.9458 29.6321 5.5088
vn -0.196747 0.980454 -2.42697e-005
vt -0.0949621 0.0367658
v 43.3995 29.6602 5.4929
vn 0.0617997 0.964777 -0.255709
vt -0.120214 0.0358748
v 42.9464 29.6301 5.4929
vn -0.190009 0.947898 -0.255709
vt -0.0949847 0.0358748
v 42.5195 29.4784 5.53953
vn 0.385073 -0.779151 -0.494613
vt -0.115724 -0.0474445
v 42.9464 29.6301 5.52471
vn 0.19001 -0.947908 -0.255668
vt -0.140887 -0.0483355
v 42.948 29.6241 5.53953
vn 0.170293 -0.852267 -0.494613
vt -0.140864 -0.0474445
v 42.948 29.6241 5.53953
vn -0.170293 0.852267 0.494613
vt -0.140864 -0.0474445
v 42.9464 29.6301 5.52471
vn -0.19001 0.947908 0.255668
vt -0.140887 -0.0483355
v 42.5195 29.4784 5.53953
vn -0.385073 0.779151 0.494613
vt -0.115724 -0.0474445
v 42.5165 29.4837 5.52471
vn 0.428872 -0.866431 -0.255668
vt -0.115694 -0.00741238
v 42.9458 29.6321 5.5088
vn 0.196747 -0.980454 2.42697e-005
vt -0.140931 -0.00830364
v 42.9464 29.6301 5.52471
vn 0.19001 -0.947908 -0.255668
vt -0.140923 -0.00741238
v 42.9464 29.6301 5.52471
vn -0.19001 0.947908 0.255668
vt -0.140923 -0.00741238
v 42.9458 29.6321 5.5088
vn -0.196747 0.980454 -2.42697e-005
vt -0.140931 -0.00830364
v 42.5165 29.4837 5.52471
vn -0.428872 0.866431 0.255668
vt -0.115694 -0.00741238
v 41.6815 28.4706 5.56817
vn 0.254828 -0.0875969 -0.963011
vt -0.123164 -0.0375927
v 41.6672 28.4744 5.56203
vn 0.481603 -0.164309 -0.860849
vt -0.123003 -0.0384694
v 41.8648 28.875 5.56203
vn 0.422666 -0.283358 -0.860849
vt -0.147818 -0.0384694
v 41.8648 28.875 5.56203
vn -0.422666 0.283358 0.860849
vt -0.147818 -0.0384694
v 41.6672 28.4744 5.56203
vn -0.481603 0.164309 0.860849
vt -0.123003 -0.0384694
v 41.6815 28.4706 5.56817
vn -0.254828 0.0875969 0.963011
vt -0.123164 -0.0375927
v 41.5949 28.0363 5.56817
vn 0.268838 -0.0185807 -0.963006
vt -0.106658 -0.0067494
v 41.58 28.0363 5.56203
vn 0.507732 -0.0339345 -0.860847
vt -0.106497 -0.00762608
v 41.6672 28.4744 5.56203
vn 0.481603 -0.164309 -0.860849
vt -0.131312 -0.00762608
v 41.6672 28.4744 5.56203
vn -0.481603 0.164309 0.860849
vt -0.131312 -0.00762608
v 41.58 28.0363 5.56203
vn -0.507732 0.0339345 0.860847
vt -0.106497 -0.00762608
v 41.5949 28.0363 5.56817
vn -0.268838 0.0185807 0.963006
vt -0.106658 -0.0067494
v 42.1504 29.2198 5.55226
vn 0.470155 -0.536251 -0.700991
vt -0.127757 -0.0627902
v 42.5195 29.4784 5.53953
vn 0.385073 -0.779151 -0.494613
vt -0.152792 -0.0636808
v 42.5244 29.4699 5.55226
vn 0.315343 -0.639664 -0.700991
vt -0.152756 -0.0627902
v 42.5244 29.4699 5.55226
vn -0.315343 0.639664 0.700991
vt -0.152756 -0.0627902
v 42.5195 29.4784 5.53953
vn -0.385073 0.779151 0.494613
vt -0.152792 -0.0636808
v 42.1504 29.2198 5.55226
vn -0.470155 0.536251 0.700991
vt -0.127757 -0.0627902
v 41.8648 28.875 5.56203
vn 0.422666 -0.283358 -0.860849
vt -0.130282 -0.0578751
v 42.1504 29.2198 5.55226
vn 0.470155 -0.536251 -0.700991
vt -0.155143 -0.0587652
v 42.1594 29.2108 5.56203
vn 0.334926 -0.383097 -0.860849
vt -0.155096 -0.0578751
v 42.1594 29.2108 5.56203
vn -0.334926 0.383097 0.860849
vt -0.155096 -0.0578751
v 42.1504 29.2198 5.55226
vn -0.470155 0.536251 0.700991
vt -0.155143 -0.0587652
v 41.8648 28.875 5.56203
vn -0.422666 0.283358 0.860849
vt -0.130282 -0.0578751
v 42.3303 26.4906 5.55226
vn 0.396294 0.592926 -0.700992
vt 0.0335142 0.0411646
v 42.3366 26.5017 5.56203
vn 0.283373 0.422682 -0.860837
vt 0.0335607 0.0420547
v 42.7339 26.2918 5.55226
vn 0.22933 0.675291 -0.700992
vt 0.0585132 0.0411646
v 42.7339 26.2918 5.55226
vn -0.22933 -0.675291 0.700992
vt 0.0585132 0.0411646
v 42.3366 26.5017 5.56203
vn -0.283373 -0.422682 0.860837
vt 0.0335607 0.0420547
v 42.3303 26.4906 5.55226
vn -0.396294 -0.592926 0.700992
vt 0.0335142 0.0411646
v 43.1753 26.1944 5.53953
vn 0.0560905 0.867289 -0.494635
vt 0.0921007 0.0254945
v 42.7314 26.2823 5.53953
vn 0.27865 0.82322 -0.494635
vt 0.0669603 0.0254945
v 42.7339 26.2918 5.55226
vn 0.22933 0.675291 -0.700992
vt 0.0669962 0.026385
v 42.7339 26.2918 5.55226
vn -0.22933 -0.675291 0.700992
vt 0.0669962 0.026385
v 42.7314 26.2823 5.53953
vn -0.27865 -0.82322 0.494635
vt 0.0669603 0.0254945
v 43.1753 26.1944 5.53953
vn -0.0560905 -0.867289 0.494635
vt 0.0921007 0.0254945
v 43.6284 26.2184 5.52471
vn -0.190009 0.947898 -0.255709
vt 0.120214 0.0117604
v 43.1753 26.1882 5.52471
vn 0.0617997 0.964777 -0.255709
vt 0.0949847 0.0117604
v 43.1753 26.1944 5.53953
vn 0.0560905 0.867289 -0.494635
vt 0.0950073 0.0126515
v 43.1753 26.1944 5.53953
vn -0.0560905 -0.867289 0.494635
vt 0.0950073 0.0126515
v 43.1753 26.1882 5.52471
vn -0.0617997 -0.964777 0.255709
vt 0.0949847 0.0117604
v 43.6284 26.2184 5.52471
vn 0.190009 -0.947898 0.255709
vt 0.120214 0.0117604
v 44.0593 26.363 5.5088
vn -0.443803 0.896124 -2.42697e-005
vt 0.140943 0.00813745
v 43.6289 26.2164 5.5088
vn -0.196747 0.980454 -2.42697e-005
vt 0.115683 0.00813745
v 43.6284 26.2184 5.52471
vn -0.190009 0.947898 -0.255709
vt 0.115691 0.00902871
v 43.6284 26.2184 5.52471
vn 0.190009 -0.947898 0.255709
vt 0.115691 0.00902871
v 43.6289 26.2164 5.5088
vn 0.196747 -0.980454 2.42697e-005
vt 0.115683 0.00813745
v 44.0593 26.363 5.5088
vn 0.443803 -0.896124 2.42697e-005
vt 0.140943 0.00813745
v 44.4356 26.6174 5.4929
vn -0.638556 0.725858 0.25569
vt 0.152888 0.0203998
v 44.0583 26.3648 5.4929
vn -0.428872 0.866431 0.255668
vt 0.127659 0.0203998
v 44.0593 26.363 5.5088
vn -0.443803 0.896124 -2.42697e-005
vt 0.127651 0.0212911
v 44.0593 26.363 5.5088
vn 0.443803 -0.896124 2.42697e-005
vt 0.127651 0.0212911
v 44.0583 26.3648 5.4929
vn 0.428872 -0.866431 -0.255668
vt 0.127659 0.0203998
v 44.4356 26.6174 5.4929
vn 0.638556 -0.725858 -0.25569
vt 0.152888 0.0203998
v 44.4313 26.6218 5.47808
vn -0.573682 0.652879 0.494609
vt 0.130087 0.0500853
v 44.4356 26.6174 5.4929
vn -0.638556 0.725858 0.25569
vt 0.130064 0.0509763
v 44.7347 26.9591 5.4929
vn -0.804621 0.535908 0.255709
vt 0.155293 0.0509763
v 44.7347 26.9591 5.4929
vn 0.804621 -0.535908 -0.255709
vt 0.155293 0.0509763
v 44.4356 26.6174 5.4929
vn 0.638556 -0.725858 -0.25569
vt 0.130064 0.0509763
v 44.4313 26.6218 5.47808
vn 0.573682 -0.652879 -0.494609
vt 0.130087 0.0500853
v 44.4313 26.6218 5.47808
vn -0.573682 0.652879 0.494609
vt 0.130111 0.0495177
v 44.7347 26.9591 5.4929
vn -0.804621 0.535908 0.255709
vt 0.155317 0.0504065
v 44.7294 26.9622 5.47808
vn -0.723102 0.482179 0.494597
vt 0.155251 0.0495177
v 44.7294 26.9622 5.47808
vn 0.723102 -0.482179 -0.494597
vt 0.155251 0.0495177
v 44.7347 26.9591 5.4929
vn 0.804621 -0.535908 -0.255709
vt 0.155317 0.0504065
v 44.4313 26.6218 5.47808
vn 0.573682 -0.652879 -0.494609
vt 0.130111 0.0495177
v 44.7257 26.9644 5.47245
vn -0.658979 0.442992 0.607868
vt 0.122817 0.094238
v 44.7294 26.9622 5.47808
vn -0.723102 0.482179 0.494597
vt 0.122801 0.0946317
v 44.9293 27.3682 5.47808
vn -0.823242 0.278621 0.494614
vt 0.147942 0.0946317
v 44.9293 27.3682 5.47808
vn 0.823242 -0.278621 -0.494614
vt 0.147942 0.0946317
v 44.7294 26.9622 5.47808
vn 0.723102 -0.482179 -0.494597
vt 0.122801 0.0946317
v 44.7257 26.9644 5.47245
vn 0.658979 -0.442992 -0.607868
vt 0.122817 0.094238
v 45.0164 27.3449 5.28346
vn -0.848305 0.283267 -0.447368
vt 0.148939 -0.0644805
v 44.7257 26.9644 5.47245
vn -0.743993 0.497877 -0.445638
vt 0.12284 -0.0527866
v 44.9251 27.3693 5.47245
vn -0.847502 0.288352 -0.445638
vt 0.147918 -0.0527866
v 44.9251 27.3693 5.47245
vn 0.847502 -0.288352 0.445638
vt 0.147918 -0.0527866
v 44.7257 26.9644 5.47245
vn 0.743993 -0.497877 0.445638
vt 0.12284 -0.0527866
v 45.0164 27.3449 5.28346
vn 0.848305 -0.283267 0.447368
vt 0.148939 -0.0644805
v 42.948 29.6241 5.47808
vn 0.170329 -0.852259 0.494614
vt -0.0950076 0.0814186
v 43.3995 29.6541 5.47808
vn -0.056056 -0.867303 0.494614
vt -0.120148 0.0814186
v 42.9464 29.6301 5.4929
vn 0.190009 -0.947898 0.255709
vt -0.0949413 0.0823075
v 42.9464 29.6301 5.4929
vn -0.190009 0.947898 -0.255709
vt -0.0949413 0.0823075
v 43.3995 29.6541 5.47808
vn 0.056056 0.867303 -0.494614
vt -0.120148 0.0814186
v 42.948 29.6241 5.47808
vn -0.170329 0.852259 -0.494614
vt -0.0950076 0.0814186
v 42.9491 29.62 5.47245
vn 0.152663 -0.77925 0.607835
vt -0.0950236 0.122325
v 43.3995 29.6497 5.47245
vn -0.0542234 -0.79221 0.607835
vt -0.120102 0.122325
v 42.948 29.6241 5.47808
vn 0.170329 -0.852259 0.494614
vt -0.094977 0.122716
v 42.948 29.6241 5.47808
vn -0.170329 0.852259 -0.494614
vt -0.094977 0.122716
v 43.3995 29.6497 5.47245
vn 0.0542234 0.79221 -0.607835
vt -0.120102 0.122325
v 42.9491 29.62 5.47245
vn -0.152663 0.77925 -0.607835
vt -0.0950236 0.122325
v 42.9491 29.62 5.47245
vn 0.174031 -0.878134 -0.445638
vt -0.0950236 -0.074002
v 42.9246 29.7112 5.28346
vn 0.178837 -0.876287 -0.447368
vt -0.0940024 -0.0856959
v 43.3995 29.6497 5.47245
vn -0.0591773 -0.893255 -0.445638
vt -0.120102 -0.074002
v 43.3995 29.6497 5.47245
vn 0.0591773 0.893255 0.445638
vt -0.120102 -0.074002
v 42.9246 29.7112 5.28346
vn -0.178837 0.876287 0.447368
vt -0.0940024 -0.0856959
v 42.9491 29.62 5.47245
vn -0.174031 0.878134 0.445638
vt -0.0950236 -0.074002
v 41.58 28.0363 5.56203
vn 0.507732 -0.0339345 -0.860847
vt -0.106702 0.0181743
v 41.5949 28.0363 5.56817
vn 0.268838 -0.0185807 -0.963006
vt -0.106649 0.019064
v 41.6092 27.5906 5.56203
vn 0.499256 0.098506 -0.860837
vt -0.0818876 0.0181743
v 41.6092 27.5906 5.56203
vn -0.499256 -0.098506 0.860837
vt -0.0818876 0.0181743
v 41.5949 28.0363 5.56817
vn -0.268838 0.0185807 0.963006
vt -0.106649 0.019064
v 41.58 28.0363 5.56203
vn -0.507732 0.0339345 0.860847
vt -0.106702 0.0181743
v 41.7527 27.1676 5.56203
vn 0.456749 0.224366 -0.860837
vt -0.0403205 0.0484178
v 41.7656 27.175 5.56817
vn 0.242172 0.118265 -0.962999
vt -0.0402667 0.0493075
v 42.0008 26.7962 5.56203
vn 0.383116 0.334937 -0.860837
vt -0.0155057 0.0484178
v 42.0008 26.7962 5.56203
vn -0.383116 -0.334937 0.860837
vt -0.0155057 0.0484178
v 41.7656 27.175 5.56817
vn -0.242172 -0.118265 0.962999
vt -0.0402667 0.0493075
v 41.7527 27.1676 5.56203
vn -0.456749 -0.224366 0.860837
vt -0.0403205 0.0484178
v 41.6092 27.5906 5.56203
vn 0.499256 0.098506 -0.860837
vt -0.075667 0.0373318
v 41.6235 27.5944 5.56817
vn 0.264529 0.0515562 -0.962999
vt -0.0756132 0.0382215
v 41.7527 27.1676 5.56203
vn 0.456749 0.224366 -0.860837
vt -0.0508522 0.0373318
v 41.7527 27.1676 5.56203
vn -0.456749 -0.224366 0.860837
vt -0.0508522 0.0373318
v 41.6235 27.5944 5.56817
vn -0.264529 -0.0515562 0.962999
vt -0.0756132 0.0382215
v 41.6092 27.5906 5.56203
vn -0.499256 -0.098506 0.860837
vt -0.075667 0.0373318
v 42.3303 26.4906 5.55226
vn 0.396294 0.592926 -0.700992
vt 0.0218811 0.0468107
v 42.0008 26.7962 5.56203
vn 0.383116 0.334937 -0.860837
vt -0.00307176 0.0476912
v 42.3366 26.5017 5.56203
vn 0.283373 0.422682 -0.860837
vt 0.0217431 0.0476912
v 42.3366 26.5017 5.56203
vn -0.283373 -0.422682 0.860837
vt 0.0217431 0.0476912
v 42.0008 26.7962 5.56203
vn -0.383116 -0.334937 0.860837
vt -0.00307176 0.0476912
v 42.3303 26.4906 5.55226
vn -0.396294 -0.592926 0.700992
vt 0.0218811 0.0468107
v 42.5154 29.4855 5.5088
vn 0.443803 -0.896124 2.42697e-005
vt -0.115683 0.0331265
v 42.9464 29.6301 5.4929
vn 0.190009 -0.947898 0.255709
vt -0.140935 0.0322352
v 42.9458 29.6321 5.5088
vn 0.196747 -0.980454 2.42697e-005
vt -0.140943 0.0331265
v 42.9458 29.6321 5.5088
vn -0.196747 0.980454 -2.42697e-005
vt -0.140943 0.0331265
v 42.9464 29.6301 5.4929
vn -0.190009 0.947898 -0.255709
vt -0.140935 0.0322352
v 42.5154 29.4855 5.5088
vn -0.443803 0.896124 -2.42697e-005
vt -0.115683 0.0331265
v 42.5165 29.4837 5.52471
vn 0.428872 -0.866431 -0.255668
vt -0.115694 -0.0474147
v 42.9464 29.6301 5.52471
vn 0.19001 -0.947908 -0.255668
vt -0.140923 -0.0474147
v 42.5195 29.4784 5.53953
vn 0.385073 -0.779151 -0.494613
vt -0.11576 -0.0465258
v 42.5195 29.4784 5.53953
vn -0.385073 0.779151 0.494613
vt -0.11576 -0.0465258
v 42.9464 29.6301 5.52471
vn -0.19001 0.947908 0.255668
vt -0.140923 -0.0474147
v 42.5165 29.4837 5.52471
vn -0.428872 0.866431 0.255668
vt -0.115694 -0.0474147
v 42.5154 29.4855 5.5088
vn 0.443803 -0.896124 2.42697e-005
vt -0.115683 -0.00795554
v 42.9458 29.6321 5.5088
vn 0.196747 -0.980454 2.42697e-005
vt -0.140943 -0.00795554
v 42.5165 29.4837 5.52471
vn 0.428872 -0.866431 -0.255668
vt -0.115706 -0.00706453
v 42.5165 29.4837 5.52471
vn -0.428872 0.866431 0.255668
vt -0.115706 -0.00706453
v 42.9458 29.6321 5.5088
vn -0.196747 0.980454 -2.42697e-005
vt -0.140943 -0.00795554
v 42.5154 29.4855 5.5088
vn -0.443803 0.896124 -2.42697e-005
vt -0.115683 -0.00795554
v 41.6672 28.4744 5.56203
vn 0.481603 -0.164309 -0.860849
vt -0.123003 -0.0288514
v 41.8538 28.8813 5.55226
vn 0.592995 -0.396246 -0.700961
vt -0.147864 -0.0297415
v 41.8648 28.875 5.56203
vn 0.422666 -0.283358 -0.860849
vt -0.147818 -0.0288514
v 41.8648 28.875 5.56203
vn -0.422666 0.283358 0.860849
vt -0.147818 -0.0288514
v 41.8538 28.8813 5.55226
vn -0.592995 0.396246 0.700961
vt -0.147864 -0.0297415
v 41.6672 28.4744 5.56203
vn -0.481603 0.164309 0.860849
vt -0.123003 -0.0288514
v 41.58 28.0363 5.56203
vn 0.507732 -0.0339345 -0.860847
vt -0.106497 -0.00231001
v 41.6549 28.4777 5.55226
vn 0.675298 -0.229419 -0.700956
vt -0.131358 -0.00320011
v 41.6672 28.4744 5.56203
vn 0.481603 -0.164309 -0.860849
vt -0.131312 -0.00231001
v 41.6672 28.4744 5.56203
vn -0.481603 0.164309 0.860849
vt -0.131312 -0.00231001
v 41.6549 28.4777 5.55226
vn -0.675298 0.229419 0.700956
vt -0.131358 -0.00320011
v 41.58 28.0363 5.56203
vn -0.507732 0.0339345 0.860847
vt -0.106497 -0.00231001
v 42.1435 29.2267 5.53953
vn 0.573663 -0.652914 -0.494585
vt -0.127697 -0.0627679
v 42.5195 29.4784 5.53953
vn 0.385073 -0.779151 -0.494613
vt -0.152837 -0.0627679
v 42.1504 29.2198 5.55226
vn 0.470155 -0.536251 -0.700991
vt -0.127802 -0.0618829
v 42.1504 29.2198 5.55226
vn -0.470155 0.536251 0.700991
vt -0.127802 -0.0618829
v 42.5195 29.4784 5.53953
vn -0.385073 0.779151 0.494613
vt -0.152837 -0.0627679
v 42.1435 29.2267 5.53953
vn -0.573663 0.652914 0.494585
vt -0.127697 -0.0627679
v 41.8648 28.875 5.56203
vn 0.422666 -0.283358 -0.860849
vt -0.130323 -0.0572903
v 41.8538 28.8813 5.55226
vn 0.592995 -0.396246 -0.700961
vt -0.130185 -0.0581709
v 42.1504 29.2198 5.55226
vn 0.470155 -0.536251 -0.700991
vt -0.155184 -0.0581709
v 42.1504 29.2198 5.55226
vn -0.470155 0.536251 0.700991
vt -0.155184 -0.0581709
v 41.8538 28.8813 5.55226
vn -0.592995 0.396246 0.700961
vt -0.130185 -0.0581709
v 41.8648 28.875 5.56203
vn -0.422666 0.283358 0.860849
vt -0.130323 -0.0572903
v 42.7314 26.2823 5.53953
vn 0.27865 0.82322 -0.494635
vt 0.0586188 0.035368
v 42.3303 26.4906 5.55226
vn 0.396294 0.592926 -0.700992
vt 0.0335142 0.036253
v 42.7339 26.2918 5.55226
vn 0.22933 0.675291 -0.700992
vt 0.0585132 0.036253
v 42.7339 26.2918 5.55226
vn -0.22933 -0.675291 0.700992
vt 0.0585132 0.036253
v 42.3303 26.4906 5.55226
vn -0.396294 -0.592926 0.700992
vt 0.0335142 0.036253
v 42.7314 26.2823 5.53953
vn -0.27865 -0.82322 0.494635
vt 0.0586188 0.035368
v 43.1753 26.1882 5.52471
vn 0.0617997 0.964777 -0.255709
vt 0.0921669 0.0210829
v 42.7314 26.2823 5.53953
vn 0.27865 0.82322 -0.494635
vt 0.0669603 0.0219717
v 43.1753 26.1944 5.53953
vn 0.0560905 0.867289 -0.494635
vt 0.0921007 0.0219717
v 43.1753 26.1944 5.53953
vn -0.0560905 -0.867289 0.494635
vt 0.0921007 0.0219717
v 42.7314 26.2823 5.53953
vn -0.27865 -0.82322 0.494635
vt 0.0669603 0.0219717
v 43.1753 26.1882 5.52471
vn -0.0617997 -0.964777 0.255709
vt 0.0921669 0.0210829
v 43.6289 26.2164 5.5088
vn -0.196747 0.980454 -2.42697e-005
vt 0.120236 0.0121912
v 43.1753 26.1882 5.52471
vn 0.0617997 0.964777 -0.255709
vt 0.0949847 0.0130822
v 43.6284 26.2184 5.52471
vn -0.190009 0.947898 -0.255709
vt 0.120214 0.0130822
v 43.6284 26.2184 5.52471
vn 0.190009 -0.947898 0.255709
vt 0.120214 0.0130822
v 43.1753 26.1882 5.52471
vn -0.0617997 -0.964777 0.255709
vt 0.0949847 0.0130822
v 43.6289 26.2164 5.5088
vn 0.196747 -0.980454 2.42697e-005
vt 0.120236 0.0121912
v 44.0583 26.3648 5.4929
vn -0.428872 0.866431 0.255668
vt 0.14092 0.0157286
v 43.6289 26.2164 5.5088
vn -0.196747 0.980454 -2.42697e-005
vt 0.115683 0.0166196
v 44.0593 26.363 5.5088
vn -0.443803 0.896124 -2.42697e-005
vt 0.140943 0.0166196
v 44.0593 26.363 5.5088
vn 0.443803 -0.896124 2.42697e-005
vt 0.140943 0.0166196
v 43.6289 26.2164 5.5088
vn 0.196747 -0.980454 2.42697e-005
vt 0.115683 0.0166196
v 44.0583 26.3648 5.4929
vn 0.428872 -0.866431 -0.255668
vt 0.14092 0.0157286
v 44.4313 26.6218 5.47808
vn -0.573682 0.652879 0.494609
vt 0.152822 0.0355095
v 44.0583 26.3648 5.4929
vn -0.428872 0.866431 0.255668
vt 0.127659 0.0363983
v 44.4356 26.6174 5.4929
vn -0.638556 0.725858 0.25569
vt 0.152888 0.0363983
v 44.4356 26.6174 5.4929
vn 0.638556 -0.725858 -0.25569
vt 0.152888 0.0363983
v 44.0583 26.3648 5.4929
vn 0.428872 -0.866431 -0.255668
vt 0.127659 0.0363983
v 44.4313 26.6218 5.47808
vn 0.573682 -0.652879 -0.494609
vt 0.152822 0.0355095
v 44.7257 26.9644 5.47245
vn -0.658979 0.442992 0.607868
vt 0.155205 0.0713536
v 44.4313 26.6218 5.47808
vn -0.573682 0.652879 0.494609
vt 0.130111 0.0717448
v 44.7294 26.9622 5.47808
vn -0.723102 0.482179 0.494597
vt 0.155251 0.0717448
v 44.7294 26.9622 5.47808
vn 0.723102 -0.482179 -0.494597
vt 0.155251 0.0717448
v 44.4313 26.6218 5.47808
vn 0.573682 -0.652879 -0.494609
vt 0.130111 0.0717448
v 44.7257 26.9644 5.47245
vn 0.658979 -0.442992 -0.607868
vt 0.155205 0.0713536
v 44.8075 26.9171 5.28346
vn -0.746085 0.493172 -0.447368
vt 0.122001 -0.0655839
v 44.7257 26.9644 5.47245
vn -0.743993 0.497877 -0.445638
vt 0.122365 -0.0538511
v 45.0164 27.3449 5.28346
vn -0.848305 0.283267 -0.447368
vt 0.148446 -0.0655839
v 45.0164 27.3449 5.28346
vn 0.848305 -0.283267 0.447368
vt 0.148446 -0.0655839
v 44.7257 26.9644 5.47245
vn 0.743993 -0.497877 0.445638
vt 0.122365 -0.0538511
v 44.8075 26.9171 5.28346
vn 0.746085 -0.493172 0.447368
vt 0.122001 -0.0655839
v 42.5165 29.4837 5.4929
vn 0.428868 -0.866421 0.255709
vt -0.115694 0.0714617
v 42.948 29.6241 5.47808
vn 0.170329 -0.852259 0.494614
vt -0.1409 0.0705707
v 42.9464 29.6301 5.4929
vn 0.190009 -0.947898 0.255709
vt -0.140923 0.0714617
v 42.9464 29.6301 5.4929
vn -0.190009 0.947898 -0.255709
vt -0.140923 0.0714617
v 42.948 29.6241 5.47808
vn -0.170329 0.852259 -0.494614
vt -0.1409 0.0705707
v 42.5165 29.4837 5.4929
vn -0.428868 0.866421 -0.255709
vt -0.115694 0.0714617
v 42.5195 29.4784 5.47808
vn 0.385106 -0.779135 0.494614
vt -0.115724 0.105019
v 42.9491 29.62 5.47245
vn 0.152663 -0.77925 0.607835
vt -0.140848 0.104626
v 42.948 29.6241 5.47808
vn 0.170329 -0.852259 0.494614
vt -0.140864 0.105019
v 42.948 29.6241 5.47808
vn -0.170329 0.852259 -0.494614
vt -0.140864 0.105019
v 42.9491 29.62 5.47245
vn -0.152663 0.77925 -0.607835
vt -0.140848 0.104626
v 42.5195 29.4784 5.47808
vn -0.385106 0.779135 -0.494614
vt -0.115724 0.105019
v 42.4745 29.5565 5.28346
vn 0.399543 -0.800142 -0.447368
vt -0.115272 -0.0728344
v 42.9246 29.7112 5.28346
vn 0.178837 -0.876287 -0.447368
vt -0.141718 -0.0728344
v 42.9491 29.62 5.47245
vn 0.174031 -0.878134 -0.445638
vt -0.141354 -0.0611016
v 42.9491 29.62 5.47245
vn -0.174031 0.878134 0.445638
vt -0.141354 -0.0611016
v 42.9246 29.7112 5.28346
vn -0.178837 0.876287 0.447368
vt -0.141718 -0.0728344
v 42.4745 29.5565 5.28346
vn -0.399543 0.800142 0.447368
vt -0.115272 -0.0728344
v 41.5969 27.5873 5.55226
vn 0.69942 0.139031 -0.701058
vt -0.0817496 0.0190942
v 41.58 28.0363 5.56203
vn 0.507732 -0.0339345 -0.860847
vt -0.106702 0.0199748
v 41.6092 27.5906 5.56203
vn 0.499256 0.098506 -0.860837
vt -0.0818876 0.0199748
v 41.6092 27.5906 5.56203
vn -0.499256 -0.098506 0.860837
vt -0.0818876 0.0199748
v 41.58 28.0363 5.56203
vn -0.507732 0.0339345 0.860847
vt -0.106702 0.0199748
v 41.5969 27.5873 5.55226
vn -0.69942 -0.139031 0.701058
vt -0.0817496 0.0190942
v 41.9918 26.7872 5.55226
vn 0.536171 0.470193 -0.701027
vt -0.0153676 0.0448844
v 41.7527 27.1676 5.56203
vn 0.456749 0.224366 -0.860837
vt -0.0403205 0.0457649
v 42.0008 26.7962 5.56203
vn 0.383116 0.334937 -0.860837
vt -0.0155057 0.0457649
v 42.0008 26.7962 5.56203
vn -0.383116 -0.334937 0.860837
vt -0.0155057 0.0457649
v 41.7527 27.1676 5.56203
vn -0.456749 -0.224366 0.860837
vt -0.0403205 0.0457649
v 41.9918 26.7872 5.55226
vn -0.536171 -0.470193 0.701027
vt -0.0153676 0.0448844
v 41.7417 27.1613 5.55226
vn 0.639604 0.315317 -0.701058
vt -0.0507141 0.0354308
v 41.6092 27.5906 5.56203
vn 0.499256 0.098506 -0.860837
vt -0.075667 0.0363114
v 41.7527 27.1676 5.56203
vn 0.456749 0.224366 -0.860837
vt -0.0508522 0.0363114
v 41.7527 27.1676 5.56203
vn -0.456749 -0.224366 0.860837
vt -0.0508522 0.0363114
v 41.6092 27.5906 5.56203
vn -0.499256 -0.098506 0.860837
vt -0.075667 0.0363114
v 41.7417 27.1613 5.55226
vn -0.639604 -0.315317 0.701058
vt -0.0507141 0.0354308
v 41.9918 26.7872 5.55226
vn 0.536171 0.470193 -0.701027
vt -0.00309483 0.0469482
v 42.0008 26.7962 5.56203
vn 0.383116 0.334937 -0.860837
vt -0.00304832 0.0478383
v 42.3303 26.4906 5.55226
vn 0.396294 0.592926 -0.700992
vt 0.0219042 0.0469482
v 42.3303 26.4906 5.55226
vn -0.396294 -0.592926 0.700992
vt 0.0219042 0.0469482
v 42.0008 26.7962 5.56203
vn -0.383116 -0.334937 0.860837
vt -0.00304832 0.0478383
v 41.9918 26.7872 5.55226
vn -0.536171 -0.470193 0.701027
vt -0.00309483 0.0469482
v 42.5165 29.4837 5.4929
vn 0.428868 -0.866421 0.255709
vt -0.115694 0.0318968
v 42.9464 29.6301 5.4929
vn 0.190009 -0.947898 0.255709
vt -0.140923 0.0318968
v 42.5154 29.4855 5.5088
vn 0.443803 -0.896124 2.42697e-005
vt -0.115671 0.0327878
v 42.5154 29.4855 5.5088
vn -0.443803 0.896124 -2.42697e-005
vt -0.115671 0.0327878
v 42.9464 29.6301 5.4929
vn -0.190009 0.947898 -0.255709
vt -0.140923 0.0318968
v 42.5165 29.4837 5.4929
vn -0.428868 0.866421 -0.255709
vt -0.115694 0.0318968
v 42.1435 29.2267 5.53953
vn 0.573663 -0.652914 -0.494585
vt -0.127697 -0.0339394
v 42.5165 29.4837 5.52471
vn 0.428872 -0.866431 -0.255668
vt -0.15286 -0.0348304
v 42.5195 29.4784 5.53953
vn 0.385073 -0.779151 -0.494613
vt -0.152837 -0.0339394
v 42.5195 29.4784 5.53953
vn -0.385073 0.779151 0.494613
vt -0.152837 -0.0339394
v 42.5165 29.4837 5.52471
vn -0.428872 0.866431 0.255668
vt -0.15286 -0.0348304
v 42.1435 29.2267 5.53953
vn -0.573663 0.652914 0.494585
vt -0.127697 -0.0339394
v 42.1391 29.231 5.52471
vn 0.638556 -0.725858 -0.25569
vt -0.127659 -0.00280706
v 42.5154 29.4855 5.5088
vn 0.443803 -0.896124 2.42697e-005
vt -0.152896 -0.00369831
v 42.5165 29.4837 5.52471
vn 0.428872 -0.866431 -0.255668
vt -0.152888 -0.00280706
v 42.5165 29.4837 5.52471
vn -0.428872 0.866431 0.255668
vt -0.152888 -0.00280706
v 42.5154 29.4855 5.5088
vn -0.443803 0.896124 -2.42697e-005
vt -0.152896 -0.00369831
v 42.1391 29.231 5.52471
vn -0.638556 0.725858 0.25569
vt -0.127659 -0.00280706
v 41.58 28.0363 5.56203
vn 0.507732 -0.0339345 -0.860847
vt -0.106504 -0.00209202
v 41.5673 28.0363 5.55226
vn 0.711606 -0.046669 -0.701027
vt -0.106366 -0.00297261
v 41.6549 28.4777 5.55226
vn 0.675298 -0.229419 -0.700956
vt -0.131366 -0.00297261
v 41.6549 28.4777 5.55226
vn -0.675298 0.229419 0.700956
vt -0.131366 -0.00297261
v 41.5673 28.0363 5.55226
vn -0.711606 0.046669 0.701027
vt -0.106366 -0.00297261
v 41.58 28.0363 5.56203
vn -0.507732 0.0339345 0.860847
vt -0.106504 -0.00209202
v 41.6672 28.4744 5.56203
vn 0.481603 -0.164309 -0.860849
vt -0.123027 -0.0284563
v 41.6549 28.4777 5.55226
vn 0.675298 -0.229419 -0.700956
vt -0.122889 -0.0293369
v 41.8538 28.8813 5.55226
vn 0.592995 -0.396246 -0.700961
vt -0.147888 -0.0293369
v 41.8538 28.8813 5.55226
vn -0.592995 0.396246 0.700961
vt -0.147888 -0.0293369
v 41.6549 28.4777 5.55226
vn -0.675298 0.229419 0.700956
vt -0.122889 -0.0293369
v 41.6672 28.4744 5.56203
vn -0.481603 0.164309 0.860849
vt -0.123027 -0.0284563
v 41.8538 28.8813 5.55226
vn 0.592995 -0.396246 -0.700961
vt -0.130185 -0.0401448
v 42.1435 29.2267 5.53953
vn 0.573663 -0.652914 -0.494585
vt -0.15522 -0.0410354
v 42.1504 29.2198 5.55226
vn 0.470155 -0.536251 -0.700991
vt -0.155184 -0.0401448
v 42.1504 29.2198 5.55226
vn -0.470155 0.536251 0.700991
vt -0.155184 -0.0401448
v 42.1435 29.2267 5.53953
vn -0.573663 0.652914 0.494585
vt -0.15522 -0.0410354
v 41.8538 28.8813 5.55226
vn -0.592995 0.396246 0.700961
vt -0.130185 -0.0401448
v 42.7314 26.2823 5.53953
vn 0.27865 0.82322 -0.494635
vt 0.0586335 0.0355463
v 42.3254 26.4822 5.53953
vn 0.48222 0.723049 -0.494635
vt 0.0334931 0.0355463
v 42.3303 26.4906 5.55226
vn 0.396294 0.592926 -0.700992
vt 0.033529 0.0364369
v 42.3303 26.4906 5.55226
vn -0.396294 -0.592926 0.700992
vt 0.033529 0.0364369
v 42.3254 26.4822 5.53953
vn -0.48222 -0.723049 0.494635
vt 0.0334931 0.0355463
v 42.7314 26.2823 5.53953
vn -0.27865 -0.82322 0.494635
vt 0.0586335 0.0355463
v 43.1753 26.1882 5.52471
vn 0.0617997 0.964777 -0.255709
vt 0.0921722 0.0211719
v 42.7298 26.2764 5.52471
vn 0.309397 0.915908 -0.255709
vt 0.066943 0.0211719
v 42.7314 26.2823 5.53953
vn 0.27865 0.82322 -0.494635
vt 0.0669656 0.0220629
v 42.7314 26.2823 5.53953
vn -0.27865 -0.82322 0.494635
vt 0.0669656 0.0220629
v 42.7298 26.2764 5.52471
vn -0.309397 -0.915908 0.255709
vt 0.066943 0.0211719
v 43.1753 26.1882 5.52471
vn -0.0617997 -0.964777 0.255709
vt 0.0921722 0.0211719
v 43.6289 26.2164 5.5088
vn -0.196747 0.980454 -2.42697e-005
vt 0.120236 0.0121827
v 43.1753 26.1861 5.5088
vn 0.0637173 0.997968 -2.42697e-005
vt 0.0949768 0.0121827
v 43.1753 26.1882 5.52471
vn 0.0617997 0.964777 -0.255709
vt 0.0949845 0.013074
v 43.1753 26.1882 5.52471
vn -0.0617997 -0.964777 0.255709
vt 0.0949845 0.013074
v 43.1753 26.1861 5.5088
vn -0.0637173 -0.997968 2.42697e-005
vt 0.0949768 0.0121827
v 43.6289 26.2164 5.5088
vn 0.196747 -0.980454 2.42697e-005
vt 0.120236 0.0121827
v 44.0583 26.3648 5.4929
vn -0.428872 0.866431 0.255668
vt 0.140923 0.0157945
v 43.6284 26.2184 5.4929
vn -0.19001 0.947908 0.255668
vt 0.115694 0.0157945
v 43.6289 26.2164 5.5088
vn -0.196747 0.980454 -2.42697e-005
vt 0.115686 0.0166858
v 43.6289 26.2164 5.5088
vn 0.196747 -0.980454 2.42697e-005
vt 0.115686 0.0166858
v 43.6284 26.2184 5.4929
vn 0.19001 -0.947908 -0.255668
vt 0.115694 0.0157945
v 44.0583 26.3648 5.4929
vn 0.428872 -0.866431 -0.255668
vt 0.140923 0.0157945
v 44.4313 26.6218 5.47808
vn -0.573682 0.652879 0.494609
vt 0.152837 0.0358459
v 44.0552 26.3701 5.47808
vn -0.385101 0.779123 0.494636
vt 0.127697 0.0358459
v 44.0583 26.3648 5.4929
vn -0.428872 0.866431 0.255668
vt 0.127674 0.0367369
v 44.0583 26.3648 5.4929
vn 0.428872 -0.866431 -0.255668
vt 0.127674 0.0367369
v 44.0552 26.3701 5.47808
vn 0.385101 -0.779123 -0.494636
vt 0.127697 0.0358459
v 44.4313 26.6218 5.47808
vn 0.573682 -0.652879 -0.494609
vt 0.152837 0.0358459
v 44.4282 26.6248 5.47245
vn -0.521807 0.59848 0.607897
vt 0.130144 0.0719719
v 44.4313 26.6218 5.47808
vn -0.573682 0.652879 0.494609
vt 0.130128 0.0723656
v 44.7257 26.9644 5.47245
vn -0.658979 0.442992 0.607868
vt 0.155221 0.0719719
v 44.7257 26.9644 5.47245
vn 0.658979 -0.442992 -0.607868
vt 0.155221 0.0719719
v 44.4313 26.6218 5.47808
vn 0.573682 -0.652879 -0.494609
vt 0.130128 0.0723656
v 44.4282 26.6248 5.47245
vn 0.521807 -0.59848 -0.607897
vt 0.130144 0.0719719
v 44.8075 26.9171 5.28346
vn -0.746085 0.493172 -0.447368
vt 0.156243 -0.0483607
v 44.4282 26.6248 5.47245
vn -0.589782 0.673471 -0.445638
vt 0.130144 -0.0366669
v 44.7257 26.9644 5.47245
vn -0.743993 0.497877 -0.445638
vt 0.155221 -0.0366669
v 44.7257 26.9644 5.47245
vn 0.743993 -0.497877 0.445638
vt 0.155221 -0.0366669
v 44.4282 26.6248 5.47245
vn 0.589782 -0.673471 0.445638
vt 0.130144 -0.0366669
v 44.8075 26.9171 5.28346
vn 0.746085 -0.493172 0.447368
vt 0.156243 -0.0483607
v 42.5195 29.4784 5.47808
vn 0.385106 -0.779135 0.494614
vt -0.115724 0.0697294
v 42.948 29.6241 5.47808
vn 0.170329 -0.852259 0.494614
vt -0.140864 0.0697294
v 42.5165 29.4837 5.4929
vn 0.428868 -0.866421 0.255709
vt -0.115657 0.0706182
v 42.5165 29.4837 5.4929
vn -0.428868 0.866421 -0.255709
vt -0.115657 0.0706182
v 42.948 29.6241 5.47808
vn -0.170329 0.852259 -0.494614
vt -0.140864 0.0697294
v 42.5195 29.4784 5.47808
vn -0.385106 0.779135 -0.494614
vt -0.115724 0.0697294
v 42.5217 29.4746 5.47245
vn 0.349146 -0.713186 0.607835
vt -0.115745 0.103653
v 42.9491 29.62 5.47245
vn 0.152663 -0.77925 0.607835
vt -0.140823 0.103653
v 42.5195 29.4784 5.47808
vn 0.385106 -0.779135 0.494614
vt -0.115698 0.104044
v 42.5195 29.4784 5.47808
vn -0.385106 0.779135 -0.494614
vt -0.115698 0.104044
v 42.9491 29.62 5.47245
vn -0.152663 0.77925 -0.607835
vt -0.140823 0.103653
v 42.5217 29.4746 5.47245
vn -0.349146 0.713186 -0.607835
vt -0.115745 0.103653
v 42.5217 29.4746 5.47245
vn 0.395378 -0.80317 -0.445638
vt -0.115745 -0.0603295
v 42.4745 29.5565 5.28346
vn 0.399543 -0.800142 -0.447368
vt -0.114723 -0.0720234
v 42.9491 29.62 5.47245
vn 0.174031 -0.878134 -0.445638
vt -0.140823 -0.0603295
v 42.9491 29.62 5.47245
vn -0.174031 0.878134 0.445638
vt -0.140823 -0.0603295
v 42.4745 29.5565 5.28346
vn -0.399543 0.800142 0.447368
vt -0.114723 -0.0720234
v 42.5217 29.4746 5.47245
vn -0.395378 0.80317 0.445638
vt -0.115745 -0.0603295
v 41.5673 28.0363 5.55226
vn 0.711606 -0.046669 -0.701027
vt -0.106743 0.0190913
v 41.58 28.0363 5.56203
vn 0.507732 -0.0339345 -0.860847
vt -0.106696 0.0199814
v 41.5969 27.5873 5.55226
vn 0.69942 0.139031 -0.701058
vt -0.0817435 0.0190913
v 41.5969 27.5873 5.55226
vn -0.69942 -0.139031 0.701058
vt -0.0817435 0.0190913
v 41.58 28.0363 5.56203
vn -0.507732 0.0339345 0.860847
vt -0.106696 0.0199814
v 41.5673 28.0363 5.55226
vn -0.711606 0.046669 0.701027
vt -0.106743 0.0190913
v 41.5969 27.5873 5.55226
vn 0.69942 0.139031 -0.701058
vt -0.075697 0.0355222
v 41.6092 27.5906 5.56203
vn 0.499256 0.098506 -0.860837
vt -0.0756505 0.0364123
v 41.7417 27.1613 5.55226
vn 0.639604 0.315317 -0.701058
vt -0.050698 0.0355222
v 41.7417 27.1613 5.55226
vn -0.639604 -0.315317 0.701058
vt -0.050698 0.0355222
v 41.6092 27.5906 5.56203
vn -0.499256 -0.098506 0.860837
vt -0.0756505 0.0364123
v 41.5969 27.5873 5.55226
vn -0.69942 -0.139031 0.701058
vt -0.075697 0.0355222
v 41.7417 27.1613 5.55226
vn 0.639604 0.315317 -0.701058
vt -0.0403447 0.0450237
v 41.7527 27.1676 5.56203
vn 0.456749 0.224366 -0.860837
vt -0.0402982 0.0459138
v 41.9918 26.7872 5.55226
vn 0.536171 0.470193 -0.701027
vt -0.0153457 0.0450237
v 41.9918 26.7872 5.55226
vn -0.536171 -0.470193 0.701027
vt -0.0153457 0.0450237
v 41.7527 27.1676 5.56203
vn -0.456749 -0.224366 0.860837
vt -0.0402982 0.0459138
v 41.7417 27.1613 5.55226
vn -0.639604 -0.315317 0.701058
vt -0.0403447 0.0450237
v 42.3254 26.4822 5.53953
vn 0.48222 0.723049 -0.494635
vt 0.0220099 0.0397554
v 41.9918 26.7872 5.55226
vn 0.536171 0.470193 -0.701027
vt -0.00309483 0.0406404
v 42.3303 26.4906 5.55226
vn 0.396294 0.592926 -0.700992
vt 0.0219042 0.0406404
v 42.3303 26.4906 5.55226
vn -0.396294 -0.592926 0.700992
vt 0.0219042 0.0406404
v 41.9918 26.7872 5.55226
vn -0.536171 -0.470193 0.701027
vt -0.00309483 0.0406404
v 42.3254 26.4822 5.53953
vn -0.48222 -0.723049 0.494635
vt 0.0220099 0.0397554
v 42.1376 29.2325 5.5088
vn 0.660629 -0.750712 1.19786e-005
vt -0.127646 0.0285211
v 42.5165 29.4837 5.4929
vn 0.428868 -0.866421 0.255709
vt -0.152897 0.0276298
v 42.5154 29.4855 5.5088
vn 0.443803 -0.896124 2.42697e-005
vt -0.152905 0.0285211
v 42.5154 29.4855 5.5088
vn -0.443803 0.896124 -2.42697e-005
vt -0.152905 0.0285211
v 42.5165 29.4837 5.4929
vn -0.428868 0.866421 -0.255709
vt -0.152897 0.0276298
v 42.1376 29.2325 5.5088
vn -0.660629 0.750712 -1.19786e-005
vt -0.127646 0.0285211
v 42.1376 29.2325 5.5088
vn 0.660629 -0.750712 1.19786e-005
vt -0.127646 -0.00342638
v 42.5154 29.4855 5.5088
vn 0.443803 -0.896124 2.42697e-005
vt -0.152905 -0.00342638
v 42.1391 29.231 5.52471
vn 0.638556 -0.725858 -0.25569
vt -0.127668 -0.00253538
v 42.1391 29.231 5.52471
vn -0.638556 0.725858 0.25569
vt -0.127668 -0.00253538
v 42.5154 29.4855 5.5088
vn -0.443803 0.896124 -2.42697e-005
vt -0.152905 -0.00342638
v 42.1376 29.2325 5.5088
vn -0.660629 0.750712 -1.19786e-005
vt -0.127646 -0.00342638
v 42.1391 29.231 5.52471
vn 0.638556 -0.725858 -0.25569
vt -0.127659 -0.0341039
v 42.5165 29.4837 5.52471
vn 0.428872 -0.866431 -0.255668
vt -0.152888 -0.0341039
v 42.1435 29.2267 5.53953
vn 0.573663 -0.652914 -0.494585
vt -0.127725 -0.0332151
v 42.1435 29.2267 5.53953
vn -0.573663 0.652914 0.494585
vt -0.127725 -0.0332151
v 42.5165 29.4837 5.52471
vn -0.428872 0.866431 0.255668
vt -0.152888 -0.0341039
v 42.1391 29.231 5.52471
vn -0.638556 0.725858 0.25569
vt -0.127659 -0.0341039
v 41.6549 28.4777 5.55226
vn 0.675298 -0.229419 -0.700956
vt -0.131366 0.00246031
v 41.5673 28.0363 5.55226
vn 0.711606 -0.046669 -0.701027
vt -0.106366 0.00246031
v 41.6455 28.4802 5.53953
vn 0.823221 -0.278721 -0.494593
vt -0.131401 0.00156974
v 41.6455 28.4802 5.53953
vn -0.823221 0.278721 0.494593
vt -0.131401 0.00156974
v 41.5673 28.0363 5.55226
vn -0.711606 0.046669 0.701027
vt -0.106366 0.00246031
v 41.6549 28.4777 5.55226
vn -0.675298 0.229419 0.700956
vt -0.131366 0.00246031
v 41.6549 28.4777 5.55226
vn 0.675298 -0.229419 -0.700956
vt -0.122889 -0.0174924
v 41.6455 28.4802 5.53953
vn 0.823221 -0.278721 -0.494593
vt -0.122783 -0.0183774
v 41.8538 28.8813 5.55226
vn 0.592995 -0.396246 -0.700961
vt -0.147888 -0.0174924
v 41.8538 28.8813 5.55226
vn -0.592995 0.396246 0.700961
vt -0.147888 -0.0174924
v 41.6455 28.4802 5.53953
vn -0.823221 0.278721 0.494593
vt -0.122783 -0.0183774
v 41.6549 28.4777 5.55226
vn -0.675298 0.229419 0.700956
vt -0.122889 -0.0174924
v 41.8538 28.8813 5.55226
vn 0.592995 -0.396246 -0.700961
vt -0.130216 -0.0394811
v 41.8453 28.8862 5.53953
vn 0.723102 -0.482179 -0.494597
vt -0.130111 -0.0403662
v 42.1435 29.2267 5.53953
vn 0.573663 -0.652914 -0.494585
vt -0.155251 -0.0403662
v 42.1435 29.2267 5.53953
vn -0.573663 0.652914 0.494585
vt -0.155251 -0.0403662
v 41.8453 28.8862 5.53953
vn -0.723102 0.482179 0.494597
vt -0.130111 -0.0403662
v 41.8538 28.8813 5.55226
vn -0.592995 0.396246 0.700961
vt -0.130216 -0.0394811
v 42.7298 26.2764 5.52471
vn 0.309397 0.915908 -0.255709
vt 0.0586998 0.027307
v 42.3254 26.4822 5.53953
vn 0.48222 0.723049 -0.494635
vt 0.0334931 0.0281958
v 42.7314 26.2823 5.53953
vn 0.27865 0.82322 -0.494635
vt 0.0586335 0.0281958
v 42.7314 26.2823 5.53953
vn -0.27865 -0.82322 0.494635
vt 0.0586335 0.0281958
v 42.3254 26.4822 5.53953
vn -0.48222 -0.723049 0.494635
vt 0.0334931 0.0281958
v 42.7298 26.2764 5.52471
vn -0.309397 -0.915908 0.255709
vt 0.0586998 0.027307
v 43.1753 26.1861 5.5088
vn 0.0637173 0.997968 -2.42697e-005
vt 0.0921948 0.0153472
v 42.7298 26.2764 5.52471
vn 0.309397 0.915908 -0.255709
vt 0.066943 0.0162382
v 43.1753 26.1882 5.52471
vn 0.0617997 0.964777 -0.255709
vt 0.0921722 0.0162382
v 43.1753 26.1882 5.52471
vn -0.0617997 -0.964777 0.255709
vt 0.0921722 0.0162382
v 42.7298 26.2764 5.52471
vn -0.309397 -0.915908 0.255709
vt 0.066943 0.0162382
v 43.1753 26.1861 5.5088
vn -0.0637173 -0.997968 2.42697e-005
vt 0.0921948 0.0153472
v 43.6284 26.2184 5.4929
vn -0.19001 0.947908 0.255668
vt 0.120214 0.0117504
v 43.1753 26.1861 5.5088
vn 0.0637173 0.997968 -2.42697e-005
vt 0.0949768 0.0126414
v 43.6289 26.2164 5.5088
vn -0.196747 0.980454 -2.42697e-005
vt 0.120236 0.0126414
v 43.6289 26.2164 5.5088
vn 0.196747 -0.980454 2.42697e-005
vt 0.120236 0.0126414
v 43.1753 26.1861 5.5088
vn -0.0637173 -0.997968 2.42697e-005
vt 0.0949768 0.0126414
v 43.6284 26.2184 5.4929
vn 0.19001 -0.947908 -0.255668
vt 0.120214 0.0117504
v 44.0552 26.3701 5.47808
vn -0.385101 0.779123 0.494636
vt 0.140857 0.0221987
v 43.6284 26.2184 5.4929
vn -0.19001 0.947908 0.255668
vt 0.115694 0.0230875
v 44.0583 26.3648 5.4929
vn -0.428872 0.866431 0.255668
vt 0.140923 0.0230875
v 44.0583 26.3648 5.4929
vn 0.428872 -0.866431 -0.255668
vt 0.140923 0.0230875
v 43.6284 26.2184 5.4929
vn 0.19001 -0.947908 -0.255668
vt 0.115694 0.0230875
v 44.0552 26.3701 5.47808
vn 0.385101 -0.779123 -0.494636
vt 0.140857 0.0221987
v 44.4282 26.6248 5.47245
vn -0.521807 0.59848 0.607897
vt 0.15279 0.0489518
v 44.0552 26.3701 5.47808
vn -0.385101 0.779123 0.494636
vt 0.127697 0.0493431
v 44.4313 26.6218 5.47808
vn -0.573682 0.652879 0.494609
vt 0.152837 0.0493431
v 44.4313 26.6218 5.47808
vn 0.573682 -0.652879 -0.494609
vt 0.152837 0.0493431
v 44.0552 26.3701 5.47808
vn 0.385101 -0.779123 -0.494636
vt 0.127697 0.0493431
v 44.4282 26.6248 5.47245
vn 0.521807 -0.59848 -0.607897
vt 0.15279 0.0489518
v 44.4951 26.558 5.28346
vn -0.593021 0.669469 -0.447368
vt 0.129427 -0.0492551
v 44.4282 26.6248 5.47245
vn -0.589782 0.673471 -0.445638
vt 0.129791 -0.0375223
v 44.8075 26.9171 5.28346
vn -0.746085 0.493172 -0.447368
vt 0.155873 -0.0492551
v 44.8075 26.9171 5.28346
vn 0.746085 -0.493172 0.447368
vt 0.155873 -0.0492551
v 44.4282 26.6248 5.47245
vn 0.589782 -0.673471 0.445638
vt 0.129791 -0.0375223
v 44.4951 26.558 5.28346
vn 0.593021 -0.669469 0.447368
vt 0.129427 -0.0492551
v 42.1391 29.231 5.4929
vn 0.638501 -0.725899 0.255709
vt -0.127659 0.0579557
v 42.5195 29.4784 5.47808
vn 0.385106 -0.779135 0.494614
vt -0.152865 0.0570647
v 42.5165 29.4837 5.4929
vn 0.428868 -0.866421 0.255709
vt -0.152888 0.0579557
v 42.5165 29.4837 5.4929
vn -0.428868 0.866421 -0.255709
vt -0.152888 0.0579557
v 42.5195 29.4784 5.47808
vn -0.385106 0.779135 -0.494614
vt -0.152865 0.0570647
v 42.1391 29.231 5.4929
vn -0.638501 0.725899 -0.255709
vt -0.127659 0.0579557
v 42.1435 29.2267 5.47808
vn 0.573623 -0.652941 0.494595
vt -0.127697 0.0835253
v 42.5217 29.4746 5.47245
vn 0.349146 -0.713186 0.607835
vt -0.152821 0.0831316
v 42.5195 29.4784 5.47808
vn 0.385106 -0.779135 0.494614
vt -0.152837 0.0835253
v 42.5195 29.4784 5.47808
vn -0.385106 0.779135 -0.494614
vt -0.152837 0.0835253
v 42.5217 29.4746 5.47245
vn -0.349146 0.713186 -0.607835
vt -0.152821 0.0831316
v 42.1435 29.2267 5.47808
vn -0.573623 0.652941 -0.494595
vt -0.127697 0.0835253
v 42.0797 29.2904 5.28346
vn 0.593021 -0.669469 -0.447368
vt -0.127132 -0.0570358
v 42.4745 29.5565 5.28346
vn 0.399543 -0.800142 -0.447368
vt -0.153578 -0.0570358
v 42.5217 29.4746 5.47245
vn 0.395378 -0.80317 -0.445638
vt -0.153214 -0.0453031
v 42.5217 29.4746 5.47245
vn -0.395378 0.80317 0.445638
vt -0.153214 -0.0453031
v 42.4745 29.5565 5.28346
vn -0.399543 0.800142 0.447368
vt -0.153578 -0.0570358
v 42.0797 29.2904 5.28346
vn -0.593021 0.669469 0.447368
vt -0.127132 -0.0570358
v 41.5673 28.0363 5.55226
vn 0.711606 -0.046669 -0.701027
vt -0.106743 0.0195166
v 41.5969 27.5873 5.55226
vn 0.69942 0.139031 -0.701058
vt -0.0817435 0.0195166
v 41.5575 28.0363 5.53953
vn 0.867315 -0.0561502 -0.494583
vt -0.106778 0.018626
v 41.5575 28.0363 5.53953
vn -0.867315 0.0561502 0.494583
vt -0.106778 0.018626
v 41.5969 27.5873 5.55226
vn -0.69942 -0.139031 0.701058
vt -0.0817435 0.0195166
v 41.5673 28.0363 5.55226
vn -0.711606 0.046669 0.701027
vt -0.106743 0.0195166
v 41.7417 27.1613 5.55226
vn 0.639604 0.315317 -0.701058
vt -0.050698 0.0321175
v 41.5875 27.5848 5.53953
vn 0.852267 0.170293 -0.494613
vt -0.0757327 0.0312269
v 41.5969 27.5873 5.55226
vn 0.69942 0.139031 -0.701058
vt -0.075697 0.0321175
v 41.5969 27.5873 5.55226
vn -0.69942 -0.139031 0.701058
vt -0.075697 0.0321175
v 41.5875 27.5848 5.53953
vn -0.852267 -0.170293 0.494613
vt -0.0757327 0.0312269
v 41.7417 27.1613 5.55226
vn -0.639604 -0.315317 0.701058
vt -0.050698 0.0321175
v 41.9918 26.7872 5.55226
vn 0.536171 0.470193 -0.701027
vt -0.0153457 0.0394041
v 41.7332 27.1564 5.53953
vn 0.779151 0.385073 -0.494613
vt -0.0403804 0.0385136
v 41.7417 27.1613 5.55226
vn 0.639604 0.315317 -0.701058
vt -0.0403447 0.0394041
v 41.7417 27.1613 5.55226
vn -0.639604 -0.315317 0.701058
vt -0.0403447 0.0394041
v 41.7332 27.1564 5.53953
vn -0.779151 -0.385073 0.494613
vt -0.0403804 0.0385136
v 41.9918 26.7872 5.55226
vn -0.536171 -0.470193 0.701027
vt -0.0153457 0.0394041
v 41.9849 26.7803 5.53953
vn 0.652851 0.573698 -0.494627
vt -0.00311322 0.0399898
v 41.9918 26.7872 5.55226
vn 0.536171 0.470193 -0.701027
vt -0.00307733 0.0408804
v 42.3254 26.4822 5.53953
vn 0.48222 0.723049 -0.494635
vt 0.0220272 0.0399898
v 42.3254 26.4822 5.53953
vn -0.48222 -0.723049 0.494635
vt 0.0220272 0.0399898
v 41.9918 26.7872 5.55226
vn -0.536171 -0.470193 0.701027
vt -0.00307733 0.0408804
v 41.9849 26.7803 5.53953
vn -0.652851 -0.573698 0.494627
vt -0.00311322 0.0399898
v 42.1391 29.231 5.4929
vn 0.638501 -0.725899 0.255709
vt -0.127659 0.0273678
v 42.5165 29.4837 5.4929
vn 0.428868 -0.866421 0.255709
vt -0.152888 0.0273678
v 42.1376 29.2325 5.5088
vn 0.660629 -0.750712 1.19786e-005
vt -0.127636 0.0282588
v 42.1376 29.2325 5.5088
vn -0.660629 0.750712 -1.19786e-005
vt -0.127636 0.0282588
v 42.5165 29.4837 5.4929
vn -0.428868 0.866421 -0.255709
vt -0.152888 0.0273678
v 42.1391 29.231 5.4929
vn -0.638501 0.725899 -0.255709
vt -0.127659 0.0273678
v 42.1391 29.231 5.52471
vn 0.638556 -0.725858 -0.25569
vt -0.1553 0.00204631
v 41.8382 28.8903 5.5088
vn 0.832407 -0.554165 9.39383e-013
vt -0.130048 0.00115505
v 42.1376 29.2325 5.5088
vn 0.660629 -0.750712 1.19786e-005
vt -0.155308 0.00115505
v 42.1376 29.2325 5.5088
vn -0.660629 0.750712 -1.19786e-005
vt -0.155308 0.00115505
v 41.8382 28.8903 5.5088
vn -0.832407 0.554165 -9.39383e-013
vt -0.130048 0.00115505
v 42.1391 29.231 5.52471
vn -0.638556 0.725858 0.25569
vt -0.1553 0.00204631
v 42.1435 29.2267 5.53953
vn 0.573663 -0.652914 -0.494585
vt -0.155271 -0.0196968
v 41.84 28.8893 5.52471
vn 0.804621 -0.535908 -0.255709
vt -0.130064 -0.0205878
v 42.1391 29.231 5.52471
vn 0.638556 -0.725858 -0.25569
vt -0.155293 -0.0205878
v 42.1391 29.231 5.52471
vn -0.638556 0.725858 0.25569
vt -0.155293 -0.0205878
v 41.84 28.8893 5.52471
vn -0.804621 0.535908 0.255709
vt -0.130064 -0.0205878
v 42.1435 29.2267 5.53953
vn -0.573663 0.652914 0.494585
vt -0.155271 -0.0196968
v 41.8453 28.8862 5.53953
vn 0.723102 -0.482179 -0.494597
vt -0.130111 -0.0192019
v 41.84 28.8893 5.52471
vn 0.804621 -0.535908 -0.255709
vt -0.130044 -0.0200907
v 42.1435 29.2267 5.53953
vn 0.573663 -0.652914 -0.494585
vt -0.155251 -0.0192019
v 42.1435 29.2267 5.53953
vn -0.573663 0.652914 0.494585
vt -0.155251 -0.0192019
v 41.84 28.8893 5.52471
vn -0.804621 0.535908 0.255709
vt -0.130044 -0.0200907
v 41.8453 28.8862 5.53953
vn -0.723102 0.482179 0.494597
vt -0.130111 -0.0192019
v 41.5673 28.0363 5.55226
vn 0.711606 -0.046669 -0.701027
vt -0.106372 0.00265938
v 41.5575 28.0363 5.53953
vn 0.867315 -0.0561502 -0.494583
vt -0.106267 0.00177435
v 41.6455 28.4802 5.53953
vn 0.823221 -0.278721 -0.494593
vt -0.131407 0.00177435
v 41.6455 28.4802 5.53953
vn -0.823221 0.278721 0.494593
vt -0.131407 0.00177435
v 41.5575 28.0363 5.53953
vn -0.867315 0.0561502 0.494583
vt -0.106267 0.00177435
v 41.5673 28.0363 5.55226
vn -0.711606 0.046669 0.701027
vt -0.106372 0.00265938
v 41.8538 28.8813 5.55226
vn 0.592995 -0.396246 -0.700961
vt -0.147906 -0.0178556
v 41.6455 28.4802 5.53953
vn 0.823221 -0.278721 -0.494593
vt -0.122801 -0.0187462
v 41.8453 28.8862 5.53953
vn 0.723102 -0.482179 -0.494597
vt -0.147942 -0.0187462
v 41.8453 28.8862 5.53953
vn -0.723102 0.482179 0.494597
vt -0.147942 -0.0187462
v 41.6455 28.4802 5.53953
vn -0.823221 0.278721 0.494593
vt -0.122801 -0.0187462
v 41.8538 28.8813 5.55226
vn -0.592995 0.396246 0.700961
vt -0.147906 -0.0178556
v 42.7298 26.2764 5.52471
vn 0.309397 0.915908 -0.255709
vt 0.0587088 0.0274905
v 42.3223 26.4769 5.52471
vn 0.535908 0.804621 -0.255709
vt 0.0334796 0.0274905
v 42.3254 26.4822 5.53953
vn 0.48222 0.723049 -0.494635
vt 0.0335022 0.0283815
v 42.3254 26.4822 5.53953
vn -0.48222 -0.723049 0.494635
vt 0.0335022 0.0283815
v 42.3223 26.4769 5.52471
vn -0.535908 -0.804621 0.255709
vt 0.0334796 0.0274905
v 42.7298 26.2764 5.52471
vn -0.309397 -0.915908 0.255709
vt 0.0587088 0.0274905
v 43.1753 26.1861 5.5088
vn 0.0637173 0.997968 -2.42697e-005
vt 0.0921966 0.0153921
v 42.7293 26.2744 5.5088
vn 0.319839 0.947472 -2.42697e-005
vt 0.066937 0.0153921
v 42.7298 26.2764 5.52471
vn 0.309397 0.915908 -0.255709
vt 0.0669447 0.0162834
v 42.7298 26.2764 5.52471
vn -0.309397 -0.915908 0.255709
vt 0.0669447 0.0162834
v 42.7293 26.2744 5.5088
vn -0.319839 -0.947472 2.42697e-005
vt 0.066937 0.0153921
v 43.1753 26.1861 5.5088
vn -0.0637173 -0.997968 2.42697e-005
vt 0.0921966 0.0153921
v 43.6284 26.2184 5.4929
vn -0.19001 0.947908 0.255668
vt 0.120214 0.0117494
v 43.1753 26.1882 5.4929
vn 0.0618017 0.964787 0.255668
vt 0.0949847 0.0117494
v 43.1753 26.1861 5.5088
vn 0.0637173 0.997968 -2.42697e-005
vt 0.0949769 0.0126407
v 43.1753 26.1861 5.5088
vn -0.0637173 -0.997968 2.42697e-005
vt 0.0949769 0.0126407
v 43.1753 26.1882 5.4929
vn -0.0618017 -0.964787 -0.255668
vt 0.0949847 0.0117494
v 43.6284 26.2184 5.4929
vn 0.19001 -0.947908 -0.255668
vt 0.120214 0.0117494
v 44.0552 26.3701 5.47808
vn -0.385101 0.779123 0.494636
vt 0.140864 0.0223408
v 43.6268 26.2243 5.47808
vn -0.170327 0.852246 0.494636
vt 0.115724 0.0223408
v 43.6284 26.2184 5.4929
vn -0.19001 0.947908 0.255668
vt 0.115701 0.0232318
v 43.6284 26.2184 5.4929
vn 0.19001 -0.947908 -0.255668
vt 0.115701 0.0232318
v 43.6268 26.2243 5.47808
vn 0.170327 -0.852246 -0.494636
vt 0.115724 0.0223408
v 44.0552 26.3701 5.47808
vn 0.385101 -0.779123 -0.494636
vt 0.140864 0.0223408
v 44.4282 26.6248 5.47245
vn -0.521807 0.59848 0.607897
vt 0.152801 0.0493264
v 44.0531 26.3738 5.47245
vn -0.349129 0.713141 0.607897
vt 0.127723 0.0493264
v 44.0552 26.3701 5.47808
vn -0.385101 0.779123 0.494636
vt 0.127708 0.0497201
v 44.0552 26.3701 5.47808
vn 0.385101 -0.779123 -0.494636
vt 0.127708 0.0497201
v 44.0531 26.3738 5.47245
vn 0.349129 -0.713141 -0.607897
vt 0.127723 0.0493264
v 44.4282 26.6248 5.47245
vn 0.521807 -0.59848 -0.607897
vt 0.152801 0.0493264
v 44.4951 26.558 5.28346
vn -0.593021 0.669469 -0.447368
vt 0.153823 -0.0319579
v 44.0531 26.3738 5.47245
vn -0.395378 0.80317 -0.445638
vt 0.127723 -0.020264
v 44.4282 26.6248 5.47245
vn -0.589782 0.673471 -0.445638
vt 0.152801 -0.020264
v 44.4282 26.6248 5.47245
vn 0.589782 -0.673471 0.445638
vt 0.152801 -0.020264
v 44.0531 26.3738 5.47245
vn 0.395378 -0.80317 0.445638
vt 0.127723 -0.020264
v 44.4951 26.558 5.28346
vn 0.593021 -0.669469 0.447368
vt 0.153823 -0.0319579
v 42.1435 29.2267 5.47808
vn 0.573623 -0.652941 0.494595
vt -0.127697 0.0564202
v 42.5195 29.4784 5.47808
vn 0.385106 -0.779135 0.494614
vt -0.152837 0.0564202
v 42.1391 29.231 5.4929
vn 0.638501 -0.725899 0.255709
vt -0.12763 0.057309
v 42.1391 29.231 5.4929
vn -0.638501 0.725899 -0.255709
vt -0.12763 0.057309
v 42.5195 29.4784 5.47808
vn -0.385106 0.779135 -0.494614
vt -0.152837 0.0564202
v 42.1435 29.2267 5.47808
vn -0.573623 0.652941 -0.494595
vt -0.127697 0.0564202
v 42.1465 29.2236 5.47245
vn 0.521772 -0.598545 0.607864
vt -0.127723 0.0823919
v 42.5217 29.4746 5.47245
vn 0.349146 -0.713186 0.607835
vt -0.152801 0.0823919
v 42.1435 29.2267 5.47808
vn 0.573623 -0.652941 0.494595
vt -0.127677 0.0827831
v 42.1435 29.2267 5.47808
vn -0.573623 0.652941 -0.494595
vt -0.127677 0.0827831
v 42.5217 29.4746 5.47245
vn -0.349146 0.713186 -0.607835
vt -0.152801 0.0823919
v 42.1465 29.2236 5.47245
vn -0.521772 0.598545 -0.607864
vt -0.127723 0.0823919
v 42.1465 29.2236 5.47245
vn 0.589782 -0.673471 -0.445638
vt -0.127723 -0.0447614
v 42.0797 29.2904 5.28346
vn 0.593021 -0.669469 -0.447368
vt -0.126702 -0.0564553
v 42.5217 29.4746 5.47245
vn 0.395378 -0.80317 -0.445638
vt -0.152801 -0.0447614
v 42.5217 29.4746 5.47245
vn -0.395378 0.80317 0.445638
vt -0.152801 -0.0447614
v 42.0797 29.2904 5.28346
vn -0.593021 0.669469 0.447368
vt -0.126702 -0.0564553
v 42.1465 29.2236 5.47245
vn -0.589782 0.673471 0.445638
vt -0.127723 -0.0447614
v 42.3223 26.4769 5.52471
vn 0.535908 0.804621 -0.255709
vt 0.0220935 0.0300585
v 41.9849 26.7803 5.53953
vn 0.652851 0.573698 -0.494627
vt -0.00311322 0.0309473
v 42.3254 26.4822 5.53953
vn 0.48222 0.723049 -0.494635
vt 0.0220272 0.0309473
v 42.3254 26.4822 5.53953
vn -0.48222 -0.723049 0.494635
vt 0.0220272 0.0309473
v 41.9849 26.7803 5.53953
vn -0.652851 -0.573698 0.494627
vt -0.00311322 0.0309473
v 42.3223 26.4769 5.52471
vn -0.535908 -0.804621 0.255709
vt 0.0220935 0.0300585
v 41.5969 27.5873 5.55226
vn 0.69942 0.139031 -0.701058
vt -0.0817389 0.0195264
v 41.5875 27.5848 5.53953
vn 0.852267 0.170293 -0.494613
vt -0.0816334 0.0186413
v 41.5575 28.0363 5.53953
vn 0.867315 -0.0561502 -0.494583
vt -0.106774 0.0186413
v 41.5575 28.0363 5.53953
vn -0.867315 0.0561502 0.494583
vt -0.106774 0.0186413
v 41.5875 27.5848 5.53953
vn -0.852267 -0.170293 0.494613
vt -0.0816334 0.0186413
v 41.5969 27.5873 5.55226
vn -0.69942 -0.139031 0.701058
vt -0.0817389 0.0195264
v 41.7417 27.1613 5.55226
vn 0.639604 0.315317 -0.701058
vt -0.0506858 0.0319845
v 41.7332 27.1564 5.53953
vn 0.779151 0.385073 -0.494613
vt -0.0505803 0.0310995
v 41.5875 27.5848 5.53953
vn 0.852267 0.170293 -0.494613
vt -0.0757207 0.0310995
v 41.5875 27.5848 5.53953
vn -0.852267 -0.170293 0.494613
vt -0.0757207 0.0310995
v 41.7332 27.1564 5.53953
vn -0.779151 -0.385073 0.494613
vt -0.0505803 0.0310995
v 41.7417 27.1613 5.55226
vn -0.639604 -0.315317 0.701058
vt -0.0506858 0.0319845
v 41.9918 26.7872 5.55226
vn 0.536171 0.470193 -0.701027
vt -0.0153291 0.0391848
v 41.9849 26.7803 5.53953
vn 0.652851 0.573698 -0.494627
vt -0.0152236 0.0382998
v 41.7332 27.1564 5.53953
vn 0.779151 0.385073 -0.494613
vt -0.040364 0.0382998
v 41.7332 27.1564 5.53953
vn -0.779151 -0.385073 0.494613
vt -0.040364 0.0382998
v 41.9849 26.7803 5.53953
vn -0.652851 -0.573698 0.494627
vt -0.0152236 0.0382998
v 41.9918 26.7872 5.55226
vn -0.536171 -0.470193 0.701027
vt -0.0153291 0.0391848
v 41.8382 28.8903 5.5088
vn 0.832407 -0.554165 9.39383e-013
vt -0.130048 0.0236693
v 42.1391 29.231 5.4929
vn 0.638501 -0.725899 0.255709
vt -0.1553 0.0227781
v 42.1376 29.2325 5.5088
vn 0.660629 -0.750712 1.19786e-005
vt -0.155308 0.0236693
v 42.1376 29.2325 5.5088
vn -0.660629 0.750712 -1.19786e-005
vt -0.155308 0.0236693
v 42.1391 29.231 5.4929
vn -0.638501 0.725899 -0.255709
vt -0.1553 0.0227781
v 41.8382 28.8903 5.5088
vn -0.832407 0.554165 -9.39383e-013
vt -0.130048 0.0236693
v 41.84 28.8893 5.52471
vn 0.804621 -0.535908 -0.255709
vt -0.130064 0.00223489
v 41.8382 28.8903 5.5088
vn 0.832407 -0.554165 9.39383e-013
vt -0.130042 0.00134388
v 42.1391 29.231 5.52471
vn 0.638556 -0.725858 -0.25569
vt -0.155293 0.00223489
v 42.1391 29.231 5.52471
vn -0.638556 0.725858 0.25569
vt -0.155293 0.00223489
v 41.8382 28.8903 5.5088
vn -0.832407 0.554165 -9.39383e-013
vt -0.130042 0.00134388
v 41.84 28.8893 5.52471
vn -0.804621 0.535908 0.255709
vt -0.130064 0.00223489
v 41.8453 28.8862 5.53953
vn 0.723102 -0.482179 -0.494597
vt -0.147953 -0.00571519
v 41.6396 28.4818 5.52471
vn 0.915899 -0.309414 -0.25572
vt -0.122746 -0.00660619
v 41.84 28.8893 5.52471
vn 0.804621 -0.535908 -0.255709
vt -0.147976 -0.00660619
v 41.84 28.8893 5.52471
vn -0.804621 0.535908 0.255709
vt -0.147976 -0.00660619
v 41.6396 28.4818 5.52471
vn -0.915899 0.309414 0.25572
vt -0.122746 -0.00660619
v 41.8453 28.8862 5.53953
vn -0.723102 0.482179 0.494597
vt -0.147953 -0.00571519
v 41.5575 28.0363 5.53953
vn 0.867315 -0.0561502 -0.494583
vt -0.106267 0.0071757
v 41.5514 28.0363 5.52471
vn 0.964776 -0.0618496 -0.255699
vt -0.1062 0.00628687
v 41.6455 28.4802 5.53953
vn 0.823221 -0.278721 -0.494593
vt -0.131407 0.0071757
v 41.6455 28.4802 5.53953
vn -0.823221 0.278721 0.494593
vt -0.131407 0.0071757
v 41.5514 28.0363 5.52471
vn -0.964776 0.0618496 0.255699
vt -0.1062 0.00628687
v 41.5575 28.0363 5.53953
vn -0.867315 0.0561502 0.494583
vt -0.106267 0.0071757
v 41.6455 28.4802 5.53953
vn 0.823221 -0.278721 -0.494593
vt -0.122801 -0.00542228
v 41.6396 28.4818 5.52471
vn 0.915899 -0.309414 -0.25572
vt -0.122735 -0.0063111
v 41.8453 28.8862 5.53953
vn 0.723102 -0.482179 -0.494597
vt -0.147942 -0.00542228
v 41.8453 28.8862 5.53953
vn -0.723102 0.482179 0.494597
vt -0.147942 -0.00542228
v 41.6396 28.4818 5.52471
vn -0.915899 0.309414 0.25572
vt -0.122735 -0.0063111
v 41.6455 28.4802 5.53953
vn -0.823221 0.278721 0.494593
vt -0.122801 -0.00542228
v 42.7293 26.2744 5.5088
vn 0.319839 0.947472 -2.42697e-005
vt 0.0587314 0.017466
v 42.3223 26.4769 5.52471
vn 0.535908 0.804621 -0.255709
vt 0.0334796 0.018357
v 42.7298 26.2764 5.52471
vn 0.309397 0.915908 -0.255709
vt 0.0587088 0.018357
v 42.7298 26.2764 5.52471
vn -0.309397 -0.915908 0.255709
vt 0.0587088 0.018357
v 42.3223 26.4769 5.52471
vn -0.535908 -0.804621 0.255709
vt 0.0334796 0.018357
v 42.7293 26.2744 5.5088
vn -0.319839 -0.947472 2.42697e-005
vt 0.0587314 0.017466
v 43.1753 26.1882 5.4929
vn 0.0618017 0.964787 0.255668
vt 0.092174 0.00859411
v 42.7293 26.2744 5.5088
vn 0.319839 0.947472 -2.42697e-005
vt 0.066937 0.00948511
v 43.1753 26.1861 5.5088
vn 0.0637173 0.997968 -2.42697e-005
vt 0.0921966 0.00948511
v 43.1753 26.1861 5.5088
vn -0.0637173 -0.997968 2.42697e-005
vt 0.0921966 0.00948511
v 42.7293 26.2744 5.5088
vn -0.319839 -0.947472 2.42697e-005
vt 0.066937 0.00948511
v 43.1753 26.1882 5.4929
vn -0.0618017 -0.964787 -0.255668
vt 0.092174 0.00859411
v 43.6268 26.2243 5.47808
vn -0.170327 0.852246 0.494636
vt 0.120148 0.0105072
v 43.1753 26.1882 5.4929
vn 0.0618017 0.964787 0.255668
vt 0.0949847 0.0113961
v 43.6284 26.2184 5.4929
vn -0.19001 0.947908 0.255668
vt 0.120214 0.0113961
v 43.6284 26.2184 5.4929
vn 0.19001 -0.947908 -0.255668
vt 0.120214 0.0113961
v 43.1753 26.1882 5.4929
vn -0.0618017 -0.964787 -0.255668
vt 0.0949847 0.0113961
v 43.6268 26.2243 5.47808
vn 0.170327 -0.852246 -0.494636
vt 0.120148 0.0105072
v 44.0531 26.3738 5.47245
vn -0.349129 0.713141 0.607897
vt 0.140817 0.0276892
v 43.6268 26.2243 5.47808
vn -0.170327 0.852246 0.494636
vt 0.115724 0.0280804
v 44.0552 26.3701 5.47808
vn -0.385101 0.779123 0.494636
vt 0.140864 0.0280804
v 44.0552 26.3701 5.47808
vn 0.385101 -0.779123 -0.494636
vt 0.140864 0.0280804
v 43.6268 26.2243 5.47808
vn 0.170327 -0.852246 -0.494636
vt 0.115724 0.0280804
v 44.0531 26.3738 5.47245
vn 0.349129 -0.713141 -0.607897
vt 0.140817 0.0276892
v 44.4951 26.558 5.28346
vn -0.593021 0.669469 -0.447368
vt 0.153578 -0.0326247
v 44.1003 26.292 5.28346
vn -0.399543 0.800142 -0.447368
vt 0.127132 -0.0326247
v 44.0531 26.3738 5.47245
vn -0.395378 0.80317 -0.445638
vt 0.127496 -0.020892
v 44.0531 26.3738 5.47245
vn 0.395378 -0.80317 0.445638
vt 0.127496 -0.020892
v 44.1003 26.292 5.28346
vn 0.399543 -0.800142 0.447368
vt 0.127132 -0.0326247
v 44.4951 26.558 5.28346
vn 0.593021 -0.669469 0.447368
vt 0.153578 -0.0326247
v 41.84 28.8893 5.4929
vn 0.804621 -0.535908 0.255709
vt -0.130064 0.043727
v 42.1435 29.2267 5.47808
vn 0.573623 -0.652941 0.494595
vt -0.155271 0.042836
v 42.1391 29.231 5.4929
vn 0.638501 -0.725899 0.255709
vt -0.155293 0.043727
v 42.1391 29.231 5.4929
vn -0.638501 0.725899 -0.255709
vt -0.155293 0.043727
v 42.1435 29.2267 5.47808
vn -0.573623 0.652941 -0.494595
vt -0.155271 0.042836
v 41.84 28.8893 5.4929
vn -0.804621 0.535908 -0.255709
vt -0.130064 0.043727
v 42.1435 29.2267 5.47808
vn 0.573623 -0.652941 0.494595
vt -0.155237 0.0608953
v 41.8491 28.8841 5.47245
vn 0.658979 -0.442992 0.607868
vt -0.130144 0.0605016
v 42.1465 29.2236 5.47245
vn 0.521772 -0.598545 0.607864
vt -0.155221 0.0605016
v 42.1465 29.2236 5.47245
vn -0.521772 0.598545 -0.607864
vt -0.155221 0.0605016
v 41.8491 28.8841 5.47245
vn -0.658979 0.442992 -0.607868
vt -0.130144 0.0605016
v 42.1435 29.2267 5.47808
vn -0.573623 0.652941 -0.494595
vt -0.155237 0.0608953
v 42.1465 29.2236 5.47245
vn 0.589782 -0.673471 -0.445638
vt -0.155509 -0.0286727
v 41.7673 28.9313 5.28346
vn 0.746085 -0.493172 -0.447368
vt -0.129427 -0.0404055
v 42.0797 29.2904 5.28346
vn 0.593021 -0.669469 -0.447368
vt -0.155873 -0.0404055
v 42.0797 29.2904 5.28346
vn -0.593021 0.669469 0.447368
vt -0.155873 -0.0404055
v 41.7673 28.9313 5.28346
vn -0.746085 0.493172 0.447368
vt -0.129427 -0.0404055
v 42.1465 29.2236 5.47245
vn -0.589782 0.673471 0.445638
vt -0.155509 -0.0286727
v 42.3223 26.4769 5.52471
vn 0.535908 0.804621 -0.255709
vt 0.0221041 0.0302856
v 41.9806 26.776 5.52471
vn 0.725858 0.638556 -0.25569
vt -0.00312508 0.0302856
v 41.9849 26.7803 5.53953
vn 0.652851 0.573698 -0.494627
vt -0.00310244 0.0311766
v 41.9849 26.7803 5.53953
vn -0.652851 -0.573698 0.494627
vt -0.00310244 0.0311766
v 41.9806 26.776 5.52471
vn -0.725858 -0.638556 0.25569
vt -0.00312508 0.0302856
v 42.3223 26.4769 5.52471
vn -0.535908 -0.804621 0.255709
vt 0.0221041 0.0302856
v 41.5575 28.0363 5.53953
vn 0.867315 -0.0561502 -0.494583
vt -0.106774 0.0177682
v 41.5875 27.5848 5.53953
vn 0.852267 0.170293 -0.494613
vt -0.0816334 0.0177682
v 41.5514 28.0363 5.52471
vn 0.964776 -0.0618496 -0.255699
vt -0.106796 0.0168772
v 41.5514 28.0363 5.52471
vn -0.964776 0.0618496 0.255699
vt -0.106796 0.0168772
v 41.5875 27.5848 5.53953
vn -0.852267 -0.170293 0.494613
vt -0.0816334 0.0177682
v 41.5575 28.0363 5.53953
vn -0.867315 0.0561502 0.494583
vt -0.106774 0.0177682
v 41.7332 27.1564 5.53953
vn 0.779151 0.385073 -0.494613
vt -0.0505803 0.0256811
v 41.5815 27.5832 5.52471
vn 0.947908 0.19001 -0.255668
vt -0.0757433 0.0247901
v 41.5875 27.5848 5.53953
vn 0.852267 0.170293 -0.494613
vt -0.0757207 0.0256811
v 41.5875 27.5848 5.53953
vn -0.852267 -0.170293 0.494613
vt -0.0757207 0.0256811
v 41.5815 27.5832 5.52471
vn -0.947908 -0.19001 0.255668
vt -0.0757433 0.0247901
v 41.7332 27.1564 5.53953
vn -0.779151 -0.385073 0.494613
vt -0.0505803 0.0256811
v 41.9849 26.7803 5.53953
vn 0.652851 0.573698 -0.494627
vt -0.0152236 0.0302544
v 41.7279 27.1533 5.52471
vn 0.866431 0.428872 -0.255668
vt -0.0403866 0.0293634
v 41.7332 27.1564 5.53953
vn 0.779151 0.385073 -0.494613
vt -0.040364 0.0302544
v 41.7332 27.1564 5.53953
vn -0.779151 -0.385073 0.494613
vt -0.040364 0.0302544
v 41.7279 27.1533 5.52471
vn -0.866431 -0.428872 0.255668
vt -0.0403866 0.0293634
v 41.9849 26.7803 5.53953
vn -0.652851 -0.573698 0.494627
vt -0.0152236 0.0302544
v 41.8382 28.8903 5.5088
vn 0.832407 -0.554165 9.39383e-013
vt -0.130042 0.0234875
v 41.84 28.8893 5.4929
vn 0.804621 -0.535908 0.255709
vt -0.130064 0.0225965
v 42.1391 29.231 5.4929
vn 0.638501 -0.725899 0.255709
vt -0.155293 0.0225965
v 42.1391 29.231 5.4929
vn -0.638501 0.725899 -0.255709
vt -0.155293 0.0225965
v 41.84 28.8893 5.4929
vn -0.804621 0.535908 -0.255709
vt -0.130064 0.0225965
v 41.8382 28.8903 5.5088
vn -0.832407 0.554165 -9.39383e-013
vt -0.130042 0.0234875
v 41.84 28.8893 5.52471
vn 0.804621 -0.535908 -0.255709
vt -0.14798 0.00681372
v 41.6375 28.4824 5.5088
vn 0.947466 -0.319857 1.22913e-005
vt -0.122728 0.00592246
v 41.8382 28.8903 5.5088
vn 0.832407 -0.554165 9.39383e-013
vt -0.147987 0.00592246
v 41.8382 28.8903 5.5088
vn -0.832407 0.554165 -9.39383e-013
vt -0.147987 0.00592246
v 41.6375 28.4824 5.5088
vn -0.947466 0.319857 -1.22913e-005
vt -0.122728 0.00592246
v 41.84 28.8893 5.52471
vn -0.804621 0.535908 0.255709
vt -0.14798 0.00681372
v 41.6396 28.4818 5.52471
vn 0.915899 -0.309414 -0.25572
vt -0.122746 0.00692335
v 41.6375 28.4824 5.5088
vn 0.947466 -0.319857 1.22913e-005
vt -0.122724 0.00603234
v 41.84 28.8893 5.52471
vn 0.804621 -0.535908 -0.255709
vt -0.147976 0.00692335
v 41.84 28.8893 5.52471
vn -0.804621 0.535908 0.255709
vt -0.147976 0.00692335
v 41.6375 28.4824 5.5088
vn -0.947466 0.319857 -1.22913e-005
vt -0.122724 0.00603234
v 41.6396 28.4818 5.52471
vn -0.915899 0.309414 0.25572
vt -0.122746 0.00692335
v 41.6455 28.4802 5.53953
vn 0.823221 -0.278721 -0.494593
vt -0.131411 0.0070666
v 41.5514 28.0363 5.52471
vn 0.964776 -0.0618496 -0.255699
vt -0.106204 0.00617559
v 41.6396 28.4818 5.52471
vn 0.915899 -0.309414 -0.25572
vt -0.131433 0.00617559
v 41.6396 28.4818 5.52471
vn -0.915899 0.309414 0.25572
vt -0.131433 0.00617559
v 41.5514 28.0363 5.52471
vn -0.964776 0.0618496 0.255699
vt -0.106204 0.00617559
v 41.6455 28.4802 5.53953
vn -0.823221 0.278721 0.494593
vt -0.131411 0.0070666
v 42.7293 26.2744 5.5088
vn 0.319839 0.947472 -2.42697e-005
vt 0.0587344 0.017547
v 42.3213 26.4751 5.5088
vn 0.554165 0.832407 -2.42697e-005
vt 0.0334749 0.017547
v 42.3223 26.4769 5.52471
vn 0.535908 0.804621 -0.255709
vt 0.0334826 0.0184383
v 42.3223 26.4769 5.52471
vn -0.535908 -0.804621 0.255709
vt 0.0334826 0.0184383
v 42.3213 26.4751 5.5088
vn -0.554165 -0.832407 2.42697e-005
vt 0.0334749 0.017547
v 42.7293 26.2744 5.5088
vn -0.319839 -0.947472 2.42697e-005
vt 0.0587344 0.017547
v 43.1753 26.1882 5.4929
vn 0.0618017 0.964787 0.255668
vt 0.0921722 0.00854029
v 42.7298 26.2764 5.4929
vn 0.309401 0.915918 0.255668
vt 0.066943 0.00854029
v 42.7293 26.2744 5.5088
vn 0.319839 0.947472 -2.42697e-005
vt 0.0669352 0.00943155
v 42.7293 26.2744 5.5088
vn -0.319839 -0.947472 2.42697e-005
vt 0.0669352 0.00943155
v 42.7298 26.2764 5.4929
vn -0.309401 -0.915918 -0.255668
vt 0.066943 0.00854029
v 43.1753 26.1882 5.4929
vn -0.0618017 -0.964787 -0.255668
vt 0.0921722 0.00854029
v 43.6268 26.2243 5.47808
vn -0.170327 0.852246 0.494636
vt 0.120148 0.0104795
v 43.1753 26.1944 5.47808
vn 0.0560545 0.86729 0.494636
vt 0.0950076 0.0104795
v 43.1753 26.1882 5.4929
vn 0.0618017 0.964787 0.255668
vt 0.094985 0.0113705
v 43.1753 26.1882 5.4929
vn -0.0618017 -0.964787 -0.255668
vt 0.094985 0.0113705
v 43.1753 26.1944 5.47808
vn -0.0560545 -0.86729 -0.494636
vt 0.0950076 0.0104795
v 43.6268 26.2243 5.47808
vn 0.170327 -0.852246 -0.494636
vt 0.120148 0.0104795
v 44.0531 26.3738 5.47245
vn -0.349129 0.713141 0.607897
vt 0.140823 0.0278333
v 43.6257 26.2285 5.47245
vn -0.152658 0.779203 0.607897
vt 0.115745 0.0278333
v 43.6268 26.2243 5.47808
vn -0.170327 0.852246 0.494636
vt 0.115729 0.028227
v 43.6268 26.2243 5.47808
vn 0.170327 -0.852246 -0.494636
vt 0.115729 0.028227
v 43.6257 26.2285 5.47245
vn 0.152658 -0.779203 -0.607897
vt 0.115745 0.0278333
v 44.0531 26.3738 5.47245
vn 0.349129 -0.713141 -0.607897
vt 0.140823 0.0278333
v 44.1003 26.292 5.28346
vn -0.399543 0.800142 -0.447368
vt 0.141844 -0.0163898
v 43.6257 26.2285 5.47245
vn -0.174031 0.878134 -0.445638
vt 0.115745 -0.00469592
v 44.0531 26.3738 5.47245
vn -0.395378 0.80317 -0.445638
vt 0.140823 -0.00469592
v 44.0531 26.3738 5.47245
vn 0.395378 -0.80317 0.445638
vt 0.140823 -0.00469592
v 43.6257 26.2285 5.47245
vn 0.174031 -0.878134 0.445638
vt 0.115745 -0.00469592
v 44.1003 26.292 5.28346
vn 0.399543 -0.800142 0.447368
vt 0.141844 -0.0163898
v 41.84 28.8893 5.4929
vn 0.804621 -0.535908 0.255709
vt -0.130044 0.0432868
v 41.8453 28.8862 5.47808
vn 0.723102 -0.482179 0.494597
vt -0.130111 0.0423979
v 42.1435 29.2267 5.47808
vn 0.573623 -0.652941 0.494595
vt -0.155251 0.0423979
v 42.1435 29.2267 5.47808
vn -0.573623 0.652941 -0.494595
vt -0.155251 0.0423979
v 41.8453 28.8862 5.47808
vn -0.723102 0.482179 -0.494597
vt -0.130111 0.0423979
v 41.84 28.8893 5.4929
vn -0.804621 0.535908 -0.255709
vt -0.130044 0.0432868
v 41.8453 28.8862 5.47808
vn 0.723102 -0.482179 0.494597
vt -0.130111 0.0603704
v 41.8491 28.8841 5.47245
vn 0.658979 -0.442992 0.607868
vt -0.130157 0.0599792
v 42.1435 29.2267 5.47808
vn 0.573623 -0.652941 0.494595
vt -0.155251 0.0603704
v 42.1435 29.2267 5.47808
vn -0.573623 0.652941 -0.494595
vt -0.155251 0.0603704
v 41.8491 28.8841 5.47245
vn -0.658979 0.442992 -0.607868
vt -0.130157 0.0599792
v 41.8453 28.8862 5.47808
vn -0.723102 0.482179 -0.494597
vt -0.130111 0.0603704
v 41.8491 28.8841 5.47245
vn 0.743993 -0.497877 -0.445638
vt -0.130144 -0.0283586
v 41.7673 28.9313 5.28346
vn 0.746085 -0.493172 -0.447368
vt -0.129122 -0.0400525
v 42.1465 29.2236 5.47245
vn 0.589782 -0.673471 -0.445638
vt -0.155221 -0.0283586
v 42.1465 29.2236 5.47245
vn -0.589782 0.673471 0.445638
vt -0.155221 -0.0283586
v 41.7673 28.9313 5.28346
vn -0.746085 0.493172 0.447368
vt -0.129122 -0.0400525
v 41.8491 28.8841 5.47245
vn -0.743993 0.497877 0.445638
vt -0.130144 -0.0283586
v 42.3213 26.4751 5.5088
vn 0.554165 0.832407 -2.42697e-005
vt 0.0221267 0.0184033
v 41.9806 26.776 5.52471
vn 0.725858 0.638556 -0.25569
vt -0.00312508 0.0192943
v 42.3223 26.4769 5.52471
vn 0.535908 0.804621 -0.255709
vt 0.0221041 0.0192943
v 42.3223 26.4769 5.52471
vn -0.535908 -0.804621 0.255709
vt 0.0221041 0.0192943
v 41.9806 26.776 5.52471
vn -0.725858 -0.638556 0.25569
vt -0.00312508 0.0192943
v 42.3213 26.4751 5.5088
vn -0.554165 -0.832407 2.42697e-005
vt 0.0221267 0.0184033
v 41.9849 26.7803 5.53953
vn 0.652851 0.573698 -0.494627
vt -0.0152134 0.0300404
v 41.9806 26.776 5.52471
vn 0.725858 0.638556 -0.25569
vt -0.0151472 0.0291516
v 41.7279 27.1533 5.52471
vn 0.866431 0.428872 -0.255668
vt -0.0403764 0.0291516
v 41.7279 27.1533 5.52471
vn -0.866431 -0.428872 0.255668
vt -0.0403764 0.0291516
v 41.9806 26.776 5.52471
vn -0.725858 -0.638556 0.25569
vt -0.0151472 0.0291516
v 41.9849 26.7803 5.53953
vn -0.652851 -0.573698 0.494627
vt -0.0152134 0.0300404
v 41.5875 27.5848 5.53953
vn 0.852267 0.170293 -0.494613
vt -0.0816306 0.0177406
v 41.5815 27.5832 5.52471
vn 0.947908 0.19001 -0.255668
vt -0.0815644 0.0168518
v 41.5514 28.0363 5.52471
vn 0.964776 -0.0618496 -0.255699
vt -0.106794 0.0168518
v 41.5514 28.0363 5.52471
vn -0.964776 0.0618496 0.255699
vt -0.106794 0.0168518
v 41.5815 27.5832 5.52471
vn -0.947908 -0.19001 0.255668
vt -0.0815644 0.0168518
v 41.5875 27.5848 5.53953
vn -0.852267 -0.170293 0.494613
vt -0.0816306 0.0177406
v 41.7332 27.1564 5.53953
vn 0.779151 0.385073 -0.494613
vt -0.0505728 0.0255363
v 41.7279 27.1533 5.52471
vn 0.866431 0.428872 -0.255668
vt -0.0505066 0.0246475
v 41.5815 27.5832 5.52471
vn 0.947908 0.19001 -0.255668
vt -0.0757358 0.0246475
v 41.5815 27.5832 5.52471
vn -0.947908 -0.19001 0.255668
vt -0.0757358 0.0246475
v 41.7279 27.1533 5.52471
vn -0.866431 -0.428872 0.255668
vt -0.0505066 0.0246475
v 41.7332 27.1564 5.53953
vn -0.779151 -0.385073 0.494613
vt -0.0505728 0.0255363
v 41.6375 28.4824 5.5088
vn 0.947466 -0.319857 1.22913e-005
vt -0.122728 0.0189019
v 41.84 28.8893 5.4929
vn 0.804621 -0.535908 0.255709
vt -0.14798 0.0180107
v 41.8382 28.8903 5.5088
vn 0.832407 -0.554165 9.39383e-013
vt -0.147987 0.0189019
v 41.8382 28.8903 5.5088
vn -0.832407 0.554165 -9.39383e-013
vt -0.147987 0.0189019
v 41.84 28.8893 5.4929
vn -0.804621 0.535908 -0.255709
vt -0.14798 0.0180107
v 41.6375 28.4824 5.5088
vn -0.947466 0.319857 -1.22913e-005
vt -0.122728 0.0189019
v 41.6396 28.4818 5.52471
vn 0.915899 -0.309414 -0.25572
vt -0.131433 0.0111706
v 41.5514 28.0363 5.52471
vn 0.964776 -0.0618496 -0.255699
vt -0.106204 0.0111706
v 41.6375 28.4824 5.5088
vn 0.947466 -0.319857 1.22913e-005
vt -0.131441 0.0102793
v 41.6375 28.4824 5.5088
vn -0.947466 0.319857 -1.22913e-005
vt -0.131441 0.0102793
v 41.5514 28.0363 5.52471
vn -0.964776 0.0618496 0.255699
vt -0.106204 0.0111706
v 41.6396 28.4818 5.52471
vn -0.915899 0.309414 0.25572
vt -0.131433 0.0111706
v 42.7298 26.2764 5.4929
vn 0.309401 0.915918 0.255668
vt 0.0587119 0.00647493
v 42.3213 26.4751 5.5088
vn 0.554165 0.832407 -2.42697e-005
vt 0.0334749 0.00736594
v 42.7293 26.2744 5.5088
vn 0.319839 0.947472 -2.42697e-005
vt 0.0587344 0.00736594
v 42.7293 26.2744 5.5088
vn -0.319839 -0.947472 2.42697e-005
vt 0.0587344 0.00736594
v 42.3213 26.4751 5.5088
vn -0.554165 -0.832407 2.42697e-005
vt 0.0334749 0.00736594
v 42.7298 26.2764 5.4929
vn -0.309401 -0.915918 -0.255668
vt 0.0587119 0.00647493
v 43.1753 26.1944 5.47808
vn 0.0560545 0.86729 0.494636
vt 0.092106 0.00123182
v 42.7298 26.2764 5.4929
vn 0.309401 0.915918 0.255668
vt 0.066943 0.00212064
v 43.1753 26.1882 5.4929
vn 0.0618017 0.964787 0.255668
vt 0.0921722 0.00212064
v 43.1753 26.1882 5.4929
vn -0.0618017 -0.964787 -0.255668
vt 0.0921722 0.00212064
v 42.7298 26.2764 5.4929
vn -0.309401 -0.915918 -0.255668
vt 0.066943 0.00212064
v 43.1753 26.1944 5.47808
vn -0.0560545 -0.86729 -0.494636
vt 0.092106 0.00123182
v 43.6257 26.2285 5.47245
vn -0.152658 0.779203 0.607897
vt 0.120101 0.00901459
v 43.1753 26.1944 5.47808
vn 0.0560545 0.86729 0.494636
vt 0.0950076 0.00940581
v 43.6268 26.2243 5.47808
vn -0.170327 0.852246 0.494636
vt 0.120148 0.00940581
v 43.6268 26.2243 5.47808
vn 0.170327 -0.852246 -0.494636
vt 0.120148 0.00940581
v 43.1753 26.1944 5.47808
vn -0.0560545 -0.86729 -0.494636
vt 0.0950076 0.00940581
v 43.6257 26.2285 5.47245
vn 0.152658 -0.779203 -0.607897
vt 0.120101 0.00901459
v 44.1003 26.292 5.28346
vn -0.399543 0.800142 -0.447368
vt 0.141718 -0.0168262
v 43.6502 26.1372 5.28346
vn -0.178837 0.876287 -0.447368
vt 0.115272 -0.0168262
v 43.6257 26.2285 5.47245
vn -0.174031 0.878134 -0.445638
vt 0.115636 -0.00509345
v 43.6257 26.2285 5.47245
vn 0.174031 -0.878134 0.445638
vt 0.115636 -0.00509345
v 43.6502 26.1372 5.28346
vn 0.178837 -0.876287 0.447368
vt 0.115272 -0.0168262
v 44.1003 26.292 5.28346
vn 0.399543 -0.800142 0.447368
vt 0.141718 -0.0168262
v 41.6396 28.4818 5.4929
vn 0.915908 -0.309397 0.255709
vt -0.122746 0.0297454
v 41.8453 28.8862 5.47808
vn 0.723102 -0.482179 0.494597
vt -0.147953 0.0288544
v 41.84 28.8893 5.4929
vn 0.804621 -0.535908 0.255709
vt -0.147976 0.0297454
v 41.84 28.8893 5.4929
vn -0.804621 0.535908 -0.255709
vt -0.147976 0.0297454
v 41.8453 28.8862 5.47808
vn -0.723102 0.482179 -0.494597
vt -0.147953 0.0288544
v 41.6396 28.4818 5.4929
vn -0.915908 0.309397 -0.255709
vt -0.122746 0.0297454
v 41.6455 28.4802 5.47808
vn 0.823242 -0.278621 0.494614
vt -0.122801 0.038626
v 41.8491 28.8841 5.47245
vn 0.658979 -0.442992 0.607868
vt -0.147926 0.0382323
v 41.8453 28.8862 5.47808
vn 0.723102 -0.482179 0.494597
vt -0.147942 0.038626
v 41.8453 28.8862 5.47808
vn -0.723102 0.482179 -0.494597
vt -0.147942 0.038626
v 41.8491 28.8841 5.47245
vn -0.658979 0.442992 -0.607868
vt -0.147926 0.0382323
v 41.6455 28.4802 5.47808
vn -0.823242 0.278621 -0.494614
vt -0.122801 0.038626
v 41.8491 28.8841 5.47245
vn 0.743993 -0.497877 -0.445638
vt -0.148082 -0.012344
v 41.5584 28.5036 5.28346
vn 0.848305 -0.283267 -0.447368
vt -0.122001 -0.0240767
v 41.7673 28.9313 5.28346
vn 0.746085 -0.493172 -0.447368
vt -0.148446 -0.0240767
v 41.7673 28.9313 5.28346
vn -0.746085 0.493172 0.447368
vt -0.148446 -0.0240767
v 41.5584 28.5036 5.28346
vn -0.848305 0.283267 0.447368
vt -0.122001 -0.0240767
v 41.8491 28.8841 5.47245
vn -0.743993 0.497877 0.445638
vt -0.148082 -0.012344
v 42.3213 26.4751 5.5088
vn 0.554165 0.832407 -2.42697e-005
vt 0.0221304 0.0185004
v 41.9791 26.7745 5.5088
vn 0.750713 0.660629 -1.22911e-005
vt -0.00312918 0.0185004
v 41.9806 26.776 5.52471
vn 0.725858 0.638556 -0.25569
vt -0.00312145 0.0193917
v 41.9806 26.776 5.52471
vn -0.725858 -0.638556 0.25569
vt -0.00312145 0.0193917
v 41.9791 26.7745 5.5088
vn -0.750713 -0.660629 1.22911e-005
vt -0.00312918 0.0185004
v 42.3213 26.4751 5.5088
vn -0.554165 -0.832407 2.42697e-005
vt 0.0221304 0.0185004
v 41.9806 26.776 5.52471
vn 0.725858 0.638556 -0.25569
vt -0.0151472 0.0190784
v 41.7261 27.1523 5.5088
vn 0.896124 0.443803 9.27712e-013
vt -0.0403841 0.0181871
v 41.7279 27.1533 5.52471
vn 0.866431 0.428872 -0.255668
vt -0.0403764 0.0190784
v 41.7279 27.1533 5.52471
vn -0.866431 -0.428872 0.255668
vt -0.0403764 0.0190784
v 41.7261 27.1523 5.5088
vn -0.896124 -0.443803 -9.27712e-013
vt -0.0403841 0.0181871
v 41.9806 26.776 5.52471
vn -0.725858 -0.638556 0.25569
vt -0.0151472 0.0190784
v 41.5815 27.5832 5.52471
vn 0.947908 0.19001 -0.255668
vt -0.0815644 0.0148228
v 41.5493 28.0363 5.5088
vn 0.997967 -0.0637361 1.19785e-005
vt -0.106801 0.0139316
v 41.5514 28.0363 5.52471
vn 0.964776 -0.0618496 -0.255699
vt -0.106794 0.0148228
v 41.5514 28.0363 5.52471
vn -0.964776 0.0618496 0.255699
vt -0.106794 0.0148228
v 41.5493 28.0363 5.5088
vn -0.997967 0.0637361 -1.19785e-005
vt -0.106801 0.0139316
v 41.5815 27.5832 5.52471
vn -0.947908 -0.19001 0.255668
vt -0.0815644 0.0148228
v 41.7279 27.1533 5.52471
vn 0.866431 0.428872 -0.255668
vt -0.0505066 0.01752
v 41.5795 27.5827 5.5088
vn 0.980454 0.196747 1.00769e-012
vt -0.0757436 0.0166288
v 41.5815 27.5832 5.52471
vn 0.947908 0.19001 -0.255668
vt -0.0757358 0.01752
v 41.5815 27.5832 5.52471
vn -0.947908 -0.19001 0.255668
vt -0.0757358 0.01752
v 41.5795 27.5827 5.5088
vn -0.980454 -0.196747 -1.00769e-012
vt -0.0757436 0.0166288
v 41.7279 27.1533 5.52471
vn -0.866431 -0.428872 0.255668
vt -0.0505066 0.01752
v 41.6375 28.4824 5.5088
vn 0.947466 -0.319857 1.22913e-005
vt -0.122724 0.0187991
v 41.6396 28.4818 5.4929
vn 0.915908 -0.309397 0.255709
vt -0.122746 0.0179081
v 41.84 28.8893 5.4929
vn 0.804621 -0.535908 0.255709
vt -0.147976 0.0179081
v 41.84 28.8893 5.4929
vn -0.804621 0.535908 -0.255709
vt -0.147976 0.0179081
v 41.6396 28.4818 5.4929
vn -0.915908 0.309397 -0.255709
vt -0.122746 0.0179081
v 41.6375 28.4824 5.5088
vn -0.947466 0.319857 -1.22913e-005
vt -0.122724 0.0187991
v 41.5514 28.0363 5.52471
vn 0.964776 -0.0618496 -0.255699
vt -0.106205 0.0112105
v 41.5493 28.0363 5.5088
vn 0.997967 -0.0637361 1.19785e-005
vt -0.106183 0.0103195
v 41.6375 28.4824 5.5088
vn 0.947466 -0.319857 1.22913e-005
vt -0.131442 0.0103195
v 41.6375 28.4824 5.5088
vn -0.947466 0.319857 -1.22913e-005
vt -0.131442 0.0103195
v 41.5493 28.0363 5.5088
vn -0.997967 0.0637361 -1.19785e-005
vt -0.106183 0.0103195
v 41.5514 28.0363 5.52471
vn -0.964776 0.0618496 0.255699
vt -0.106205 0.0112105
v 42.7298 26.2764 5.4929
vn 0.309401 0.915918 0.255668
vt 0.0587088 0.00638576
v 42.3223 26.4769 5.4929
vn 0.535915 0.804629 0.255668
vt 0.0334796 0.00638576
v 42.3213 26.4751 5.5088
vn 0.554165 0.832407 -2.42697e-005
vt 0.0334718 0.00727702
v 42.3213 26.4751 5.5088
vn -0.554165 -0.832407 2.42697e-005
vt 0.0334718 0.00727702
v 42.3223 26.4769 5.4929
vn -0.535915 -0.804629 -0.255668
vt 0.0334796 0.00638576
v 42.7298 26.2764 5.4929
vn -0.309401 -0.915918 -0.255668
vt 0.0587088 0.00638576
v 43.1753 26.1944 5.47808
vn 0.0560545 0.86729 0.494636
vt 0.0921007 0.00107036
v 42.7314 26.2823 5.47808
vn 0.278616 0.82323 0.494636
vt 0.0669603 0.00107036
v 42.7298 26.2764 5.4929
vn 0.309401 0.915918 0.255668
vt 0.0669377 0.00196137
v 42.7298 26.2764 5.4929
vn -0.309401 -0.915918 -0.255668
vt 0.0669377 0.00196137
v 42.7314 26.2823 5.47808
vn -0.278616 -0.82323 -0.494636
vt 0.0669603 0.00107036
v 43.1753 26.1944 5.47808
vn -0.0560545 -0.86729 -0.494636
vt 0.0921007 0.00107036
v 43.6257 26.2285 5.47245
vn -0.152658 0.779203 0.607897
vt 0.120102 0.00895741
v 43.1753 26.1987 5.47245
vn 0.0542165 0.792163 0.607897
vt 0.0950236 0.00895741
v 43.1753 26.1944 5.47808
vn 0.0560545 0.86729 0.494636
vt 0.0950078 0.00935109
v 43.1753 26.1944 5.47808
vn -0.0560545 -0.86729 -0.494636
vt 0.0950078 0.00935109
v 43.1753 26.1987 5.47245
vn -0.0542165 -0.792163 -0.607897
vt 0.0950236 0.00895741
v 43.6257 26.2285 5.47245
vn 0.152658 -0.779203 -0.607897
vt 0.120102 0.00895741
v 43.6502 26.1372 5.28346
vn -0.178837 0.876287 -0.447368
vt 0.121123 -0.00271736
v 43.1753 26.1987 5.47245
vn 0.0591773 0.893255 -0.445638
vt 0.0950236 0.00897652
v 43.6257 26.2285 5.47245
vn -0.174031 0.878134 -0.445638
vt 0.120102 0.00897652
v 43.6257 26.2285 5.47245
vn 0.174031 -0.878134 0.445638
vt 0.120102 0.00897652
v 43.1753 26.1987 5.47245
vn -0.0591773 -0.893255 0.445638
vt 0.0950236 0.00897652
v 43.6502 26.1372 5.28346
vn 0.178837 -0.876287 0.447368
vt 0.121123 -0.00271736
v 41.6396 28.4818 5.4929
vn 0.915908 -0.309397 0.255709
vt -0.122735 0.0295071
v 41.6455 28.4802 5.47808
vn 0.823242 -0.278621 0.494614
vt -0.122801 0.0286183
v 41.8453 28.8862 5.47808
vn 0.723102 -0.482179 0.494597
vt -0.147942 0.0286183
v 41.8453 28.8862 5.47808
vn -0.723102 0.482179 -0.494597
vt -0.147942 0.0286183
v 41.6455 28.4802 5.47808
vn -0.823242 0.278621 -0.494614
vt -0.122801 0.0286183
v 41.6396 28.4818 5.4929
vn -0.915908 0.309397 -0.255709
vt -0.122735 0.0295071
v 41.6455 28.4802 5.47808
vn 0.823242 -0.278621 0.494614
vt -0.122793 0.0383677
v 41.6497 28.4791 5.47245
vn 0.751182 -0.257415 0.607835
vt -0.12284 0.0379764
v 41.8491 28.8841 5.47245
vn 0.658979 -0.442992 0.607868
vt -0.147918 0.0379764
v 41.8491 28.8841 5.47245
vn -0.658979 0.442992 -0.607868
vt -0.147918 0.0379764
v 41.6497 28.4791 5.47245
vn -0.751182 0.257415 -0.607835
vt -0.12284 0.0379764
v 41.6455 28.4802 5.47808
vn -0.823242 0.278621 -0.494614
vt -0.122793 0.0383677
v 41.6497 28.4791 5.47245
vn 0.847502 -0.288352 -0.445638
vt -0.12284 -0.0122389
v 41.5584 28.5036 5.28346
vn 0.848305 -0.283267 -0.447368
vt -0.121819 -0.0239327
v 41.8491 28.8841 5.47245
vn 0.743993 -0.497877 -0.445638
vt -0.147918 -0.0122389
v 41.8491 28.8841 5.47245
vn -0.743993 0.497877 0.445638
vt -0.147918 -0.0122389
v 41.5584 28.5036 5.28346
vn -0.848305 0.283267 0.447368
vt -0.121819 -0.0239327
v 41.6497 28.4791 5.47245
vn -0.847502 0.288352 0.445638
vt -0.12284 -0.0122389
v 41.9806 26.776 5.52471
vn 0.725858 0.638556 -0.25569
vt -0.0151438 0.0189864
v 41.9791 26.7745 5.5088
vn 0.750713 0.660629 -1.22911e-005
vt -0.0151212 0.0180954
v 41.7261 27.1523 5.5088
vn 0.896124 0.443803 9.27712e-013
vt -0.0403807 0.0180954
v 41.7261 27.1523 5.5088
vn -0.896124 -0.443803 -9.27712e-013
vt -0.0403807 0.0180954
v 41.9791 26.7745 5.5088
vn -0.750713 -0.660629 1.22911e-005
vt -0.0151212 0.0180954
v 41.9806 26.776 5.52471
vn -0.725858 -0.638556 0.25569
vt -0.0151438 0.0189864
v 42.3223 26.4769 5.4929
vn 0.535915 0.804629 0.255668
vt 0.0221078 0.00553727
v 41.9791 26.7745 5.5088
vn 0.750713 0.660629 -1.22911e-005
vt -0.00312918 0.00642828
v 42.3213 26.4751 5.5088
vn 0.554165 0.832407 -2.42697e-005
vt 0.0221304 0.00642828
v 42.3213 26.4751 5.5088
vn -0.554165 -0.832407 2.42697e-005
vt 0.0221304 0.00642828
v 41.9791 26.7745 5.5088
vn -0.750713 -0.660629 1.22911e-005
vt -0.00312918 0.00642828
v 42.3223 26.4769 5.4929
vn -0.535915 -0.804629 -0.255668
vt 0.0221078 0.00553727
v 41.7279 27.1533 5.52471
vn 0.866431 0.428872 -0.255668
vt -0.0505041 0.0174542
v 41.7261 27.1523 5.5088
vn 0.896124 0.443803 9.27712e-013
vt -0.0504815 0.0165632
v 41.5795 27.5827 5.5088
vn 0.980454 0.196747 1.00769e-012
vt -0.0757411 0.0165632
v 41.5795 27.5827 5.5088
vn -0.980454 -0.196747 -1.00769e-012
vt -0.0757411 0.0165632
v 41.7261 27.1523 5.5088
vn -0.896124 -0.443803 -9.27712e-013
vt -0.0504815 0.0165632
v 41.7279 27.1533 5.52471
vn -0.866431 -0.428872 0.255668
vt -0.0505041 0.0174542
v 41.5815 27.5832 5.52471
vn 0.947908 0.19001 -0.255668
vt -0.0815635 0.014802
v 41.5795 27.5827 5.5088
vn 0.980454 0.196747 1.00769e-012
vt -0.0815409 0.013911
v 41.5493 28.0363 5.5088
vn 0.997967 -0.0637361 1.19785e-005
vt -0.1068 0.013911
v 41.5493 28.0363 5.5088
vn -0.997967 0.0637361 -1.19785e-005
vt -0.1068 0.013911
v 41.5795 27.5827 5.5088
vn -0.980454 -0.196747 -1.00769e-012
vt -0.0815409 0.013911
v 41.5815 27.5832 5.52471
vn -0.947908 -0.19001 0.255668
vt -0.0815635 0.014802
v 41.5493 28.0363 5.5088
vn 0.997967 -0.0637361 1.19785e-005
vt -0.106183 0.0145437
v 41.6396 28.4818 5.4929
vn 0.915908 -0.309397 0.255709
vt -0.131435 0.0136525
v 41.6375 28.4824 5.5088
vn 0.947466 -0.319857 1.22913e-005
vt -0.131442 0.0145437
v 41.6375 28.4824 5.5088
vn -0.947466 0.319857 -1.22913e-005
vt -0.131442 0.0145437
v 41.6396 28.4818 5.4929
vn -0.915908 0.309397 -0.255709
vt -0.131435 0.0136525
v 41.5493 28.0363 5.5088
vn -0.997967 0.0637361 -1.19785e-005
vt -0.106183 0.0145437
v 42.7314 26.2823 5.47808
vn 0.278616 0.82323 0.494636
vt 0.0586426 -0.00499543
v 42.3223 26.4769 5.4929
vn 0.535915 0.804629 0.255668
vt 0.0334796 -0.0041066
v 42.7298 26.2764 5.4929
vn 0.309401 0.915918 0.255668
vt 0.0587088 -0.0041066
v 42.7298 26.2764 5.4929
vn -0.309401 -0.915918 -0.255668
vt 0.0587088 -0.0041066
v 42.3223 26.4769 5.4929
vn -0.535915 -0.804629 -0.255668
vt 0.0334796 -0.0041066
v 42.7314 26.2823 5.47808
vn -0.278616 -0.82323 -0.494636
vt 0.0586426 -0.00499543
v 43.1753 26.1987 5.47245
vn 0.0542165 0.792163 0.607897
vt 0.092054 -0.00579927
v 42.7314 26.2823 5.47808
vn 0.278616 0.82323 0.494636
vt 0.0669603 -0.00540804
v 43.1753 26.1944 5.47808
vn 0.0560545 0.86729 0.494636
vt 0.0921007 -0.00540804
v 43.1753 26.1944 5.47808
vn -0.0560545 -0.86729 -0.494636
vt 0.0921007 -0.00540804
v 42.7314 26.2823 5.47808
vn -0.278616 -0.82323 -0.494636
vt 0.0669603 -0.00540804
v 43.1753 26.1987 5.47245
vn -0.0542165 -0.792163 -0.607897
vt 0.092054 -0.00579927
v 43.6502 26.1372 5.28346
vn -0.178837 0.876287 -0.447368
vt 0.121101 -0.00293608
v 43.1753 26.1042 5.28346
vn 0.0540569 0.892715 -0.447368
vt 0.0946557 -0.00293608
v 43.1753 26.1987 5.47245
vn 0.0591773 0.893255 -0.445638
vt 0.0950196 0.00879666
v 43.1753 26.1987 5.47245
vn -0.0591773 -0.893255 0.445638
vt 0.0950196 0.00879666
v 43.1753 26.1042 5.28346
vn -0.0540569 -0.892715 0.447368
vt 0.0946557 -0.00293608
v 43.6502 26.1372 5.28346
vn 0.178837 -0.876287 0.447368
vt 0.121101 -0.00293608
v 41.5514 28.0363 5.4929
vn 0.964778 -0.0618694 0.255687
vt -0.106204 0.0169636
v 41.6455 28.4802 5.47808
vn 0.823242 -0.278621 0.494614
vt -0.131411 0.0160726
v 41.6396 28.4818 5.4929
vn 0.915908 -0.309397 0.255709
vt -0.131433 0.0169636
v 41.6396 28.4818 5.4929
vn -0.915908 0.309397 -0.255709
vt -0.131433 0.0169636
v 41.6455 28.4802 5.47808
vn -0.823242 0.278621 -0.494614
vt -0.131411 0.0160726
v 41.5514 28.0363 5.4929
vn -0.964778 0.0618694 -0.255687
vt -0.106204 0.0169636
v 41.5575 28.0363 5.47808
vn 0.867293 -0.0561404 0.494623
vt -0.106267 0.0182806
v 41.6497 28.4791 5.47245
vn 0.751182 -0.257415 0.607835
vt -0.131391 0.0178869
v 41.6455 28.4802 5.47808
vn 0.823242 -0.278621 0.494614
vt -0.131407 0.0182806
v 41.6455 28.4802 5.47808
vn -0.823242 0.278621 -0.494614
vt -0.131407 0.0182806
v 41.6497 28.4791 5.47245
vn -0.751182 0.257415 -0.607835
vt -0.131391 0.0178869
v 41.5575 28.0363 5.47808
vn -0.867293 0.0561404 -0.494623
vt -0.106267 0.0182806
v 41.6497 28.4791 5.47245
vn 0.847502 -0.288352 -0.445638
vt -0.131441 0.00257052
v 41.4674 28.0363 5.28346
vn 0.892715 -0.0540569 -0.447368
vt -0.105359 -0.00916223
v 41.5584 28.5036 5.28346
vn 0.848305 -0.283267 -0.447368
vt -0.131805 -0.00916223
v 41.5584 28.5036 5.28346
vn -0.848305 0.283267 0.447368
vt -0.131805 -0.00916223
v 41.4674 28.0363 5.28346
vn -0.892715 0.0540569 0.447368
vt -0.105359 -0.00916223
v 41.6497 28.4791 5.47245
vn -0.847502 0.288352 0.445638
vt -0.131441 0.00257052
v 41.9791 26.7745 5.5088
vn 0.750713 0.660629 -1.22911e-005
vt -0.0151212 0.00673603
v 41.9806 26.776 5.4929
vn 0.725908 0.638507 0.255668
vt -0.0151438 0.00584503
v 41.7261 27.1523 5.5088
vn 0.896124 0.443803 9.27712e-013
vt -0.0403807 0.00673603
v 41.7261 27.1523 5.5088
vn -0.896124 -0.443803 -9.27712e-013
vt -0.0403807 0.00673603
v 41.9806 26.776 5.4929
vn -0.725908 -0.638507 -0.255668
vt -0.0151438 0.00584503
v 41.9791 26.7745 5.5088
vn -0.750713 -0.660629 1.22911e-005
vt -0.0151212 0.00673603
v 42.3223 26.4769 5.4929
vn 0.535915 0.804629 0.255668
vt 0.0221041 0.00543267
v 41.9806 26.776 5.4929
vn 0.725908 0.638507 0.255668
vt -0.00312508 0.00543267
v 41.9791 26.7745 5.5088
vn 0.750713 0.660629 -1.22911e-005
vt -0.0031328 0.00632393
v 41.9791 26.7745 5.5088
vn -0.750713 -0.660629 1.22911e-005
vt -0.0031328 0.00632393
v 41.9806 26.776 5.4929
vn -0.725908 -0.638507 -0.255668
vt -0.00312508 0.00543267
v 42.3223 26.4769 5.4929
vn -0.535915 -0.804629 -0.255668
vt 0.0221041 0.00543267
v 41.7261 27.1523 5.5088
vn 0.896124 0.443803 9.27712e-013
vt -0.0504815 0.00826822
v 41.7279 27.1533 5.4929
vn 0.866431 0.428872 0.255668
vt -0.0505041 0.00737722
v 41.5795 27.5827 5.5088
vn 0.980454 0.196747 1.00769e-012
vt -0.0757411 0.00826822
v 41.5795 27.5827 5.5088
vn -0.980454 -0.196747 -1.00769e-012
vt -0.0757411 0.00826822
v 41.7279 27.1533 5.4929
vn -0.866431 -0.428872 -0.255668
vt -0.0505041 0.00737722
v 41.7261 27.1523 5.5088
vn -0.896124 -0.443803 -9.27712e-013
vt -0.0504815 0.00826822
v 41.5795 27.5827 5.5088
vn 0.980454 0.196747 1.00769e-012
vt -0.0815409 0.0109204
v 41.5815 27.5832 5.4929
vn 0.947908 0.19001 0.255668
vt -0.0815635 0.0100294
v 41.5493 28.0363 5.5088
vn 0.997967 -0.0637361 1.19785e-005
vt -0.1068 0.0109204
v 41.5493 28.0363 5.5088
vn -0.997967 0.0637361 -1.19785e-005
vt -0.1068 0.0109204
v 41.5815 27.5832 5.4929
vn -0.947908 -0.19001 -0.255668
vt -0.0815635 0.0100294
v 41.5795 27.5827 5.5088
vn -0.980454 -0.196747 -1.00769e-012
vt -0.0815409 0.0109204
v 41.5493 28.0363 5.5088
vn 0.997967 -0.0637361 1.19785e-005
vt -0.106182 0.014513
v 41.5514 28.0363 5.4929
vn 0.964778 -0.0618694 0.255687
vt -0.106204 0.013622
v 41.6396 28.4818 5.4929
vn 0.915908 -0.309397 0.255709
vt -0.131433 0.013622
v 41.6396 28.4818 5.4929
vn -0.915908 0.309397 -0.255709
vt -0.131433 0.013622
v 41.5514 28.0363 5.4929
vn -0.964778 0.0618694 -0.255687
vt -0.106204 0.013622
v 41.5493 28.0363 5.5088
vn -0.997967 0.0637361 -1.19785e-005
vt -0.106182 0.014513
v 42.7314 26.2823 5.47808
vn 0.278616 0.82323 0.494636
vt 0.0586335 -0.00524538
v 42.3254 26.4822 5.47808
vn 0.482208 0.723045 0.494653
vt 0.0334931 -0.00524538
v 42.3223 26.4769 5.4929
vn 0.535915 0.804629 0.255668
vt 0.0334705 -0.00435437
v 42.3223 26.4769 5.4929
vn -0.535915 -0.804629 -0.255668
vt 0.0334705 -0.00435437
v 42.3254 26.4822 5.47808
vn -0.482208 -0.723045 -0.494653
vt 0.0334931 -0.00524538
v 42.7314 26.2823 5.47808
vn -0.278616 -0.82323 -0.494636
vt 0.0586335 -0.00524538
v 43.1753 26.1987 5.47245
vn 0.0542165 0.792163 0.607897
vt 0.0920502 -0.00601503
v 42.7325 26.2865 5.47245
vn 0.257396 0.751138 0.607897
vt 0.0669723 -0.00601503
v 42.7314 26.2823 5.47808
vn 0.278616 0.82323 0.494636
vt 0.0669565 -0.00562135
v 42.7314 26.2823 5.47808
vn -0.278616 -0.82323 -0.494636
vt 0.0669565 -0.00562135
v 42.7325 26.2865 5.47245
vn -0.257396 -0.751138 -0.607897
vt 0.0669723 -0.00601503
v 43.1753 26.1987 5.47245
vn -0.0542165 -0.792163 -0.607897
vt 0.0920502 -0.00601503
v 43.1753 26.1042 5.28346
vn 0.0540569 0.892715 -0.447368
vt 0.0930714 0.00812765
v 42.7325 26.2865 5.47245
vn 0.288352 0.847502 -0.445638
vt 0.0669723 0.0198215
v 43.1753 26.1987 5.47245
vn 0.0591773 0.893255 -0.445638
vt 0.0920502 0.0198215
v 43.1753 26.1987 5.47245
vn -0.0591773 -0.893255 0.445638
vt 0.0920502 0.0198215
v 42.7325 26.2865 5.47245
vn -0.288352 -0.847502 0.445638
vt 0.0669723 0.0198215
v 43.1753 26.1042 5.28346
vn -0.0540569 -0.892715 0.447368
vt 0.0930714 0.00812765
v 41.5514 28.0363 5.4929
vn 0.964778 -0.0618694 0.255687
vt -0.1062 0.0169092
v 41.5575 28.0363 5.47808
vn 0.867293 -0.0561404 0.494623
vt -0.106267 0.0160203
v 41.6455 28.4802 5.47808
vn 0.823242 -0.278621 0.494614
vt -0.131407 0.0160203
v 41.6455 28.4802 5.47808
vn -0.823242 0.278621 -0.494614
vt -0.131407 0.0160203
v 41.5575 28.0363 5.47808
vn -0.867293 0.0561404 -0.494623
vt -0.106267 0.0160203
v 41.5514 28.0363 5.4929
vn -0.964778 0.0618694 -0.255687
vt -0.1062 0.0169092
v 41.5575 28.0363 5.47808
vn 0.867293 -0.0561404 0.494623
vt -0.106264 0.0182401
v 41.5619 28.0363 5.47245
vn 0.792183 -0.0542869 0.607864
vt -0.106311 0.0178489
v 41.6497 28.4791 5.47245
vn 0.751182 -0.257415 0.607835
vt -0.131389 0.0178489
v 41.6497 28.4791 5.47245
vn -0.751182 0.257415 -0.607835
vt -0.131389 0.0178489
v 41.5619 28.0363 5.47245
vn -0.792183 0.0542869 -0.607864
vt -0.106311 0.0178489
v 41.5575 28.0363 5.47808
vn -0.867293 0.0561404 -0.494623
vt -0.106264 0.0182401
v 41.5619 28.0363 5.47245
vn 0.893255 -0.0591773 -0.445638
vt -0.106311 0.00249926
v 41.4674 28.0363 5.28346
vn 0.892715 -0.0540569 -0.447368
vt -0.10529 -0.00919463
v 41.6497 28.4791 5.47245
vn 0.847502 -0.288352 -0.445638
vt -0.131389 0.00249926
v 41.6497 28.4791 5.47245
vn -0.847502 0.288352 0.445638
vt -0.131389 0.00249926
v 41.4674 28.0363 5.28346
vn -0.892715 0.0540569 0.447368
vt -0.10529 -0.00919463
v 41.5619 28.0363 5.47245
vn -0.893255 0.0591773 0.445638
vt -0.106311 0.00249926
v 41.7261 27.1523 5.5088
vn 0.896124 0.443803 9.27712e-013
vt -0.0403841 0.00663724
v 41.9806 26.776 5.4929
vn 0.725908 0.638507 0.255668
vt -0.0151472 0.00574599
v 41.7279 27.1533 5.4929
vn 0.866431 0.428872 0.255668
vt -0.0403764 0.00574599
v 41.7279 27.1533 5.4929
vn -0.866431 -0.428872 -0.255668
vt -0.0403764 0.00574599
v 41.9806 26.776 5.4929
vn -0.725908 -0.638507 -0.255668
vt -0.0151472 0.00574599
v 41.7261 27.1523 5.5088
vn -0.896124 -0.443803 -9.27712e-013
vt -0.0403841 0.00663724
v 42.3254 26.4822 5.47808
vn 0.482208 0.723045 0.494653
vt 0.0220379 -0.00775014
v 41.9806 26.776 5.4929
vn 0.725908 0.638507 0.255668
vt -0.00312508 -0.00686131
v 42.3223 26.4769 5.4929
vn 0.535915 0.804629 0.255668
vt 0.0221041 -0.00686131
v 42.3223 26.4769 5.4929
vn -0.535915 -0.804629 -0.255668
vt 0.0221041 -0.00686131
v 41.9806 26.776 5.4929
vn -0.725908 -0.638507 -0.255668
vt -0.00312508 -0.00686131
v 42.3254 26.4822 5.47808
vn -0.482208 -0.723045 -0.494653
vt 0.0220379 -0.00775014
v 41.5795 27.5827 5.5088
vn 0.980454 0.196747 1.00769e-012
vt -0.0757436 0.0081956
v 41.7279 27.1533 5.4929
vn 0.866431 0.428872 0.255668
vt -0.0505066 0.00730435
v 41.5815 27.5832 5.4929
vn 0.947908 0.19001 0.255668
vt -0.0757358 0.00730435
v 41.5815 27.5832 5.4929
vn -0.947908 -0.19001 -0.255668
vt -0.0757358 0.00730435
v 41.7279 27.1533 5.4929
vn -0.866431 -0.428872 -0.255668
vt -0.0505066 0.00730435
v 41.5795 27.5827 5.5088
vn -0.980454 -0.196747 -1.00769e-012
vt -0.0757436 0.0081956
v 41.5815 27.5832 5.4929
vn 0.947908 0.19001 0.255668
vt -0.0815644 0.0100016
v 41.5514 28.0363 5.4929
vn 0.964778 -0.0618694 0.255687
vt -0.106794 0.0100016
v 41.5493 28.0363 5.5088
vn 0.997967 -0.0637361 1.19785e-005
vt -0.106801 0.0108928
v 41.5493 28.0363 5.5088
vn -0.997967 0.0637361 -1.19785e-005
vt -0.106801 0.0108928
v 41.5514 28.0363 5.4929
vn -0.964778 0.0618694 -0.255687
vt -0.106794 0.0100016
v 41.5815 27.5832 5.4929
vn -0.947908 -0.19001 -0.255668
vt -0.0815644 0.0100016
v 42.7325 26.2865 5.47245
vn 0.257396 0.751138 0.607897
vt 0.0585869 -0.0157429
v 42.3254 26.4822 5.47808
vn 0.482208 0.723045 0.494653
vt 0.0334931 -0.0153516
v 42.7314 26.2823 5.47808
vn 0.278616 0.82323 0.494636
vt 0.0586335 -0.0153516
v 42.7314 26.2823 5.47808
vn -0.278616 -0.82323 -0.494636
vt 0.0586335 -0.0153516
v 42.3254 26.4822 5.47808
vn -0.482208 -0.723045 -0.494653
vt 0.0334931 -0.0153516
v 42.7325 26.2865 5.47245
vn -0.257396 -0.751138 -0.607897
vt 0.0585869 -0.0157429
v 43.1753 26.1042 5.28346
vn 0.0540569 0.892715 -0.447368
vt 0.0931329 0.00809901
v 42.708 26.1952 5.28346
vn 0.283267 0.848305 -0.447368
vt 0.0666873 0.00809901
v 42.7325 26.2865 5.47245
vn 0.288352 0.847502 -0.445638
vt 0.0670513 0.0198318
v 42.7325 26.2865 5.47245
vn -0.288352 -0.847502 0.445638
vt 0.0670513 0.0198318
v 42.708 26.1952 5.28346
vn -0.283267 -0.848305 0.447368
vt 0.0666873 0.00809901
v 43.1753 26.1042 5.28346
vn -0.0540569 -0.892715 0.447368
vt 0.0931329 0.00809901
v 41.5514 28.0363 5.4929
vn 0.964778 -0.0618694 0.255687
vt -0.106796 0.00626198
v 41.5875 27.5848 5.47808
vn 0.852246 0.170327 0.494636
vt -0.0816334 0.00537097
v 41.5575 28.0363 5.47808
vn 0.867293 -0.0561404 0.494623
vt -0.106774 0.00537097
v 41.5575 28.0363 5.47808
vn -0.867293 0.0561404 -0.494623
vt -0.106774 0.00537097
v 41.5875 27.5848 5.47808
vn -0.852246 -0.170327 -0.494636
vt -0.0816334 0.00537097
v 41.5514 28.0363 5.4929
vn -0.964778 0.0618694 -0.255687
vt -0.106796 0.00626198
v 41.5575 28.0363 5.47808
vn 0.867293 -0.0561404 0.494623
vt -0.106776 0.00124039
v 41.5916 27.5859 5.47245
vn 0.779203 0.152658 0.607897
vt -0.081682 0.000846716
v 41.5619 28.0363 5.47245
vn 0.792183 -0.0542869 0.607864
vt -0.10676 0.000846716
v 41.5619 28.0363 5.47245
vn -0.792183 0.0542869 -0.607864
vt -0.10676 0.000846716
v 41.5916 27.5859 5.47245
vn -0.779203 -0.152658 -0.607897
vt -0.081682 0.000846716
v 41.5575 28.0363 5.47808
vn -0.867293 0.0561404 -0.494623
vt -0.106776 0.00124039
v 41.5619 28.0363 5.47245
vn 0.893255 -0.0591773 -0.445638
vt -0.106718 0.0150543
v 41.5004 27.5615 5.28346
vn 0.876287 0.178837 -0.447368
vt -0.0806363 0.00332152
v 41.4674 28.0363 5.28346
vn 0.892715 -0.0540569 -0.447368
vt -0.107082 0.00332152
v 41.4674 28.0363 5.28346
vn -0.892715 0.0540569 0.447368
vt -0.107082 0.00332152
v 41.5004 27.5615 5.28346
vn -0.876287 -0.178837 0.447368
vt -0.0806363 0.00332152
v 41.5619 28.0363 5.47245
vn -0.893255 0.0591773 0.445638
vt -0.106718 0.0150543
v 41.9806 26.776 5.4929
vn 0.725908 0.638507 0.255668
vt -0.0151472 -0.00595574
v 41.9849 26.7803 5.47808
vn 0.652876 0.573646 0.494655
vt -0.0152134 -0.00684457
v 41.7279 27.1533 5.4929
vn 0.866431 0.428872 0.255668
vt -0.0403764 -0.00595574
v 41.7279 27.1533 5.4929
vn -0.866431 -0.428872 -0.255668
vt -0.0403764 -0.00595574
v 41.9849 26.7803 5.47808
vn -0.652876 -0.573646 -0.494655
vt -0.0152134 -0.00684457
v 41.9806 26.776 5.4929
vn -0.725908 -0.638507 -0.255668
vt -0.0151472 -0.00595574
v 42.3254 26.4822 5.47808
vn 0.482208 0.723045 0.494653
vt 0.0220272 -0.00803733
v 41.9849 26.7803 5.47808
vn 0.652876 0.573646 0.494655
vt -0.00311322 -0.00803733
v 41.9806 26.776 5.4929
vn 0.725908 0.638507 0.255668
vt -0.00313578 -0.00714632
v 41.9806 26.776 5.4929
vn -0.725908 -0.638507 -0.255668
vt -0.00313578 -0.00714632
v 41.9849 26.7803 5.47808
vn -0.652876 -0.573646 -0.494655
vt -0.00311322 -0.00803733
v 42.3254 26.4822 5.47808
vn -0.482208 -0.723045 -0.494653
vt 0.0220272 -0.00803733
v 41.7279 27.1533 5.4929
vn 0.866431 0.428872 0.255668
vt -0.0505066 -0.00145162
v 41.7332 27.1564 5.47808
vn 0.779123 0.385101 0.494636
vt -0.0505728 -0.00234045
v 41.5815 27.5832 5.4929
vn 0.947908 0.19001 0.255668
vt -0.0757358 -0.00145162
v 41.5815 27.5832 5.4929
vn -0.947908 -0.19001 -0.255668
vt -0.0757358 -0.00145162
v 41.7332 27.1564 5.47808
vn -0.779123 -0.385101 -0.494636
vt -0.0505728 -0.00234045
v 41.7279 27.1533 5.4929
vn -0.866431 -0.428872 -0.255668
vt -0.0505066 -0.00145162
v 41.5815 27.5832 5.4929
vn 0.947908 0.19001 0.255668
vt -0.0815644 0.00634412
v 41.5875 27.5848 5.47808
vn 0.852246 0.170327 0.494636
vt -0.0816306 0.00545529
v 41.5514 28.0363 5.4929
vn 0.964778 -0.0618694 0.255687
vt -0.106794 0.00634412
v 41.5514 28.0363 5.4929
vn -0.964778 0.0618694 -0.255687
vt -0.106794 0.00634412
v 41.5875 27.5848 5.47808
vn -0.852246 -0.170327 -0.494636
vt -0.0816306 0.00545529
v 41.5815 27.5832 5.4929
vn -0.947908 -0.19001 -0.255668
vt -0.0815644 0.00634412
v 42.7325 26.2865 5.47245
vn 0.257396 0.751138 0.607897
vt 0.0585804 -0.0160636
v 42.3275 26.4859 5.47245
vn 0.443106 0.658908 0.607864
vt 0.0335025 -0.0160636
v 42.3254 26.4822 5.47808
vn 0.482208 0.723045 0.494653
vt 0.0334867 -0.01567
v 42.3254 26.4822 5.47808
vn -0.482208 -0.723045 -0.494653
vt 0.0334867 -0.01567
v 42.3275 26.4859 5.47245
vn -0.443106 -0.658908 -0.607864
vt 0.0335025 -0.0160636
v 42.7325 26.2865 5.47245
vn -0.257396 -0.751138 -0.607897
vt 0.0585804 -0.0160636
v 42.708 26.1952 5.28346
vn 0.283267 0.848305 -0.447368
vt 0.0596016 0.0154062
v 42.3275 26.4859 5.47245
vn 0.497877 0.743993 -0.445638
vt 0.0335025 0.0271001
v 42.7325 26.2865 5.47245
vn 0.288352 0.847502 -0.445638
vt 0.0585804 0.0271001
v 42.7325 26.2865 5.47245
vn -0.288352 -0.847502 0.445638
vt 0.0585804 0.0271001
v 42.3275 26.4859 5.47245
vn -0.497877 -0.743993 0.445638
vt 0.0335025 0.0271001
v 42.708 26.1952 5.28346
vn -0.283267 -0.848305 0.447368
vt 0.0596016 0.0154062
v 41.5875 27.5848 5.47808
vn 0.852246 0.170327 0.494636
vt -0.0816334 0.00136291
v 41.5916 27.5859 5.47245
vn 0.779203 0.152658 0.607897
vt -0.08168 0.000971679
v 41.5575 28.0363 5.47808
vn 0.867293 -0.0561404 0.494623
vt -0.106774 0.00136291
v 41.5575 28.0363 5.47808
vn -0.867293 0.0561404 -0.494623
vt -0.106774 0.00136291
v 41.5916 27.5859 5.47245
vn -0.779203 -0.152658 -0.607897
vt -0.08168 0.000971679
v 41.5875 27.5848 5.47808
vn -0.852246 -0.170327 -0.494636
vt -0.0816334 0.00136291
v 41.5916 27.5859 5.47245
vn 0.878134 0.174031 -0.445638
vt -0.081682 0.0148514
v 41.5004 27.5615 5.28346
vn 0.876287 0.178837 -0.447368
vt -0.0806608 0.00315747
v 41.5619 28.0363 5.47245
vn 0.893255 -0.0591773 -0.445638
vt -0.10676 0.0148514
v 41.5619 28.0363 5.47245
vn -0.893255 0.0591773 0.445638
vt -0.10676 0.0148514
v 41.5004 27.5615 5.28346
vn -0.876287 -0.178837 0.447368
vt -0.0806608 0.00315747
v 41.5916 27.5859 5.47245
vn -0.878134 -0.174031 0.445638
vt -0.081682 0.0148514
v 41.7279 27.1533 5.4929
vn 0.866431 0.428872 0.255668
vt -0.0403866 -0.00622421
v 41.9849 26.7803 5.47808
vn 0.652876 0.573646 0.494655
vt -0.0152236 -0.00711522
v 41.7332 27.1564 5.47808
vn 0.779123 0.385101 0.494636
vt -0.040364 -0.00711522
v 41.7332 27.1564 5.47808
vn -0.779123 -0.385101 -0.494636
vt -0.040364 -0.00711522
v 41.9849 26.7803 5.47808
vn -0.652876 -0.573646 -0.494655
vt -0.0152236 -0.00711522
v 41.7279 27.1533 5.4929
vn -0.866431 -0.428872 -0.255668
vt -0.0403866 -0.00622421
v 41.988 26.7834 5.47245
vn 0.598454 0.52187 0.607868
vt -0.00309736 -0.0205037
v 41.9849 26.7803 5.47808
vn 0.652876 0.573646 0.494655
vt -0.00311322 -0.02011
v 42.3254 26.4822 5.47808
vn 0.482208 0.723045 0.494653
vt 0.0220272 -0.02011
v 42.3254 26.4822 5.47808
vn -0.482208 -0.723045 -0.494653
vt 0.0220272 -0.02011
v 41.9849 26.7803 5.47808
vn -0.652876 -0.573646 -0.494655
vt -0.00311322 -0.02011
v 41.988 26.7834 5.47245
vn -0.598454 -0.52187 -0.607868
vt -0.00309736 -0.0205037
v 41.5815 27.5832 5.4929
vn 0.947908 0.19001 0.255668
vt -0.0757433 -0.00165089
v 41.7332 27.1564 5.47808
vn 0.779123 0.385101 0.494636
vt -0.0505803 -0.0025419
v 41.5875 27.5848 5.47808
vn 0.852246 0.170327 0.494636
vt -0.0757207 -0.0025419
v 41.5875 27.5848 5.47808
vn -0.852246 -0.170327 -0.494636
vt -0.0757207 -0.0025419
v 41.7332 27.1564 5.47808
vn -0.779123 -0.385101 -0.494636
vt -0.0505803 -0.0025419
v 41.5815 27.5832 5.4929
vn -0.947908 -0.19001 -0.255668
vt -0.0757433 -0.00165089
v 41.988 26.7834 5.47245
vn 0.598454 0.52187 0.607868
vt -0.00310502 -0.02014
v 42.3254 26.4822 5.47808
vn 0.482208 0.723045 0.494653
vt 0.0220195 -0.0197488
v 42.3275 26.4859 5.47245
vn 0.443106 0.658908 0.607864
vt 0.0219729 -0.02014
v 42.3275 26.4859 5.47245
vn -0.443106 -0.658908 -0.607864
vt 0.0219729 -0.02014
v 42.3254 26.4822 5.47808
vn -0.482208 -0.723045 -0.494653
vt 0.0220195 -0.0197488
v 41.988 26.7834 5.47245
vn -0.598454 -0.52187 -0.607868
vt -0.00310502 -0.02014
v 42.708 26.1952 5.28346
vn 0.283267 0.848305 -0.447368
vt 0.0597188 0.0155271
v 42.2803 26.4041 5.28346
vn 0.493172 0.746085 -0.447368
vt 0.0332732 0.0155271
v 42.3275 26.4859 5.47245
vn 0.497877 0.743993 -0.445638
vt 0.0336371 0.0272598
v 42.3275 26.4859 5.47245
vn -0.497877 -0.743993 0.445638
vt 0.0336371 0.0272598
v 42.2803 26.4041 5.28346
vn -0.493172 -0.746085 0.447368
vt 0.0332732 0.0155271
v 42.708 26.1952 5.28346
vn -0.283267 -0.848305 0.447368
vt 0.0597188 0.0155271
v 41.5875 27.5848 5.47808
vn 0.852246 0.170327 0.494636
vt -0.075726 -0.0113565
v 41.737 27.1585 5.47245
vn 0.713141 0.349129 0.607897
vt -0.0506323 -0.0117502
v 41.5916 27.5859 5.47245
vn 0.779203 0.152658 0.607897
vt -0.0757102 -0.0117502
v 41.5916 27.5859 5.47245
vn -0.779203 -0.152658 -0.607897
vt -0.0757102 -0.0117502
v 41.737 27.1585 5.47245
vn -0.713141 -0.349129 -0.607897
vt -0.0506323 -0.0117502
v 41.5875 27.5848 5.47808
vn -0.852246 -0.170327 -0.494636
vt -0.075726 -0.0113565
v 41.6551 27.1113 5.28346
vn 0.800142 0.399543 -0.447368
vt -0.0495171 0.0125238
v 41.5004 27.5615 5.28346
vn 0.876287 0.178837 -0.447368
vt -0.0759627 0.0125238
v 41.5916 27.5859 5.47245
vn 0.878134 0.174031 -0.445638
vt -0.0755987 0.0242565
v 41.5916 27.5859 5.47245
vn -0.878134 -0.174031 0.445638
vt -0.0755987 0.0242565
v 41.5004 27.5615 5.28346
vn -0.876287 -0.178837 0.447368
vt -0.0759627 0.0125238
v 41.6551 27.1113 5.28346
vn -0.800142 -0.399543 0.447368
vt -0.0495171 0.0125238
v 41.9849 26.7803 5.47808
vn 0.652876 0.573646 0.494655
vt -0.0152236 -0.0182955
v 41.988 26.7834 5.47245
vn 0.598454 0.52187 0.607868
vt -0.0152703 -0.0186868
v 41.7332 27.1564 5.47808
vn 0.779123 0.385101 0.494636
vt -0.040364 -0.0182955
v 41.7332 27.1564 5.47808
vn -0.779123 -0.385101 -0.494636
vt -0.040364 -0.0182955
v 41.988 26.7834 5.47245
vn -0.598454 -0.52187 -0.607868
vt -0.0152703 -0.0186868
v 41.9849 26.7803 5.47808
vn -0.652876 -0.573646 -0.494655
vt -0.0152236 -0.0182955
v 41.7332 27.1564 5.47808
vn 0.779123 0.385101 0.494636
vt -0.0505803 -0.0110952
v 41.737 27.1585 5.47245
vn 0.713141 0.349129 0.607897
vt -0.0506269 -0.0114865
v 41.5875 27.5848 5.47808
vn 0.852246 0.170327 0.494636
vt -0.0757207 -0.0110952
v 41.5875 27.5848 5.47808
vn -0.852246 -0.170327 -0.494636
vt -0.0757207 -0.0110952
v 41.737 27.1585 5.47245
vn -0.713141 -0.349129 -0.607897
vt -0.0506269 -0.0114865
v 41.7332 27.1564 5.47808
vn -0.779123 -0.385101 -0.494636
vt -0.0505803 -0.0110952
v 42.2803 26.4041 5.28346
vn 0.493172 0.746085 -0.447368
vt 0.0229941 0.0186222
v 41.988 26.7834 5.47245
vn 0.673471 0.589782 -0.445638
vt -0.00310502 0.0303161
v 42.3275 26.4859 5.47245
vn 0.497877 0.743993 -0.445638
vt 0.0219729 0.0303161
v 42.3275 26.4859 5.47245
vn -0.497877 -0.743993 0.445638
vt 0.0219729 0.0303161
v 41.988 26.7834 5.47245
vn -0.673471 -0.589782 0.445638
vt -0.00310502 0.0303161
v 42.2803 26.4041 5.28346
vn -0.493172 -0.746085 0.447368
vt 0.0229941 0.0186222
v 41.737 27.1585 5.47245
vn 0.80317 0.395378 -0.445638
vt -0.0506323 0.0239757
v 41.6551 27.1113 5.28346
vn 0.800142 0.399543 -0.447368
vt -0.0496111 0.0122818
v 41.5916 27.5859 5.47245
vn 0.878134 0.174031 -0.445638
vt -0.0757102 0.0239757
v 41.5916 27.5859 5.47245
vn -0.878134 -0.174031 0.445638
vt -0.0757102 0.0239757
v 41.6551 27.1113 5.28346
vn -0.800142 -0.399543 0.447368
vt -0.0496111 0.0122818
v 41.737 27.1585 5.47245
vn -0.80317 -0.395378 0.445638
vt -0.0506323 0.0239757
v 41.7332 27.1564 5.47808
vn 0.779123 0.385101 0.494636
vt -0.0403712 -0.0186387
v 41.988 26.7834 5.47245
vn 0.598454 0.52187 0.607868
vt -0.0152775 -0.0190324
v 41.737 27.1585 5.47245
vn 0.713141 0.349129 0.607897
vt -0.0403554 -0.0190324
v 41.737 27.1585 5.47245
vn -0.713141 -0.349129 -0.607897
vt -0.0403554 -0.0190324
v 41.988 26.7834 5.47245
vn -0.598454 -0.52187 -0.607868
vt -0.0152775 -0.0190324
v 41.7332 27.1564 5.47808
vn -0.779123 -0.385101 -0.494636
vt -0.0403712 -0.0186387
v 42.2803 26.4041 5.28346
vn 0.493172 0.746085 -0.447368
vt 0.023136 0.0188419
v 41.9212 26.7165 5.28346
vn 0.669469 0.593021 -0.447368
vt -0.00330955 0.0188419
v 41.988 26.7834 5.47245
vn 0.673471 0.589782 -0.445638
vt -0.00294562 0.0305746
v 41.988 26.7834 5.47245
vn -0.673471 -0.589782 0.445638
vt -0.00294562 0.0305746
v 41.9212 26.7165 5.28346
vn -0.669469 -0.593021 0.447368
vt -0.00330955 0.0188419
v 42.2803 26.4041 5.28346
vn -0.493172 -0.746085 0.447368
vt 0.023136 0.0188419
v 41.9212 26.7165 5.28346
vn 0.669469 0.593021 -0.447368
vt -0.0141223 0.0178175
v 41.6551 27.1113 5.28346
vn 0.800142 0.399543 -0.447368
vt -0.0405679 0.0178175
v 41.737 27.1585 5.47245
vn 0.80317 0.395378 -0.445638
vt -0.0402039 0.0295502
v 41.737 27.1585 5.47245
vn -0.80317 -0.395378 0.445638
vt -0.0402039 0.0295502
v 41.6551 27.1113 5.28346
vn -0.800142 -0.399543 0.447368
vt -0.0405679 0.0178175
v 41.9212 26.7165 5.28346
vn -0.669469 -0.593021 0.447368
vt -0.0141223 0.0178175
v 41.988 26.7834 5.47245
vn 0.673471 0.589782 -0.445638
vt -0.0152775 0.0292504
v 41.9212 26.7165 5.28346
vn 0.669469 0.593021 -0.447368
vt -0.0142563 0.0175565
v 41.737 27.1585 5.47245
vn 0.80317 0.395378 -0.445638
vt -0.0403554 0.0292504
v 41.737 27.1585 5.47245
vn -0.80317 -0.395378 0.445638
vt -0.0403554 0.0292504
v 41.9212 26.7165 5.28346
vn -0.669469 -0.593021 0.447368
vt -0.0142563 0.0175565
v 41.988 26.7834 5.47245
vn -0.673471 -0.589782 0.445638
vt -0.0152775 0.0292504
v 43.8283 29.5386 5.33724
vn 0.080121 0.239114 -0.96768
vt 0 0
v 43.3927 29.6336 5.33858
vn -0.000679034 -0.0110241 -0.999939
vt 0 0
v 43.8315 29.5481 5.33858
vn -0.00350913 -0.0104727 -0.999939
vt 0 0
v 43.3927 29.6336 5.33858
vn -0.000679034 -0.0110241 -0.999939
vt 0 0
v 43.8283 29.5386 5.33724
vn 0.080121 0.239114 -0.96768
vt 0 0
v 43.3921 29.6236 5.33724
vn 0.0155038 0.251703 -0.96768
vt 0 0
v 42.9467 29.6026 5.33858
vn 0.00219734 -0.0108242 -0.999939
vt 0 0
v 43.3933 29.6436 5.33724
vn -0.0167654 -0.272186 -0.962099
vt 0 0
v 43.3927 29.6336 5.33858
vn -0.000679034 -0.0110241 -0.999939
vt 0 0
v 43.3933 29.6436 5.33724
vn -0.0167654 -0.272186 -0.962099
vt 0 0
v 42.9467 29.6026 5.33858
vn 0.00219734 -0.0108242 -0.999939
vt 0 0
v 42.9447 29.6124 5.33724
vn 0.0542526 -0.26725 -0.962099
vt 0 0
v 42.9487 29.5928 5.33724
vn -0.05017 0.247139 -0.96768
vt 0 0
v 43.3927 29.6336 5.33858
vn -0.000679034 -0.0110241 -0.999939
vt 0 0
v 43.3921 29.6236 5.33724
vn 0.0155038 0.251703 -0.96768
vt 0 0
v 43.3927 29.6336 5.33858
vn -0.000679034 -0.0110241 -0.999939
vt 0 0
v 42.9487 29.5928 5.33724
vn -0.05017 0.247139 -0.96768
vt 0 0
v 42.9467 29.6026 5.33858
vn 0.00219734 -0.0108242 -0.999939
vt 0 0
v 42.5284 29.4482 5.33724
vn -0.112425 0.225733 -0.96768
vt 0 0
v 42.9467 29.6026 5.33858
vn 0.00219734 -0.0108242 -0.999939
vt 0 0
v 42.9487 29.5928 5.33724
vn -0.05017 0.247139 -0.96768
vt 0 0
v 42.9467 29.6026 5.33858
vn 0.00219734 -0.0108242 -0.999939
vt 0 0
v 42.5284 29.4482 5.33724
vn -0.112425 0.225733 -0.96768
vt 0 0
v 42.5239 29.4572 5.33858
vn 0.00492397 -0.00988664 -0.999939
vt 0 0
v 42.5239 29.4572 5.33858
vn 0.00492397 -0.00988664 -0.999939
vt 0 0
v 42.9447 29.6124 5.33724
vn 0.0542526 -0.26725 -0.962099
vt 0 0
v 42.9467 29.6026 5.33858
vn 0.00219734 -0.0108242 -0.999939
vt 0 0
v 42.9447 29.6124 5.33724
vn 0.0542526 -0.26725 -0.962099
vt 0 0
v 42.5239 29.4572 5.33858
vn 0.00492397 -0.00988664 -0.999939
vt 0 0
v 42.5194 29.4662 5.33724
vn 0.121573 -0.244102 -0.962099
vt 0 0
v 42.1531 29.2074 5.33858
vn 0.00731504 -0.00827534 -0.999939
vt 0 0
v 42.5194 29.4662 5.33724
vn 0.121573 -0.244102 -0.962099
vt 0 0
v 42.5239 29.4572 5.33858
vn 0.00492397 -0.00988664 -0.999939
vt 0 0
v 42.5194 29.4662 5.33724
vn 0.121573 -0.244102 -0.962099
vt 0 0
v 42.1531 29.2074 5.33858
vn 0.00731504 -0.00827534 -0.999939
vt 0 0
v 42.1465 29.2149 5.33724
vn 0.180609 -0.204319 -0.962099
vt 0 0
v 42.1598 29.1999 5.33724
vn -0.167018 0.188944 -0.96768
vt 0 0
v 42.5239 29.4572 5.33858
vn 0.00492397 -0.00988664 -0.999939
vt 0 0
v 42.5284 29.4482 5.33724
vn -0.112425 0.225733 -0.96768
vt 0 0
v 42.5239 29.4572 5.33858
vn 0.00492397 -0.00988664 -0.999939
vt 0 0
v 42.1598 29.1999 5.33724
vn -0.167018 0.188944 -0.96768
vt 0 0
v 42.1531 29.2074 5.33858
vn 0.00731504 -0.00827534 -0.999939
vt 0 0
v 41.8597 28.8701 5.33858
vn 0.0092076 -0.00610009 -0.999939
vt 0 0
v 42.1465 29.2149 5.33724
vn 0.180609 -0.204319 -0.962099
vt 0 0
v 42.1531 29.2074 5.33858
vn 0.00731504 -0.00827534 -0.999939
vt 0 0
v 42.1465 29.2149 5.33724
vn 0.180609 -0.204319 -0.962099
vt 0 0
v 41.8597 28.8701 5.33858
vn 0.0092076 -0.00610009 -0.999939
vt 0 0
v 41.8513 28.8756 5.33724
vn 0.227337 -0.150612 -0.962099
vt 0 0
v 41.868 28.8645 5.33724
vn -0.210229 0.139278 -0.96768
vt 0 0
v 42.1531 29.2074 5.33858
vn 0.00731504 -0.00827534 -0.999939
vt 0 0
v 42.1598 29.1999 5.33724
vn -0.167018 0.188944 -0.96768
vt 0 0
v 42.1531 29.2074 5.33858
vn 0.00731504 -0.00827534 -0.999939
vt 0 0
v 41.868 28.8645 5.33724
vn -0.210229 0.139278 -0.96768
vt 0 0
v 41.8597 28.8701 5.33858
vn 0.0092076 -0.00610009 -0.999939
vt 0 0
v 41.6635 28.4683 5.33858
vn 0.0104727 -0.00350913 -0.999939
vt 0 0
v 41.8513 28.8756 5.33724
vn 0.227337 -0.150612 -0.962099
vt 0 0
v 41.8597 28.8701 5.33858
vn 0.0092076 -0.00610009 -0.999939
vt 0 0
v 41.8513 28.8756 5.33724
vn 0.227337 -0.150612 -0.962099
vt 0 0
v 41.6635 28.4683 5.33858
vn 0.0104727 -0.00350913 -0.999939
vt 0 0
v 41.654 28.4715 5.33724
vn 0.258572 -0.086641 -0.962099
vt 0 0
v 41.673 28.4651 5.33724
vn -0.239114 0.080121 -0.96768
vt 0 0
v 41.8597 28.8701 5.33858
vn 0.0092076 -0.00610009 -0.999939
vt 0 0
v 41.868 28.8645 5.33724
vn -0.210229 0.139278 -0.96768
vt 0 0
v 41.8597 28.8701 5.33858
vn 0.0092076 -0.00610009 -0.999939
vt 0 0
v 41.673 28.4651 5.33724
vn -0.239114 0.080121 -0.96768
vt 0 0
v 41.6635 28.4683 5.33858
vn 0.0104727 -0.00350913 -0.999939
vt 0 0
v 41.578 28.0295 5.33858
vn 0.0110241 -0.000679034 -0.999939
vt 0 0
v 41.654 28.4715 5.33724
vn 0.258572 -0.086641 -0.962099
vt 0 0
v 41.6635 28.4683 5.33858
vn 0.0104727 -0.00350913 -0.999939
vt 0 0
v 41.654 28.4715 5.33724
vn 0.258572 -0.086641 -0.962099
vt 0 0
v 41.578 28.0295 5.33858
vn 0.0110241 -0.000679034 -0.999939
vt 0 0
v 41.568 28.0301 5.33724
vn 0.272186 -0.0167654 -0.962099
vt 0 0
v 41.588 28.0289 5.33724
vn -0.251703 0.0155038 -0.96768
vt 0 0
v 41.6635 28.4683 5.33858
vn 0.0104727 -0.00350913 -0.999939
vt 0 0
v 41.673 28.4651 5.33724
vn -0.239114 0.080121 -0.96768
vt 0 0
v 41.6635 28.4683 5.33858
vn 0.0104727 -0.00350913 -0.999939
vt 0 0
v 41.588 28.0289 5.33724
vn -0.251703 0.0155038 -0.96768
vt 0 0
v 41.578 28.0295 5.33858
vn 0.0110241 -0.000679034 -0.999939
vt 0 0
v 41.5992 27.5815 5.33724
vn 0.26725 0.0542526 -0.962099
vt 0 0
v 41.578 28.0295 5.33858
vn 0.0110241 -0.000679034 -0.999939
vt 0 0
v 41.609 27.5835 5.33858
vn 0.0108242 0.00219734 -0.999939
vt 0 0
v 41.578 28.0295 5.33858
vn 0.0110241 -0.000679034 -0.999939
vt 0 0
v 41.5992 27.5815 5.33724
vn 0.26725 0.0542526 -0.962099
vt 0 0
v 41.568 28.0301 5.33724
vn 0.272186 -0.0167654 -0.962099
vt 0 0
v 41.609 27.5835 5.33858
vn 0.0108242 0.00219734 -0.999939
vt 0 0
v 41.588 28.0289 5.33724
vn -0.251703 0.0155038 -0.96768
vt 0 0
v 41.6189 27.5855 5.33724
vn -0.247139 -0.05017 -0.96768
vt 0 0
v 41.588 28.0289 5.33724
vn -0.251703 0.0155038 -0.96768
vt 0 0
v 41.609 27.5835 5.33858
vn 0.0108242 0.00219734 -0.999939
vt 0 0
v 41.578 28.0295 5.33858
vn 0.0110241 -0.000679034 -0.999939
vt 0 0
v 41.7544 27.1607 5.33858
vn 0.00988664 0.00492397 -0.999939
vt 0 0
v 41.6189 27.5855 5.33724
vn -0.247139 -0.05017 -0.96768
vt 0 0
v 41.7634 27.1652 5.33724
vn -0.225733 -0.112425 -0.96768
vt 0 0
v 41.6189 27.5855 5.33724
vn -0.247139 -0.05017 -0.96768
vt 0 0
v 41.7544 27.1607 5.33858
vn 0.00988664 0.00492397 -0.999939
vt 0 0
v 41.609 27.5835 5.33858
vn 0.0108242 0.00219734 -0.999939
vt 0 0
v 43.8315 29.5481 5.33858
vn -0.00350913 -0.0104727 -0.999939
vt 0 0
v 43.3933 29.6436 5.33724
vn -0.0167654 -0.272186 -0.962099
vt 0 0
v 43.8347 29.5576 5.33724
vn -0.086641 -0.258572 -0.962099
vt 0 0
v 43.3933 29.6436 5.33724
vn -0.0167654 -0.272186 -0.962099
vt 0 0
v 43.8315 29.5481 5.33858
vn -0.00350913 -0.0104727 -0.999939
vt 0 0
v 43.3927 29.6336 5.33858
vn -0.000679034 -0.0110241 -0.999939
vt 0 0
v 44.2277 29.3436 5.33724
vn 0.139278 0.210229 -0.96768
vt 0 0
v 43.8315 29.5481 5.33858
vn -0.00350913 -0.0104727 -0.999939
vt 0 0
v 44.2332 29.3519 5.33858
vn -0.00610009 -0.0092076 -0.999939
vt 0 0
v 43.8315 29.5481 5.33858
vn -0.00350913 -0.0104727 -0.999939
vt 0 0
v 44.2277 29.3436 5.33724
vn 0.139278 0.210229 -0.96768
vt 0 0
v 43.8283 29.5386 5.33724
vn 0.080121 0.239114 -0.96768
vt 0 0
v 42.0042 26.79 5.33858
vn 0.00827534 0.00731504 -0.999939
vt 0 0
v 41.7634 27.1652 5.33724
vn -0.225733 -0.112425 -0.96768
vt 0 0
v 42.0117 26.7966 5.33724
vn -0.188944 -0.167018 -0.96768
vt 0 0
v 41.7634 27.1652 5.33724
vn -0.225733 -0.112425 -0.96768
vt 0 0
v 42.0042 26.79 5.33858
vn 0.00827534 0.00731504 -0.999939
vt 0 0
v 41.7544 27.1607 5.33858
vn 0.00988664 0.00492397 -0.999939
vt 0 0
v 41.7454 27.1563 5.33724
vn 0.244102 0.121573 -0.962099
vt 0 0
v 41.609 27.5835 5.33858
vn 0.0108242 0.00219734 -0.999939
vt 0 0
v 41.7544 27.1607 5.33858
vn 0.00988664 0.00492397 -0.999939
vt 0 0
v 41.609 27.5835 5.33858
vn 0.0108242 0.00219734 -0.999939
vt 0 0
v 41.7454 27.1563 5.33724
vn 0.244102 0.121573 -0.962099
vt 0 0
v 41.5992 27.5815 5.33724
vn 0.26725 0.0542526 -0.962099
vt 0 0
v 43.8253 29.5297 5.33331
vn 0.158047 0.471677 -0.867492
vt 0 0
v 43.3921 29.6236 5.33724
vn 0.0155038 0.251703 -0.96768
vt 0 0
v 43.8283 29.5386 5.33724
vn 0.080121 0.239114 -0.96768
vt 0 0
v 43.3921 29.6236 5.33724
vn 0.0155038 0.251703 -0.96768
vt 0 0
v 43.8253 29.5297 5.33331
vn 0.158047 0.471677 -0.867492
vt 0 0
v 43.3915 29.6142 5.33331
vn 0.0305828 0.49651 -0.867492
vt 0 0
v 42.9447 29.6124 5.33724
vn 0.0542526 -0.26725 -0.962099
vt 0 0
v 43.3939 29.6529 5.33331
vn -0.0315852 -0.512783 -0.857937
vt 0 0
v 43.3933 29.6436 5.33724
vn -0.0167654 -0.272186 -0.962099
vt 0 0
v 43.3939 29.6529 5.33331
vn -0.0315852 -0.512783 -0.857937
vt 0 0
v 42.9447 29.6124 5.33724
vn 0.0542526 -0.26725 -0.962099
vt 0 0
v 42.9428 29.6216 5.33331
vn 0.102209 -0.503485 -0.857937
vt 0 0
v 42.9505 29.5836 5.33331
vn -0.0989656 0.487508 -0.867492
vt 0 0
v 43.3921 29.6236 5.33724
vn 0.0155038 0.251703 -0.96768
vt 0 0
v 43.3915 29.6142 5.33331
vn 0.0305828 0.49651 -0.867492
vt 0 0
v 43.3921 29.6236 5.33724
vn 0.0155038 0.251703 -0.96768
vt 0 0
v 42.9505 29.5836 5.33331
vn -0.0989656 0.487508 -0.867492
vt 0 0
v 42.9487 29.5928 5.33724
vn -0.05017 0.247139 -0.96768
vt 0 0
v 42.5325 29.4399 5.33331
vn -0.22177 0.445282 -0.867492
vt 0 0
v 42.9487 29.5928 5.33724
vn -0.05017 0.247139 -0.96768
vt 0 0
v 42.9505 29.5836 5.33331
vn -0.0989656 0.487508 -0.867492
vt 0 0
v 42.9487 29.5928 5.33724
vn -0.05017 0.247139 -0.96768
vt 0 0
v 42.5325 29.4399 5.33331
vn -0.22177 0.445282 -0.867492
vt 0 0
v 42.5284 29.4482 5.33724
vn -0.112425 0.225733 -0.96768
vt 0 0
v 42.5194 29.4662 5.33724
vn 0.121573 -0.244102 -0.962099
vt 0 0
v 42.9428 29.6216 5.33331
vn 0.102209 -0.503485 -0.857937
vt 0 0
v 42.9447 29.6124 5.33724
vn 0.0542526 -0.26725 -0.962099
vt 0 0
v 42.9428 29.6216 5.33331
vn 0.102209 -0.503485 -0.857937
vt 0 0
v 42.5194 29.4662 5.33724
vn 0.121573 -0.244102 -0.962099
vt 0 0
v 42.5152 29.4746 5.33331
vn 0.229038 -0.459876 -0.857937
vt 0 0
v 42.1465 29.2149 5.33724
vn 0.180609 -0.204319 -0.962099
vt 0 0
v 42.5152 29.4746 5.33331
vn 0.229038 -0.459876 -0.857937
vt 0 0
v 42.5194 29.4662 5.33724
vn 0.121573 -0.244102 -0.962099
vt 0 0
v 42.5152 29.4746 5.33331
vn 0.229038 -0.459876 -0.857937
vt 0 0
v 42.1465 29.2149 5.33724
vn 0.180609 -0.204319 -0.962099
vt 0 0
v 42.1403 29.2219 5.33331
vn 0.340258 -0.384927 -0.857937
vt 0 0
v 42.166 29.1929 5.33331
vn -0.32946 0.372711 -0.867492
vt 0 0
v 42.5284 29.4482 5.33724
vn -0.112425 0.225733 -0.96768
vt 0 0
v 42.5325 29.4399 5.33331
vn -0.22177 0.445282 -0.867492
vt 0 0
v 42.5284 29.4482 5.33724
vn -0.112425 0.225733 -0.96768
vt 0 0
v 42.166 29.1929 5.33331
vn -0.32946 0.372711 -0.867492
vt 0 0
v 42.1598 29.1999 5.33724
vn -0.167018 0.188944 -0.96768
vt 0 0
v 41.8513 28.8756 5.33724
vn 0.227337 -0.150612 -0.962099
vt 0 0
v 42.1403 29.2219 5.33331
vn 0.340258 -0.384927 -0.857937
vt 0 0
v 42.1465 29.2149 5.33724
vn 0.180609 -0.204319 -0.962099
vt 0 0
v 42.1403 29.2219 5.33331
vn 0.340258 -0.384927 -0.857937
vt 0 0
v 41.8513 28.8756 5.33724
vn 0.227337 -0.150612 -0.962099
vt 0 0
v 41.8435 28.8808 5.33331
vn 0.428291 -0.283745 -0.857937
vt 0 0
v 41.8758 28.8594 5.33331
vn -0.414699 0.274741 -0.867492
vt 0 0
v 42.1598 29.1999 5.33724
vn -0.167018 0.188944 -0.96768
vt 0 0
v 42.166 29.1929 5.33331
vn -0.32946 0.372711 -0.867492
vt 0 0
v 42.1598 29.1999 5.33724
vn -0.167018 0.188944 -0.96768
vt 0 0
v 41.8758 28.8594 5.33331
vn -0.414699 0.274741 -0.867492
vt 0 0
v 41.868 28.8645 5.33724
vn -0.210229 0.139278 -0.96768
vt 0 0
v 41.654 28.4715 5.33724
vn 0.258572 -0.086641 -0.962099
vt 0 0
v 41.8435 28.8808 5.33331
vn 0.428291 -0.283745 -0.857937
vt 0 0
v 41.8513 28.8756 5.33724
vn 0.227337 -0.150612 -0.962099
vt 0 0
v 41.8435 28.8808 5.33331
vn 0.428291 -0.283745 -0.857937
vt 0 0
v 41.654 28.4715 5.33724
vn 0.258572 -0.086641 -0.962099
vt 0 0
v 41.6451 28.4745 5.33331
vn 0.487136 -0.163227 -0.857937
vt 0 0
v 41.6819 28.4622 5.33331
vn -0.471677 0.158047 -0.867492
vt 0 0
v 41.868 28.8645 5.33724
vn -0.210229 0.139278 -0.96768
vt 0 0
v 41.8758 28.8594 5.33331
vn -0.414699 0.274741 -0.867492
vt 0 0
v 41.868 28.8645 5.33724
vn -0.210229 0.139278 -0.96768
vt 0 0
v 41.6819 28.4622 5.33331
vn -0.471677 0.158047 -0.867492
vt 0 0
v 41.673 28.4651 5.33724
vn -0.239114 0.080121 -0.96768
vt 0 0
v 41.568 28.0301 5.33724
vn 0.272186 -0.0167654 -0.962099
vt 0 0
v 41.6451 28.4745 5.33331
vn 0.487136 -0.163227 -0.857937
vt 0 0
v 41.654 28.4715 5.33724
vn 0.258572 -0.086641 -0.962099
vt 0 0
v 41.6451 28.4745 5.33331
vn 0.487136 -0.163227 -0.857937
vt 0 0
v 41.568 28.0301 5.33724
vn 0.272186 -0.0167654 -0.962099
vt 0 0
v 41.5587 28.0307 5.33331
vn 0.512783 -0.0315852 -0.857937
vt 0 0
v 41.5974 28.0283 5.33331
vn -0.49651 0.0305828 -0.867492
vt 0 0
v 41.673 28.4651 5.33724
vn -0.239114 0.080121 -0.96768
vt 0 0
v 41.6819 28.4622 5.33331
vn -0.471677 0.158047 -0.867492
vt 0 0
v 41.673 28.4651 5.33724
vn -0.239114 0.080121 -0.96768
vt 0 0
v 41.5974 28.0283 5.33331
vn -0.49651 0.0305828 -0.867492
vt 0 0
v 41.588 28.0289 5.33724
vn -0.251703 0.0155038 -0.96768
vt 0 0
v 41.59 27.5797 5.33331
vn 0.503485 0.102209 -0.857937
vt 0 0
v 41.568 28.0301 5.33724
vn 0.272186 -0.0167654 -0.962099
vt 0 0
v 41.5992 27.5815 5.33724
vn 0.26725 0.0542526 -0.962099
vt 0 0
v 41.568 28.0301 5.33724
vn 0.272186 -0.0167654 -0.962099
vt 0 0
v 41.59 27.5797 5.33331
vn 0.503485 0.102209 -0.857937
vt 0 0
v 41.5587 28.0307 5.33331
vn 0.512783 -0.0315852 -0.857937
vt 0 0
v 41.6189 27.5855 5.33724
vn -0.247139 -0.05017 -0.96768
vt 0 0
v 41.5974 28.0283 5.33331
vn -0.49651 0.0305828 -0.867492
vt 0 0
v 41.628 27.5874 5.33331
vn -0.487508 -0.0989656 -0.867492
vt 0 0
v 41.5974 28.0283 5.33331
vn -0.49651 0.0305828 -0.867492
vt 0 0
v 41.6189 27.5855 5.33724
vn -0.247139 -0.05017 -0.96768
vt 0 0
v 41.588 28.0289 5.33724
vn -0.251703 0.0155038 -0.96768
vt 0 0
v 41.7634 27.1652 5.33724
vn -0.225733 -0.112425 -0.96768
vt 0 0
v 41.628 27.5874 5.33331
vn -0.487508 -0.0989656 -0.867492
vt 0 0
v 41.7717 27.1694 5.33331
vn -0.445282 -0.22177 -0.867492
vt 0 0
v 41.628 27.5874 5.33331
vn -0.487508 -0.0989656 -0.867492
vt 0 0
v 41.7634 27.1652 5.33724
vn -0.225733 -0.112425 -0.96768
vt 0 0
v 41.6189 27.5855 5.33724
vn -0.247139 -0.05017 -0.96768
vt 0 0
v 44.2225 29.3358 5.33331
vn 0.274741 0.414699 -0.867492
vt 0 0
v 43.8283 29.5386 5.33724
vn 0.080121 0.239114 -0.96768
vt 0 0
v 44.2277 29.3436 5.33724
vn 0.139278 0.210229 -0.96768
vt 0 0
v 43.8283 29.5386 5.33724
vn 0.080121 0.239114 -0.96768
vt 0 0
v 44.2225 29.3358 5.33331
vn 0.274741 0.414699 -0.867492
vt 0 0
v 43.8253 29.5297 5.33331
vn 0.158047 0.471677 -0.867492
vt 0 0
v 43.8347 29.5576 5.33724
vn -0.086641 -0.258572 -0.962099
vt 0 0
v 43.3939 29.6529 5.33331
vn -0.0315852 -0.512783 -0.857937
vt 0 0
v 43.8377 29.5665 5.33331
vn -0.163227 -0.487136 -0.857937
vt 0 0
v 43.3939 29.6529 5.33331
vn -0.0315852 -0.512783 -0.857937
vt 0 0
v 43.8347 29.5576 5.33724
vn -0.086641 -0.258572 -0.962099
vt 0 0
v 43.3933 29.6436 5.33724
vn -0.0167654 -0.272186 -0.962099
vt 0 0
v 44.2332 29.3519 5.33858
vn -0.00610009 -0.0092076 -0.999939
vt 0 0
v 43.8347 29.5576 5.33724
vn -0.086641 -0.258572 -0.962099
vt 0 0
v 44.2388 29.3603 5.33724
vn -0.150612 -0.227337 -0.962099
vt 0 0
v 43.8347 29.5576 5.33724
vn -0.086641 -0.258572 -0.962099
vt 0 0
v 44.2332 29.3519 5.33858
vn -0.00610009 -0.0092076 -0.999939
vt 0 0
v 43.8315 29.5481 5.33858
vn -0.00350913 -0.0104727 -0.999939
vt 0 0
v 44.563 29.0518 5.33724
vn 0.188944 0.167018 -0.96768
vt 0 0
v 44.2332 29.3519 5.33858
vn -0.00610009 -0.0092076 -0.999939
vt 0 0
v 44.5705 29.0585 5.33858
vn -0.00827534 -0.00731504 -0.999939
vt 0 0
v 44.2332 29.3519 5.33858
vn -0.00610009 -0.0092076 -0.999939
vt 0 0
v 44.563 29.0518 5.33724
vn 0.188944 0.167018 -0.96768
vt 0 0
v 44.2277 29.3436 5.33724
vn 0.139278 0.210229 -0.96768
vt 0 0
v 42.3415 26.4965 5.33858
vn 0.00610009 0.0092076 -0.999939
vt 0 0
v 42.0117 26.7966 5.33724
vn -0.188944 -0.167018 -0.96768
vt 0 0
v 42.3471 26.5049 5.33724
vn -0.139278 -0.210229 -0.96768
vt 0 0
v 42.0117 26.7966 5.33724
vn -0.188944 -0.167018 -0.96768
vt 0 0
v 42.3415 26.4965 5.33858
vn 0.00610009 0.0092076 -0.999939
vt 0 0
v 42.0042 26.79 5.33858
vn 0.00827534 0.00731504 -0.999939
vt 0 0
v 42.0117 26.7966 5.33724
vn -0.188944 -0.167018 -0.96768
vt 0 0
v 41.7717 27.1694 5.33331
vn -0.445282 -0.22177 -0.867492
vt 0 0
v 42.0188 26.8028 5.33331
vn -0.372711 -0.32946 -0.867492
vt 0 0
v 41.7717 27.1694 5.33331
vn -0.445282 -0.22177 -0.867492
vt 0 0
v 42.0117 26.7966 5.33724
vn -0.188944 -0.167018 -0.96768
vt 0 0
v 41.7634 27.1652 5.33724
vn -0.225733 -0.112425 -0.96768
vt 0 0
v 41.9967 26.7833 5.33724
vn 0.204319 0.180609 -0.962099
vt 0 0
v 41.7544 27.1607 5.33858
vn 0.00988664 0.00492397 -0.999939
vt 0 0
v 42.0042 26.79 5.33858
vn 0.00827534 0.00731504 -0.999939
vt 0 0
v 41.7544 27.1607 5.33858
vn 0.00988664 0.00492397 -0.999939
vt 0 0
v 41.9967 26.7833 5.33724
vn 0.204319 0.180609 -0.962099
vt 0 0
v 41.7454 27.1563 5.33724
vn 0.244102 0.121573 -0.962099
vt 0 0
v 41.737 27.1521 5.33331
vn 0.459876 0.229038 -0.857937
vt 0 0
v 41.5992 27.5815 5.33724
vn 0.26725 0.0542526 -0.962099
vt 0 0
v 41.7454 27.1563 5.33724
vn 0.244102 0.121573 -0.962099
vt 0 0
v 41.5992 27.5815 5.33724
vn 0.26725 0.0542526 -0.962099
vt 0 0
v 41.737 27.1521 5.33331
vn 0.459876 0.229038 -0.857937
vt 0 0
v 41.59 27.5797 5.33331
vn 0.503485 0.102209 -0.857937
vt 0 0
v 43.8228 29.5221 5.32705
vn 0.224628 0.670381 -0.707199
vt 0 0
v 43.3915 29.6142 5.33331
vn 0.0305828 0.49651 -0.867492
vt 0 0
v 43.8253 29.5297 5.33331
vn 0.158047 0.471677 -0.867492
vt 0 0
v 43.3915 29.6142 5.33331
vn 0.0305828 0.49651 -0.867492
vt 0 0
v 43.8228 29.5221 5.32705
vn 0.224628 0.670381 -0.707199
vt 0 0
v 43.391 29.6062 5.32705
vn 0.0434666 0.705677 -0.707199
vt 0 0
v 42.9428 29.6216 5.33331
vn 0.102209 -0.503485 -0.857937
vt 0 0
v 43.3944 29.6609 5.32705
vn -0.0441242 -0.716354 -0.696341
vt 0 0
v 43.3939 29.6529 5.33331
vn -0.0315852 -0.512783 -0.857937
vt 0 0
v 43.3944 29.6609 5.32705
vn -0.0441242 -0.716354 -0.696341
vt 0 0
v 42.9428 29.6216 5.33331
vn 0.102209 -0.503485 -0.857937
vt 0 0
v 42.9412 29.6294 5.32705
vn 0.142785 -0.703365 -0.696341
vt 0 0
v 42.9521 29.5757 5.32705
vn -0.140657 0.692881 -0.707199
vt 0 0
v 43.3915 29.6142 5.33331
vn 0.0305828 0.49651 -0.867492
vt 0 0
v 43.391 29.6062 5.32705
vn 0.0434666 0.705677 -0.707199
vt 0 0
v 43.3915 29.6142 5.33331
vn 0.0305828 0.49651 -0.867492
vt 0 0
v 42.9521 29.5757 5.32705
vn -0.140657 0.692881 -0.707199
vt 0 0
v 42.9505 29.5836 5.33331
vn -0.0989656 0.487508 -0.867492
vt 0 0
v 42.5361 29.4327 5.32705
vn -0.315195 0.632867 -0.707199
vt 0 0
v 42.9505 29.5836 5.33331
vn -0.0989656 0.487508 -0.867492
vt 0 0
v 42.9521 29.5757 5.32705
vn -0.140657 0.692881 -0.707199
vt 0 0
v 42.9505 29.5836 5.33331
vn -0.0989656 0.487508 -0.867492
vt 0 0
v 42.5361 29.4327 5.32705
vn -0.315195 0.632867 -0.707199
vt 0 0
v 42.5325 29.4399 5.33331
vn -0.22177 0.445282 -0.867492
vt 0 0
v 42.5152 29.4746 5.33331
vn 0.229038 -0.459876 -0.857937
vt 0 0
v 42.9412 29.6294 5.32705
vn 0.142785 -0.703365 -0.696341
vt 0 0
v 42.9428 29.6216 5.33331
vn 0.102209 -0.503485 -0.857937
vt 0 0
v 42.9412 29.6294 5.32705
vn 0.142785 -0.703365 -0.696341
vt 0 0
v 42.5152 29.4746 5.33331
vn 0.229038 -0.459876 -0.857937
vt 0 0
v 42.5117 29.4817 5.32705
vn 0.319964 -0.642443 -0.696341
vt 0 0
v 42.1403 29.2219 5.33331
vn 0.340258 -0.384927 -0.857937
vt 0 0
v 42.5117 29.4817 5.32705
vn 0.319964 -0.642443 -0.696341
vt 0 0
v 42.5152 29.4746 5.33331
vn 0.229038 -0.459876 -0.857937
vt 0 0
v 42.5117 29.4817 5.32705
vn 0.319964 -0.642443 -0.696341
vt 0 0
v 42.1403 29.2219 5.33331
vn 0.340258 -0.384927 -0.857937
vt 0 0
v 42.135 29.2279 5.32705
vn 0.475338 -0.537739 -0.696341
vt 0 0
v 42.1713 29.1868 5.32705
vn -0.468253 0.529724 -0.707199
vt 0 0
v 42.5325 29.4399 5.33331
vn -0.22177 0.445282 -0.867492
vt 0 0
v 42.5361 29.4327 5.32705
vn -0.315195 0.632867 -0.707199
vt 0 0
v 42.5325 29.4399 5.33331
vn -0.22177 0.445282 -0.867492
vt 0 0
v 42.1713 29.1868 5.32705
vn -0.468253 0.529724 -0.707199
vt 0 0
v 42.166 29.1929 5.33331
vn -0.32946 0.372711 -0.867492
vt 0 0
v 41.8435 28.8808 5.33331
vn 0.428291 -0.283745 -0.857937
vt 0 0
v 42.135 29.2279 5.32705
vn 0.475338 -0.537739 -0.696341
vt 0 0
v 42.1403 29.2219 5.33331
vn 0.340258 -0.384927 -0.857937
vt 0 0
v 42.135 29.2279 5.32705
vn 0.475338 -0.537739 -0.696341
vt 0 0
v 41.8435 28.8808 5.33331
vn 0.428291 -0.283745 -0.857937
vt 0 0
v 41.8368 28.8852 5.32705
vn 0.598319 -0.39639 -0.696341
vt 0 0
v 41.8825 28.8549 5.32705
vn -0.589401 0.390482 -0.707199
vt 0 0
v 42.166 29.1929 5.33331
vn -0.32946 0.372711 -0.867492
vt 0 0
v 42.1713 29.1868 5.32705
vn -0.468253 0.529724 -0.707199
vt 0 0
v 42.166 29.1929 5.33331
vn -0.32946 0.372711 -0.867492
vt 0 0
v 41.8825 28.8549 5.32705
vn -0.589401 0.390482 -0.707199
vt 0 0
v 41.8758 28.8594 5.33331
vn -0.414699 0.274741 -0.867492
vt 0 0
v 41.6451 28.4745 5.33331
vn 0.487136 -0.163227 -0.857937
vt 0 0
v 41.8368 28.8852 5.32705
vn 0.598319 -0.39639 -0.696341
vt 0 0
v 41.8435 28.8808 5.33331
vn 0.428291 -0.283745 -0.857937
vt 0 0
v 41.8368 28.8852 5.32705
vn 0.598319 -0.39639 -0.696341
vt 0 0
v 41.6451 28.4745 5.33331
vn 0.487136 -0.163227 -0.857937
vt 0 0
v 41.6375 28.477 5.32705
vn 0.680525 -0.228027 -0.696341
vt 0 0
v 41.6895 28.4596 5.32705
vn -0.670381 0.224628 -0.707199
vt 0 0
v 41.8758 28.8594 5.33331
vn -0.414699 0.274741 -0.867492
vt 0 0
v 41.8825 28.8549 5.32705
vn -0.589401 0.390482 -0.707199
vt 0 0
v 41.8758 28.8594 5.33331
vn -0.414699 0.274741 -0.867492
vt 0 0
v 41.6895 28.4596 5.32705
vn -0.670381 0.224628 -0.707199
vt 0 0
v 41.6819 28.4622 5.33331
vn -0.471677 0.158047 -0.867492
vt 0 0
v 41.5587 28.0307 5.33331
vn 0.512783 -0.0315852 -0.857937
vt 0 0
v 41.6375 28.477 5.32705
vn 0.680525 -0.228027 -0.696341
vt 0 0
v 41.6451 28.4745 5.33331
vn 0.487136 -0.163227 -0.857937
vt 0 0
v 41.6375 28.477 5.32705
vn 0.680525 -0.228027 -0.696341
vt 0 0
v 41.5587 28.0307 5.33331
vn 0.512783 -0.0315852 -0.857937
vt 0 0
v 41.5507 28.0312 5.32705
vn 0.716354 -0.0441242 -0.696341
vt 0 0
v 41.6054 28.0278 5.32705
vn -0.705677 0.0434666 -0.707199
vt 0 0
v 41.6819 28.4622 5.33331
vn -0.471677 0.158047 -0.867492
vt 0 0
v 41.6895 28.4596 5.32705
vn -0.670381 0.224628 -0.707199
vt 0 0
v 41.6819 28.4622 5.33331
vn -0.471677 0.158047 -0.867492
vt 0 0
v 41.6054 28.0278 5.32705
vn -0.705677 0.0434666 -0.707199
vt 0 0
v 41.5974 28.0283 5.33331
vn -0.49651 0.0305828 -0.867492
vt 0 0
v 41.5822 27.5781 5.32705
vn 0.703365 0.142785 -0.696341
vt 0 0
v 41.5587 28.0307 5.33331
vn 0.512783 -0.0315852 -0.857937
vt 0 0
v 41.59 27.5797 5.33331
vn 0.503485 0.102209 -0.857937
vt 0 0
v 41.5587 28.0307 5.33331
vn 0.512783 -0.0315852 -0.857937
vt 0 0
v 41.5822 27.5781 5.32705
vn 0.703365 0.142785 -0.696341
vt 0 0
v 41.5507 28.0312 5.32705
vn 0.716354 -0.0441242 -0.696341
vt 0 0
v 41.628 27.5874 5.33331
vn -0.487508 -0.0989656 -0.867492
vt 0 0
v 41.6054 28.0278 5.32705
vn -0.705677 0.0434666 -0.707199
vt 0 0
v 41.6359 27.589 5.32705
vn -0.692881 -0.140657 -0.707199
vt 0 0
v 41.6054 28.0278 5.32705
vn -0.705677 0.0434666 -0.707199
vt 0 0
v 41.628 27.5874 5.33331
vn -0.487508 -0.0989656 -0.867492
vt 0 0
v 41.5974 28.0283 5.33331
vn -0.49651 0.0305828 -0.867492
vt 0 0
v 41.7717 27.1694 5.33331
vn -0.445282 -0.22177 -0.867492
vt 0 0
v 41.6359 27.589 5.32705
vn -0.692881 -0.140657 -0.707199
vt 0 0
v 41.7789 27.1729 5.32705
vn -0.632867 -0.315195 -0.707199
vt 0 0
v 41.6359 27.589 5.32705
vn -0.692881 -0.140657 -0.707199
vt 0 0
v 41.7717 27.1694 5.33331
vn -0.445282 -0.22177 -0.867492
vt 0 0
v 41.628 27.5874 5.33331
vn -0.487508 -0.0989656 -0.867492
vt 0 0
v 44.556 29.0456 5.33331
vn 0.372711 0.32946 -0.867492
vt 0 0
v 44.2277 29.3436 5.33724
vn 0.139278 0.210229 -0.96768
vt 0 0
v 44.563 29.0518 5.33724
vn 0.188944 0.167018 -0.96768
vt 0 0
v 44.2277 29.3436 5.33724
vn 0.139278 0.210229 -0.96768
vt 0 0
v 44.556 29.0456 5.33331
vn 0.372711 0.32946 -0.867492
vt 0 0
v 44.2225 29.3358 5.33331
vn 0.274741 0.414699 -0.867492
vt 0 0
v 44.2181 29.3291 5.32705
vn 0.390482 0.589401 -0.707199
vt 0 0
v 43.8253 29.5297 5.33331
vn 0.158047 0.471677 -0.867492
vt 0 0
v 44.2225 29.3358 5.33331
vn 0.274741 0.414699 -0.867492
vt 0 0
v 43.8253 29.5297 5.33331
vn 0.158047 0.471677 -0.867492
vt 0 0
v 44.2181 29.3291 5.32705
vn 0.390482 0.589401 -0.707199
vt 0 0
v 43.8228 29.5221 5.32705
vn 0.224628 0.670381 -0.707199
vt 0 0
v 43.8377 29.5665 5.33331
vn -0.163227 -0.487136 -0.857937
vt 0 0
v 43.3944 29.6609 5.32705
vn -0.0441242 -0.716354 -0.696341
vt 0 0
v 43.8402 29.5741 5.32705
vn -0.228027 -0.680525 -0.696341
vt 0 0
v 43.3944 29.6609 5.32705
vn -0.0441242 -0.716354 -0.696341
vt 0 0
v 43.8377 29.5665 5.33331
vn -0.163227 -0.487136 -0.857937
vt 0 0
v 43.3939 29.6529 5.33331
vn -0.0315852 -0.512783 -0.857937
vt 0 0
v 44.2388 29.3603 5.33724
vn -0.150612 -0.227337 -0.962099
vt 0 0
v 43.8377 29.5665 5.33331
vn -0.163227 -0.487136 -0.857937
vt 0 0
v 44.2439 29.3681 5.33331
vn -0.283745 -0.428291 -0.857937
vt 0 0
v 43.8377 29.5665 5.33331
vn -0.163227 -0.487136 -0.857937
vt 0 0
v 44.2388 29.3603 5.33724
vn -0.150612 -0.227337 -0.962099
vt 0 0
v 43.8347 29.5576 5.33724
vn -0.086641 -0.258572 -0.962099
vt 0 0
v 44.5705 29.0585 5.33858
vn -0.00827534 -0.00731504 -0.999939
vt 0 0
v 44.2388 29.3603 5.33724
vn -0.150612 -0.227337 -0.962099
vt 0 0
v 44.578 29.0651 5.33724
vn -0.204319 -0.180609 -0.962099
vt 0 0
v 44.2388 29.3603 5.33724
vn -0.150612 -0.227337 -0.962099
vt 0 0
v 44.5705 29.0585 5.33858
vn -0.00827534 -0.00731504 -0.999939
vt 0 0
v 44.2332 29.3519 5.33858
vn -0.00610009 -0.0092076 -0.999939
vt 0 0
v 44.8114 28.6832 5.33724
vn 0.225733 0.112425 -0.96768
vt 0 0
v 44.5705 29.0585 5.33858
vn -0.00827534 -0.00731504 -0.999939
vt 0 0
v 44.8204 28.6877 5.33858
vn -0.00988664 -0.00492397 -0.999939
vt 0 0
v 44.5705 29.0585 5.33858
vn -0.00827534 -0.00731504 -0.999939
vt 0 0
v 44.8114 28.6832 5.33724
vn 0.225733 0.112425 -0.96768
vt 0 0
v 44.563 29.0518 5.33724
vn 0.188944 0.167018 -0.96768
vt 0 0
v 42.7433 26.3004 5.33858
vn 0.00350913 0.0104727 -0.999939
vt 0 0
v 42.3471 26.5049 5.33724
vn -0.139278 -0.210229 -0.96768
vt 0 0
v 42.7465 26.3099 5.33724
vn -0.080121 -0.239114 -0.96768
vt 0 0
v 42.3471 26.5049 5.33724
vn -0.139278 -0.210229 -0.96768
vt 0 0
v 42.7433 26.3004 5.33858
vn 0.00350913 0.0104727 -0.999939
vt 0 0
v 42.3415 26.4965 5.33858
vn 0.00610009 0.0092076 -0.999939
vt 0 0
v 42.3471 26.5049 5.33724
vn -0.139278 -0.210229 -0.96768
vt 0 0
v 42.0188 26.8028 5.33331
vn -0.372711 -0.32946 -0.867492
vt 0 0
v 42.3522 26.5127 5.33331
vn -0.274741 -0.414699 -0.867492
vt 0 0
v 42.0188 26.8028 5.33331
vn -0.372711 -0.32946 -0.867492
vt 0 0
v 42.3471 26.5049 5.33724
vn -0.139278 -0.210229 -0.96768
vt 0 0
v 42.0117 26.7966 5.33724
vn -0.188944 -0.167018 -0.96768
vt 0 0
v 42.336 26.4882 5.33724
vn 0.150612 0.227337 -0.962099
vt 0 0
v 42.0042 26.79 5.33858
vn 0.00827534 0.00731504 -0.999939
vt 0 0
v 42.3415 26.4965 5.33858
vn 0.00610009 0.0092076 -0.999939
vt 0 0
v 42.0042 26.79 5.33858
vn 0.00827534 0.00731504 -0.999939
vt 0 0
v 42.336 26.4882 5.33724
vn 0.150612 0.227337 -0.962099
vt 0 0
v 41.9967 26.7833 5.33724
vn 0.204319 0.180609 -0.962099
vt 0 0
v 42.0188 26.8028 5.33331
vn -0.372711 -0.32946 -0.867492
vt 0 0
v 41.7789 27.1729 5.32705
vn -0.632867 -0.315195 -0.707199
vt 0 0
v 42.0248 26.8081 5.32705
vn -0.529724 -0.468253 -0.707199
vt 0 0
v 41.7789 27.1729 5.32705
vn -0.632867 -0.315195 -0.707199
vt 0 0
v 42.0188 26.8028 5.33331
vn -0.372711 -0.32946 -0.867492
vt 0 0
v 41.7717 27.1694 5.33331
vn -0.445282 -0.22177 -0.867492
vt 0 0
v 41.9897 26.7771 5.33331
vn 0.384927 0.340258 -0.857937
vt 0 0
v 41.7454 27.1563 5.33724
vn 0.244102 0.121573 -0.962099
vt 0 0
v 41.9967 26.7833 5.33724
vn 0.204319 0.180609 -0.962099
vt 0 0
v 41.7454 27.1563 5.33724
vn 0.244102 0.121573 -0.962099
vt 0 0
v 41.9897 26.7771 5.33331
vn 0.384927 0.340258 -0.857937
vt 0 0
v 41.737 27.1521 5.33331
vn 0.459876 0.229038 -0.857937
vt 0 0
v 41.7299 27.1485 5.32705
vn 0.642443 0.319964 -0.696341
vt 0 0
v 41.59 27.5797 5.33331
vn 0.503485 0.102209 -0.857937
vt 0 0
v 41.737 27.1521 5.33331
vn 0.459876 0.229038 -0.857937
vt 0 0
v 41.59 27.5797 5.33331
vn 0.503485 0.102209 -0.857937
vt 0 0
v 41.7299 27.1485 5.32705
vn 0.642443 0.319964 -0.696341
vt 0 0
v 41.5822 27.5781 5.32705
vn 0.703365 0.142785 -0.696341
vt 0 0
v 43.8208 29.5163 5.3189
vn 0.275329 0.821694 -0.499011
vt 0 0
v 43.391 29.6062 5.32705
vn 0.0434666 0.705677 -0.707199
vt 0 0
v 43.8228 29.5221 5.32705
vn 0.224628 0.670381 -0.707199
vt 0 0
v 43.391 29.6062 5.32705
vn 0.0434666 0.705677 -0.707199
vt 0 0
v 43.8208 29.5163 5.3189
vn 0.275329 0.821694 -0.499011
vt 0 0
v 43.3906 29.6001 5.3189
vn 0.0532775 0.864956 -0.499011
vt 0 0
v 42.9412 29.6294 5.32705
vn 0.142785 -0.703365 -0.696341
vt 0 0
v 43.3947 29.6671 5.3189
vn -0.0536011 -0.870211 -0.489755
vt 0 0
v 43.3944 29.6609 5.32705
vn -0.0441242 -0.716354 -0.696341
vt 0 0
v 43.3947 29.6671 5.3189
vn -0.0536011 -0.870211 -0.489755
vt 0 0
v 42.9412 29.6294 5.32705
vn 0.142785 -0.703365 -0.696341
vt 0 0
v 42.94 29.6355 5.3189
vn 0.173452 -0.854432 -0.489755
vt 0 0
v 43.3906 29.6001 5.3189
vn 0.0532775 0.864956 -0.499011
vt 0 0
v 42.9521 29.5757 5.32705
vn -0.140657 0.692881 -0.707199
vt 0 0
v 43.391 29.6062 5.32705
vn 0.0434666 0.705677 -0.707199
vt 0 0
v 42.9521 29.5757 5.32705
vn -0.140657 0.692881 -0.707199
vt 0 0
v 43.3906 29.6001 5.3189
vn 0.0532775 0.864956 -0.499011
vt 0 0
v 42.9533 29.5697 5.3189
vn -0.172405 0.849273 -0.499011
vt 0 0
v 42.9533 29.5697 5.3189
vn -0.172405 0.849273 -0.499011
vt 0 0
v 42.5361 29.4327 5.32705
vn -0.315195 0.632867 -0.707199
vt 0 0
v 42.9521 29.5757 5.32705
vn -0.140657 0.692881 -0.707199
vt 0 0
v 42.5361 29.4327 5.32705
vn -0.315195 0.632867 -0.707199
vt 0 0
v 42.9533 29.5697 5.3189
vn -0.172405 0.849273 -0.499011
vt 0 0
v 42.5388 29.4272 5.3189
vn -0.386339 0.775713 -0.499011
vt 0 0
v 42.5117 29.4817 5.32705
vn 0.319964 -0.642443 -0.696341
vt 0 0
v 42.94 29.6355 5.3189
vn 0.173452 -0.854432 -0.489755
vt 0 0
v 42.9412 29.6294 5.32705
vn 0.142785 -0.703365 -0.696341
vt 0 0
v 42.94 29.6355 5.3189
vn 0.173452 -0.854432 -0.489755
vt 0 0
v 42.5117 29.4817 5.32705
vn 0.319964 -0.642443 -0.696341
vt 0 0
v 42.5089 29.4873 5.3189
vn 0.388686 -0.780425 -0.489755
vt 0 0
v 42.135 29.2279 5.32705
vn 0.475338 -0.537739 -0.696341
vt 0 0
v 42.5089 29.4873 5.3189
vn 0.388686 -0.780425 -0.489755
vt 0 0
v 42.5117 29.4817 5.32705
vn 0.319964 -0.642443 -0.696341
vt 0 0
v 42.5089 29.4873 5.3189
vn 0.388686 -0.780425 -0.489755
vt 0 0
v 42.135 29.2279 5.32705
vn 0.475338 -0.537739 -0.696341
vt 0 0
v 42.1309 29.2325 5.3189
vn 0.57743 -0.653234 -0.489755
vt 0 0
v 42.5388 29.4272 5.3189
vn -0.386339 0.775713 -0.499011
vt 0 0
v 42.1713 29.1868 5.32705
vn -0.468253 0.529724 -0.707199
vt 0 0
v 42.5361 29.4327 5.32705
vn -0.315195 0.632867 -0.707199
vt 0 0
v 42.1713 29.1868 5.32705
vn -0.468253 0.529724 -0.707199
vt 0 0
v 42.5388 29.4272 5.3189
vn -0.386339 0.775713 -0.499011
vt 0 0
v 42.1754 29.1822 5.3189
vn -0.573944 0.649289 -0.499011
vt 0 0
v 42.135 29.2279 5.32705
vn 0.475338 -0.537739 -0.696341
vt 0 0
v 41.8317 28.8886 5.3189
vn 0.726824 -0.481525 -0.489755
vt 0 0
v 42.1309 29.2325 5.3189
vn 0.57743 -0.653234 -0.489755
vt 0 0
v 41.8317 28.8886 5.3189
vn 0.726824 -0.481525 -0.489755
vt 0 0
v 42.135 29.2279 5.32705
vn 0.475338 -0.537739 -0.696341
vt 0 0
v 41.8368 28.8852 5.32705
vn 0.598319 -0.39639 -0.696341
vt 0 0
v 42.1754 29.1822 5.3189
vn -0.573944 0.649289 -0.499011
vt 0 0
v 41.8825 28.8549 5.32705
vn -0.589401 0.390482 -0.707199
vt 0 0
v 42.1713 29.1868 5.32705
vn -0.468253 0.529724 -0.707199
vt 0 0
v 41.8825 28.8549 5.32705
vn -0.589401 0.390482 -0.707199
vt 0 0
v 42.1754 29.1822 5.3189
vn -0.573944 0.649289 -0.499011
vt 0 0
v 41.8877 28.8515 5.3189
vn -0.722435 0.478618 -0.499011
vt 0 0
v 41.8368 28.8852 5.32705
vn 0.598319 -0.39639 -0.696341
vt 0 0
v 41.6317 28.479 5.3189
vn 0.826686 -0.277002 -0.489755
vt 0 0
v 41.8317 28.8886 5.3189
vn 0.726824 -0.481525 -0.489755
vt 0 0
v 41.6317 28.479 5.3189
vn 0.826686 -0.277002 -0.489755
vt 0 0
v 41.8368 28.8852 5.32705
vn 0.598319 -0.39639 -0.696341
vt 0 0
v 41.6375 28.477 5.32705
vn 0.680525 -0.228027 -0.696341
vt 0 0
v 41.8877 28.8515 5.3189
vn -0.722435 0.478618 -0.499011
vt 0 0
v 41.6895 28.4596 5.32705
vn -0.670381 0.224628 -0.707199
vt 0 0
v 41.8825 28.8549 5.32705
vn -0.589401 0.390482 -0.707199
vt 0 0
v 41.6895 28.4596 5.32705
vn -0.670381 0.224628 -0.707199
vt 0 0
v 41.8877 28.8515 5.3189
vn -0.722435 0.478618 -0.499011
vt 0 0
v 41.6953 28.4577 5.3189
vn -0.821694 0.275329 -0.499011
vt 0 0
v 41.6375 28.477 5.32705
vn 0.680525 -0.228027 -0.696341
vt 0 0
v 41.5445 28.0316 5.3189
vn 0.870211 -0.0536011 -0.489755
vt 0 0
v 41.6317 28.479 5.3189
vn 0.826686 -0.277002 -0.489755
vt 0 0
v 41.5445 28.0316 5.3189
vn 0.870211 -0.0536011 -0.489755
vt 0 0
v 41.6375 28.477 5.32705
vn 0.680525 -0.228027 -0.696341
vt 0 0
v 41.5507 28.0312 5.32705
vn 0.716354 -0.0441242 -0.696341
vt 0 0
v 41.6953 28.4577 5.3189
vn -0.821694 0.275329 -0.499011
vt 0 0
v 41.6054 28.0278 5.32705
vn -0.705677 0.0434666 -0.707199
vt 0 0
v 41.6895 28.4596 5.32705
vn -0.670381 0.224628 -0.707199
vt 0 0
v 41.6054 28.0278 5.32705
vn -0.705677 0.0434666 -0.707199
vt 0 0
v 41.6953 28.4577 5.3189
vn -0.821694 0.275329 -0.499011
vt 0 0
v 41.6115 28.0274 5.3189
vn -0.864956 0.0532775 -0.499011
vt 0 0
v 41.5822 27.5781 5.32705
vn 0.703365 0.142785 -0.696341
vt 0 0
v 41.5445 28.0316 5.3189
vn 0.870211 -0.0536011 -0.489755
vt 0 0
v 41.5507 28.0312 5.32705
vn 0.716354 -0.0441242 -0.696341
vt 0 0
v 41.5445 28.0316 5.3189
vn 0.870211 -0.0536011 -0.489755
vt 0 0
v 41.5822 27.5781 5.32705
vn 0.703365 0.142785 -0.696341
vt 0 0
v 41.5761 27.5768 5.3189
vn 0.854432 0.173452 -0.489755
vt 0 0
v 41.6419 27.5902 5.3189
vn -0.849273 -0.172405 -0.499011
vt 0 0
v 41.6054 28.0278 5.32705
vn -0.705677 0.0434666 -0.707199
vt 0 0
v 41.6115 28.0274 5.3189
vn -0.864956 0.0532775 -0.499011
vt 0 0
v 41.6054 28.0278 5.32705
vn -0.705677 0.0434666 -0.707199
vt 0 0
v 41.6419 27.5902 5.3189
vn -0.849273 -0.172405 -0.499011
vt 0 0
v 41.6359 27.589 5.32705
vn -0.692881 -0.140657 -0.707199
vt 0 0
v 41.7844 27.1757 5.3189
vn -0.775713 -0.386339 -0.499011
vt 0 0
v 41.6359 27.589 5.32705
vn -0.692881 -0.140657 -0.707199
vt 0 0
v 41.6419 27.5902 5.3189
vn -0.849273 -0.172405 -0.499011
vt 0 0
v 41.6359 27.589 5.32705
vn -0.692881 -0.140657 -0.707199
vt 0 0
v 41.7844 27.1757 5.3189
vn -0.775713 -0.386339 -0.499011
vt 0 0
v 41.7789 27.1729 5.32705
vn -0.632867 -0.315195 -0.707199
vt 0 0
v 44.803 28.6791 5.33331
vn 0.445282 0.22177 -0.867492
vt 0 0
v 44.563 29.0518 5.33724
vn 0.188944 0.167018 -0.96768
vt 0 0
v 44.8114 28.6832 5.33724
vn 0.225733 0.112425 -0.96768
vt 0 0
v 44.563 29.0518 5.33724
vn 0.188944 0.167018 -0.96768
vt 0 0
v 44.803 28.6791 5.33331
vn 0.445282 0.22177 -0.867492
vt 0 0
v 44.556 29.0456 5.33331
vn 0.372711 0.32946 -0.867492
vt 0 0
v 44.55 29.0403 5.32705
vn 0.529724 0.468253 -0.707199
vt 0 0
v 44.2225 29.3358 5.33331
vn 0.274741 0.414699 -0.867492
vt 0 0
v 44.556 29.0456 5.33331
vn 0.372711 0.32946 -0.867492
vt 0 0
v 44.2225 29.3358 5.33331
vn 0.274741 0.414699 -0.867492
vt 0 0
v 44.55 29.0403 5.32705
vn 0.529724 0.468253 -0.707199
vt 0 0
v 44.2181 29.3291 5.32705
vn 0.390482 0.589401 -0.707199
vt 0 0
v 44.2147 29.3239 5.3189
vn 0.478618 0.722435 -0.499011
vt 0 0
v 43.8228 29.5221 5.32705
vn 0.224628 0.670381 -0.707199
vt 0 0
v 44.2181 29.3291 5.32705
vn 0.390482 0.589401 -0.707199
vt 0 0
v 43.8228 29.5221 5.32705
vn 0.224628 0.670381 -0.707199
vt 0 0
v 44.2147 29.3239 5.3189
vn 0.478618 0.722435 -0.499011
vt 0 0
v 43.8208 29.5163 5.3189
vn 0.275329 0.821694 -0.499011
vt 0 0
v 43.3944 29.6609 5.32705
vn -0.0441242 -0.716354 -0.696341
vt 0 0
v 43.8422 29.5799 5.3189
vn -0.277002 -0.826686 -0.489755
vt 0 0
v 43.8402 29.5741 5.32705
vn -0.228027 -0.680525 -0.696341
vt 0 0
v 43.8422 29.5799 5.3189
vn -0.277002 -0.826686 -0.489755
vt 0 0
v 43.3944 29.6609 5.32705
vn -0.0441242 -0.716354 -0.696341
vt 0 0
v 43.3947 29.6671 5.3189
vn -0.0536011 -0.870211 -0.489755
vt 0 0
v 44.2439 29.3681 5.33331
vn -0.283745 -0.428291 -0.857937
vt 0 0
v 43.8402 29.5741 5.32705
vn -0.228027 -0.680525 -0.696341
vt 0 0
v 44.2484 29.3748 5.32705
vn -0.39639 -0.598319 -0.696341
vt 0 0
v 43.8402 29.5741 5.32705
vn -0.228027 -0.680525 -0.696341
vt 0 0
v 44.2439 29.3681 5.33331
vn -0.283745 -0.428291 -0.857937
vt 0 0
v 43.8377 29.5665 5.33331
vn -0.163227 -0.487136 -0.857937
vt 0 0
v 44.578 29.0651 5.33724
vn -0.204319 -0.180609 -0.962099
vt 0 0
v 44.2439 29.3681 5.33331
vn -0.283745 -0.428291 -0.857937
vt 0 0
v 44.5851 29.0713 5.33331
vn -0.384927 -0.340258 -0.857937
vt 0 0
v 44.2439 29.3681 5.33331
vn -0.283745 -0.428291 -0.857937
vt 0 0
v 44.578 29.0651 5.33724
vn -0.204319 -0.180609 -0.962099
vt 0 0
v 44.2388 29.3603 5.33724
vn -0.150612 -0.227337 -0.962099
vt 0 0
v 44.8204 28.6877 5.33858
vn -0.00988664 -0.00492397 -0.999939
vt 0 0
v 44.578 29.0651 5.33724
vn -0.204319 -0.180609 -0.962099
vt 0 0
v 44.8294 28.6922 5.33724
vn -0.244102 -0.121573 -0.962099
vt 0 0
v 44.578 29.0651 5.33724
vn -0.204319 -0.180609 -0.962099
vt 0 0
v 44.8204 28.6877 5.33858
vn -0.00988664 -0.00492397 -0.999939
vt 0 0
v 44.5705 29.0585 5.33858
vn -0.00827534 -0.00731504 -0.999939
vt 0 0
v 44.9559 28.2629 5.33724
vn 0.247139 0.05017 -0.96768
vt 0 0
v 44.8204 28.6877 5.33858
vn -0.00988664 -0.00492397 -0.999939
vt 0 0
v 44.9657 28.2649 5.33858
vn -0.0108242 -0.00219734 -0.999939
vt 0 0
v 44.8204 28.6877 5.33858
vn -0.00988664 -0.00492397 -0.999939
vt 0 0
v 44.9559 28.2629 5.33724
vn 0.247139 0.05017 -0.96768
vt 0 0
v 44.8114 28.6832 5.33724
vn 0.225733 0.112425 -0.96768
vt 0 0
v 43.1821 26.2149 5.33858
vn 0.000679034 0.0110241 -0.999939
vt 0 0
v 42.7465 26.3099 5.33724
vn -0.080121 -0.239114 -0.96768
vt 0 0
v 43.1827 26.2249 5.33724
vn -0.0155038 -0.251703 -0.96768
vt 0 0
v 42.7465 26.3099 5.33724
vn -0.080121 -0.239114 -0.96768
vt 0 0
v 43.1821 26.2149 5.33858
vn 0.000679034 0.0110241 -0.999939
vt 0 0
v 42.7433 26.3004 5.33858
vn 0.00350913 0.0104727 -0.999939
vt 0 0
v 42.7465 26.3099 5.33724
vn -0.080121 -0.239114 -0.96768
vt 0 0
v 42.3522 26.5127 5.33331
vn -0.274741 -0.414699 -0.867492
vt 0 0
v 42.7494 26.3187 5.33331
vn -0.158047 -0.471677 -0.867492
vt 0 0
v 42.3522 26.5127 5.33331
vn -0.274741 -0.414699 -0.867492
vt 0 0
v 42.7465 26.3099 5.33724
vn -0.080121 -0.239114 -0.96768
vt 0 0
v 42.3471 26.5049 5.33724
vn -0.139278 -0.210229 -0.96768
vt 0 0
v 42.7401 26.2908 5.33724
vn 0.086641 0.258572 -0.962099
vt 0 0
v 42.3415 26.4965 5.33858
vn 0.00610009 0.0092076 -0.999939
vt 0 0
v 42.7433 26.3004 5.33858
vn 0.00350913 0.0104727 -0.999939
vt 0 0
v 42.3415 26.4965 5.33858
vn 0.00610009 0.0092076 -0.999939
vt 0 0
v 42.7401 26.2908 5.33724
vn 0.086641 0.258572 -0.962099
vt 0 0
v 42.336 26.4882 5.33724
vn 0.150612 0.227337 -0.962099
vt 0 0
v 42.3522 26.5127 5.33331
vn -0.274741 -0.414699 -0.867492
vt 0 0
v 42.0248 26.8081 5.32705
vn -0.529724 -0.468253 -0.707199
vt 0 0
v 42.3567 26.5194 5.32705
vn -0.390482 -0.589401 -0.707199
vt 0 0
v 42.0248 26.8081 5.32705
vn -0.529724 -0.468253 -0.707199
vt 0 0
v 42.3522 26.5127 5.33331
vn -0.274741 -0.414699 -0.867492
vt 0 0
v 42.0188 26.8028 5.33331
vn -0.372711 -0.32946 -0.867492
vt 0 0
v 42.3308 26.4804 5.33331
vn 0.283745 0.428291 -0.857937
vt 0 0
v 41.9967 26.7833 5.33724
vn 0.204319 0.180609 -0.962099
vt 0 0
v 42.336 26.4882 5.33724
vn 0.150612 0.227337 -0.962099
vt 0 0
v 41.9967 26.7833 5.33724
vn 0.204319 0.180609 -0.962099
vt 0 0
v 42.3308 26.4804 5.33331
vn 0.283745 0.428291 -0.857937
vt 0 0
v 41.9897 26.7771 5.33331
vn 0.384927 0.340258 -0.857937
vt 0 0
v 42.0294 26.8122 5.3189
vn -0.649289 -0.573944 -0.499011
vt 0 0
v 41.7789 27.1729 5.32705
vn -0.632867 -0.315195 -0.707199
vt 0 0
v 41.7844 27.1757 5.3189
vn -0.775713 -0.386339 -0.499011
vt 0 0
v 41.7789 27.1729 5.32705
vn -0.632867 -0.315195 -0.707199
vt 0 0
v 42.0294 26.8122 5.3189
vn -0.649289 -0.573944 -0.499011
vt 0 0
v 42.0248 26.8081 5.32705
vn -0.529724 -0.468253 -0.707199
vt 0 0
v 41.9837 26.7718 5.32705
vn 0.537739 0.475338 -0.696341
vt 0 0
v 41.737 27.1521 5.33331
vn 0.459876 0.229038 -0.857937
vt 0 0
v 41.9897 26.7771 5.33331
vn 0.384927 0.340258 -0.857937
vt 0 0
v 41.737 27.1521 5.33331
vn 0.459876 0.229038 -0.857937
vt 0 0
v 41.9837 26.7718 5.32705
vn 0.537739 0.475338 -0.696341
vt 0 0
v 41.7299 27.1485 5.32705
vn 0.642443 0.319964 -0.696341
vt 0 0
v 41.7299 27.1485 5.32705
vn 0.642443 0.319964 -0.696341
vt 0 0
v 41.5761 27.5768 5.3189
vn 0.854432 0.173452 -0.489755
vt 0 0
v 41.5822 27.5781 5.32705
vn 0.703365 0.142785 -0.696341
vt 0 0
v 41.5761 27.5768 5.3189
vn 0.854432 0.173452 -0.489755
vt 0 0
v 41.7299 27.1485 5.32705
vn 0.642443 0.319964 -0.696341
vt 0 0
v 41.7243 27.1458 5.3189
vn 0.780425 0.388686 -0.489755
vt 0 0
v 43.8196 29.5126 5.3094
vn 0.306969 0.916121 -0.257861
vt 0 0
v 43.3906 29.6001 5.3189
vn 0.0532775 0.864956 -0.499011
vt 0 0
v 43.8208 29.5163 5.3189
vn 0.275329 0.821694 -0.499011
vt 0 0
v 43.3906 29.6001 5.3189
vn 0.0532775 0.864956 -0.499011
vt 0 0
v 43.8196 29.5126 5.3094
vn 0.306969 0.916121 -0.257861
vt 0 0
v 43.3904 29.5962 5.3094
vn 0.0594 0.964355 -0.257861
vt 0 0
v 42.94 29.6355 5.3189
vn 0.173452 -0.854432 -0.489755
vt 0 0
v 43.395 29.6709 5.3094
vn -0.0594857 -0.965746 -0.252577
vt 0 0
v 43.3947 29.6671 5.3189
vn -0.0536011 -0.870211 -0.489755
vt 0 0
v 43.395 29.6709 5.3094
vn -0.0594857 -0.965746 -0.252577
vt 0 0
v 42.94 29.6355 5.3189
vn 0.173452 -0.854432 -0.489755
vt 0 0
v 42.9392 29.6393 5.3094
vn 0.192495 -0.948235 -0.252577
vt 0 0
v 43.3904 29.5962 5.3094
vn 0.0594 0.964355 -0.257861
vt 0 0
v 42.9533 29.5697 5.3189
vn -0.172405 0.849273 -0.499011
vt 0 0
v 43.3906 29.6001 5.3189
vn 0.0532775 0.864956 -0.499011
vt 0 0
v 42.9533 29.5697 5.3189
vn -0.172405 0.849273 -0.499011
vt 0 0
v 43.3904 29.5962 5.3094
vn 0.0594 0.964355 -0.257861
vt 0 0
v 42.9541 29.5659 5.3094
vn -0.192217 0.946869 -0.257861
vt 0 0
v 42.9541 29.5659 5.3094
vn -0.192217 0.946869 -0.257861
vt 0 0
v 42.5388 29.4272 5.3189
vn -0.386339 0.775713 -0.499011
vt 0 0
v 42.9533 29.5697 5.3189
vn -0.172405 0.849273 -0.499011
vt 0 0
v 42.5388 29.4272 5.3189
vn -0.386339 0.775713 -0.499011
vt 0 0
v 42.9541 29.5659 5.3094
vn -0.192217 0.946869 -0.257861
vt 0 0
v 42.5406 29.4237 5.3094
vn -0.430735 0.864855 -0.257861
vt 0 0
v 42.5089 29.4873 5.3189
vn 0.388686 -0.780425 -0.489755
vt 0 0
v 42.9392 29.6393 5.3094
vn 0.192495 -0.948235 -0.252577
vt 0 0
v 42.94 29.6355 5.3189
vn 0.173452 -0.854432 -0.489755
vt 0 0
v 42.9392 29.6393 5.3094
vn 0.192495 -0.948235 -0.252577
vt 0 0
v 42.5089 29.4873 5.3189
vn 0.388686 -0.780425 -0.489755
vt 0 0
v 42.5072 29.4907 5.3094
vn 0.431357 -0.866104 -0.252577
vt 0 0
v 42.1309 29.2325 5.3189
vn 0.57743 -0.653234 -0.489755
vt 0 0
v 42.5072 29.4907 5.3094
vn 0.431357 -0.866104 -0.252577
vt 0 0
v 42.5089 29.4873 5.3189
vn 0.388686 -0.780425 -0.489755
vt 0 0
v 42.5072 29.4907 5.3094
vn 0.431357 -0.866104 -0.252577
vt 0 0
v 42.1309 29.2325 5.3189
vn 0.57743 -0.653234 -0.489755
vt 0 0
v 42.1283 29.2354 5.3094
vn 0.640823 -0.724949 -0.252577
vt 0 0
v 42.5406 29.4237 5.3094
vn -0.430735 0.864855 -0.257861
vt 0 0
v 42.1754 29.1822 5.3189
vn -0.573944 0.649289 -0.499011
vt 0 0
v 42.5388 29.4272 5.3189
vn -0.386339 0.775713 -0.499011
vt 0 0
v 42.1754 29.1822 5.3189
vn -0.573944 0.649289 -0.499011
vt 0 0
v 42.5406 29.4237 5.3094
vn -0.430735 0.864855 -0.257861
vt 0 0
v 42.1779 29.1793 5.3094
vn -0.639899 0.723904 -0.257861
vt 0 0
v 42.1309 29.2325 5.3189
vn 0.57743 -0.653234 -0.489755
vt 0 0
v 41.8285 28.8908 5.3094
vn 0.806618 -0.534389 -0.252577
vt 0 0
v 42.1283 29.2354 5.3094
vn 0.640823 -0.724949 -0.252577
vt 0 0
v 41.8285 28.8908 5.3094
vn 0.806618 -0.534389 -0.252577
vt 0 0
v 42.1309 29.2325 5.3189
vn 0.57743 -0.653234 -0.489755
vt 0 0
v 41.8317 28.8886 5.3189
vn 0.726824 -0.481525 -0.489755
vt 0 0
v 42.1779 29.1793 5.3094
vn -0.639899 0.723904 -0.257861
vt 0 0
v 41.8877 28.8515 5.3189
vn -0.722435 0.478618 -0.499011
vt 0 0
v 42.1754 29.1822 5.3189
vn -0.573944 0.649289 -0.499011
vt 0 0
v 41.8877 28.8515 5.3189
vn -0.722435 0.478618 -0.499011
vt 0 0
v 42.1779 29.1793 5.3094
vn -0.639899 0.723904 -0.257861
vt 0 0
v 41.8909 28.8494 5.3094
vn -0.805456 0.533619 -0.257861
vt 0 0
v 41.8317 28.8886 5.3189
vn 0.726824 -0.481525 -0.489755
vt 0 0
v 41.628 28.4802 5.3094
vn 0.917443 -0.307412 -0.252577
vt 0 0
v 41.8285 28.8908 5.3094
vn 0.806618 -0.534389 -0.252577
vt 0 0
v 41.628 28.4802 5.3094
vn 0.917443 -0.307412 -0.252577
vt 0 0
v 41.8317 28.8886 5.3189
vn 0.726824 -0.481525 -0.489755
vt 0 0
v 41.6317 28.479 5.3189
vn 0.826686 -0.277002 -0.489755
vt 0 0
v 41.8909 28.8494 5.3094
vn -0.805456 0.533619 -0.257861
vt 0 0
v 41.6953 28.4577 5.3189
vn -0.821694 0.275329 -0.499011
vt 0 0
v 41.8877 28.8515 5.3189
vn -0.722435 0.478618 -0.499011
vt 0 0
v 41.6953 28.4577 5.3189
vn -0.821694 0.275329 -0.499011
vt 0 0
v 41.8909 28.8494 5.3094
vn -0.805456 0.533619 -0.257861
vt 0 0
v 41.699 28.4564 5.3094
vn -0.916121 0.306969 -0.257861
vt 0 0
v 41.6317 28.479 5.3189
vn 0.826686 -0.277002 -0.489755
vt 0 0
v 41.5407 28.0318 5.3094
vn 0.965746 -0.0594857 -0.252577
vt 0 0
v 41.628 28.4802 5.3094
vn 0.917443 -0.307412 -0.252577
vt 0 0
v 41.5407 28.0318 5.3094
vn 0.965746 -0.0594857 -0.252577
vt 0 0
v 41.6317 28.479 5.3189
vn 0.826686 -0.277002 -0.489755
vt 0 0
v 41.5445 28.0316 5.3189
vn 0.870211 -0.0536011 -0.489755
vt 0 0
v 41.699 28.4564 5.3094
vn -0.916121 0.306969 -0.257861
vt 0 0
v 41.6115 28.0274 5.3189
vn -0.864956 0.0532775 -0.499011
vt 0 0
v 41.6953 28.4577 5.3189
vn -0.821694 0.275329 -0.499011
vt 0 0
v 41.6115 28.0274 5.3189
vn -0.864956 0.0532775 -0.499011
vt 0 0
v 41.699 28.4564 5.3094
vn -0.916121 0.306969 -0.257861
vt 0 0
v 41.6154 28.0272 5.3094
vn -0.964355 0.0594 -0.257861
vt 0 0
v 41.5761 27.5768 5.3189
vn 0.854432 0.173452 -0.489755
vt 0 0
v 41.5407 28.0318 5.3094
vn 0.965746 -0.0594857 -0.252577
vt 0 0
v 41.5445 28.0316 5.3189
vn 0.870211 -0.0536011 -0.489755
vt 0 0
v 41.5407 28.0318 5.3094
vn 0.965746 -0.0594857 -0.252577
vt 0 0
v 41.5761 27.5768 5.3189
vn 0.854432 0.173452 -0.489755
vt 0 0
v 41.5723 27.5761 5.3094
vn 0.948235 0.192495 -0.252577
vt 0 0
v 41.6457 27.591 5.3094
vn -0.946869 -0.192217 -0.257861
vt 0 0
v 41.6115 28.0274 5.3189
vn -0.864956 0.0532775 -0.499011
vt 0 0
v 41.6154 28.0272 5.3094
vn -0.964355 0.0594 -0.257861
vt 0 0
v 41.6115 28.0274 5.3189
vn -0.864956 0.0532775 -0.499011
vt 0 0
v 41.6457 27.591 5.3094
vn -0.946869 -0.192217 -0.257861
vt 0 0
v 41.6419 27.5902 5.3189
vn -0.849273 -0.172405 -0.499011
vt 0 0
v 41.7879 27.1774 5.3094
vn -0.864855 -0.430735 -0.257861
vt 0 0
v 41.6419 27.5902 5.3189
vn -0.849273 -0.172405 -0.499011
vt 0 0
v 41.6457 27.591 5.3094
vn -0.946869 -0.192217 -0.257861
vt 0 0
v 41.6419 27.5902 5.3189
vn -0.849273 -0.172405 -0.499011
vt 0 0
v 41.7879 27.1774 5.3094
vn -0.864855 -0.430735 -0.257861
vt 0 0
v 41.7844 27.1757 5.3189
vn -0.775713 -0.386339 -0.499011
vt 0 0
v 44.9468 28.2611 5.33331
vn 0.487508 0.0989656 -0.867492
vt 0 0
v 44.8114 28.6832 5.33724
vn 0.225733 0.112425 -0.96768
vt 0 0
v 44.9559 28.2629 5.33724
vn 0.247139 0.05017 -0.96768
vt 0 0
v 44.8114 28.6832 5.33724
vn 0.225733 0.112425 -0.96768
vt 0 0
v 44.9468 28.2611 5.33331
vn 0.487508 0.0989656 -0.867492
vt 0 0
v 44.803 28.6791 5.33331
vn 0.445282 0.22177 -0.867492
vt 0 0
v 44.7958 28.6755 5.32705
vn 0.632867 0.315195 -0.707199
vt 0 0
v 44.556 29.0456 5.33331
vn 0.372711 0.32946 -0.867492
vt 0 0
v 44.803 28.6791 5.33331
vn 0.445282 0.22177 -0.867492
vt 0 0
v 44.556 29.0456 5.33331
vn 0.372711 0.32946 -0.867492
vt 0 0
v 44.7958 28.6755 5.32705
vn 0.632867 0.315195 -0.707199
vt 0 0
v 44.55 29.0403 5.32705
vn 0.529724 0.468253 -0.707199
vt 0 0
v 44.5454 29.0362 5.3189
vn 0.649289 0.573944 -0.499011
vt 0 0
v 44.2181 29.3291 5.32705
vn 0.390482 0.589401 -0.707199
vt 0 0
v 44.55 29.0403 5.32705
vn 0.529724 0.468253 -0.707199
vt 0 0
v 44.2181 29.3291 5.32705
vn 0.390482 0.589401 -0.707199
vt 0 0
v 44.5454 29.0362 5.3189
vn 0.649289 0.573944 -0.499011
vt 0 0
v 44.2147 29.3239 5.3189
vn 0.478618 0.722435 -0.499011
vt 0 0
v 44.2126 29.3207 5.3094
vn 0.533619 0.805456 -0.257861
vt 0 0
v 43.8208 29.5163 5.3189
vn 0.275329 0.821694 -0.499011
vt 0 0
v 44.2147 29.3239 5.3189
vn 0.478618 0.722435 -0.499011
vt 0 0
v 43.8208 29.5163 5.3189
vn 0.275329 0.821694 -0.499011
vt 0 0
v 44.2126 29.3207 5.3094
vn 0.533619 0.805456 -0.257861
vt 0 0
v 43.8196 29.5126 5.3094
vn 0.306969 0.916121 -0.257861
vt 0 0
v 43.3947 29.6671 5.3189
vn -0.0536011 -0.870211 -0.489755
vt 0 0
v 43.8434 29.5836 5.3094
vn -0.307412 -0.917443 -0.252577
vt 0 0
v 43.8422 29.5799 5.3189
vn -0.277002 -0.826686 -0.489755
vt 0 0
v 43.8434 29.5836 5.3094
vn -0.307412 -0.917443 -0.252577
vt 0 0
v 43.3947 29.6671 5.3189
vn -0.0536011 -0.870211 -0.489755
vt 0 0
v 43.395 29.6709 5.3094
vn -0.0594857 -0.965746 -0.252577
vt 0 0
v 43.8402 29.5741 5.32705
vn -0.228027 -0.680525 -0.696341
vt 0 0
v 44.2518 29.3799 5.3189
vn -0.481525 -0.726824 -0.489755
vt 0 0
v 44.2484 29.3748 5.32705
vn -0.39639 -0.598319 -0.696341
vt 0 0
v 44.2518 29.3799 5.3189
vn -0.481525 -0.726824 -0.489755
vt 0 0
v 43.8402 29.5741 5.32705
vn -0.228027 -0.680525 -0.696341
vt 0 0
v 43.8422 29.5799 5.3189
vn -0.277002 -0.826686 -0.489755
vt 0 0
v 44.5851 29.0713 5.33331
vn -0.384927 -0.340258 -0.857937
vt 0 0
v 44.2484 29.3748 5.32705
vn -0.39639 -0.598319 -0.696341
vt 0 0
v 44.5911 29.0766 5.32705
vn -0.537739 -0.475338 -0.696341
vt 0 0
v 44.2484 29.3748 5.32705
vn -0.39639 -0.598319 -0.696341
vt 0 0
v 44.5851 29.0713 5.33331
vn -0.384927 -0.340258 -0.857937
vt 0 0
v 44.2439 29.3681 5.33331
vn -0.283745 -0.428291 -0.857937
vt 0 0
v 44.8294 28.6922 5.33724
vn -0.244102 -0.121573 -0.962099
vt 0 0
v 44.5851 29.0713 5.33331
vn -0.384927 -0.340258 -0.857937
vt 0 0
v 44.8377 28.6964 5.33331
vn -0.459876 -0.229038 -0.857937
vt 0 0
v 44.5851 29.0713 5.33331
vn -0.384927 -0.340258 -0.857937
vt 0 0
v 44.8294 28.6922 5.33724
vn -0.244102 -0.121573 -0.962099
vt 0 0
v 44.578 29.0651 5.33724
vn -0.204319 -0.180609 -0.962099
vt 0 0
v 44.9657 28.2649 5.33858
vn -0.0108242 -0.00219734 -0.999939
vt 0 0
v 44.8294 28.6922 5.33724
vn -0.244102 -0.121573 -0.962099
vt 0 0
v 44.9756 28.2669 5.33724
vn -0.26725 -0.0542526 -0.962099
vt 0 0
v 44.8294 28.6922 5.33724
vn -0.244102 -0.121573 -0.962099
vt 0 0
v 44.9657 28.2649 5.33858
vn -0.0108242 -0.00219734 -0.999939
vt 0 0
v 44.8204 28.6877 5.33858
vn -0.00988664 -0.00492397 -0.999939
vt 0 0
v 44.9867 27.8195 5.33724
vn 0.251703 -0.0155038 -0.96768
vt 0 0
v 44.9657 28.2649 5.33858
vn -0.0108242 -0.00219734 -0.999939
vt 0 0
v 44.9967 27.8189 5.33858
vn -0.0110241 0.000679034 -0.999939
vt 0 0
v 44.9657 28.2649 5.33858
vn -0.0108242 -0.00219734 -0.999939
vt 0 0
v 44.9867 27.8195 5.33724
vn 0.251703 -0.0155038 -0.96768
vt 0 0
v 44.9559 28.2629 5.33724
vn 0.247139 0.05017 -0.96768
vt 0 0
v 43.6281 26.2459 5.33858
vn -0.00219734 0.0108242 -0.999939
vt 0 0
v 43.1827 26.2249 5.33724
vn -0.0155038 -0.251703 -0.96768
vt 0 0
v 43.6261 26.2557 5.33724
vn 0.05017 -0.247139 -0.96768
vt 0 0
v 43.1827 26.2249 5.33724
vn -0.0155038 -0.251703 -0.96768
vt 0 0
v 43.6281 26.2459 5.33858
vn -0.00219734 0.0108242 -0.999939
vt 0 0
v 43.1821 26.2149 5.33858
vn 0.000679034 0.0110241 -0.999939
vt 0 0
v 43.1827 26.2249 5.33724
vn -0.0155038 -0.251703 -0.96768
vt 0 0
v 42.7494 26.3187 5.33331
vn -0.158047 -0.471677 -0.867492
vt 0 0
v 43.1833 26.2342 5.33331
vn -0.0305828 -0.49651 -0.867492
vt 0 0
v 42.7494 26.3187 5.33331
vn -0.158047 -0.471677 -0.867492
vt 0 0
v 43.1827 26.2249 5.33724
vn -0.0155038 -0.251703 -0.96768
vt 0 0
v 42.7465 26.3099 5.33724
vn -0.080121 -0.239114 -0.96768
vt 0 0
v 43.1815 26.2048 5.33724
vn 0.0167654 0.272186 -0.962099
vt 0 0
v 42.7433 26.3004 5.33858
vn 0.00350913 0.0104727 -0.999939
vt 0 0
v 43.1821 26.2149 5.33858
vn 0.000679034 0.0110241 -0.999939
vt 0 0
v 42.7433 26.3004 5.33858
vn 0.00350913 0.0104727 -0.999939
vt 0 0
v 43.1815 26.2048 5.33724
vn 0.0167654 0.272186 -0.962099
vt 0 0
v 42.7401 26.2908 5.33724
vn 0.086641 0.258572 -0.962099
vt 0 0
v 42.7494 26.3187 5.33331
vn -0.158047 -0.471677 -0.867492
vt 0 0
v 42.3567 26.5194 5.32705
vn -0.390482 -0.589401 -0.707199
vt 0 0
v 42.752 26.3263 5.32705
vn -0.224628 -0.670381 -0.707199
vt 0 0
v 42.3567 26.5194 5.32705
vn -0.390482 -0.589401 -0.707199
vt 0 0
v 42.7494 26.3187 5.33331
vn -0.158047 -0.471677 -0.867492
vt 0 0
v 42.3522 26.5127 5.33331
vn -0.274741 -0.414699 -0.867492
vt 0 0
v 42.7371 26.282 5.33331
vn 0.163227 0.487136 -0.857937
vt 0 0
v 42.336 26.4882 5.33724
vn 0.150612 0.227337 -0.962099
vt 0 0
v 42.7401 26.2908 5.33724
vn 0.086641 0.258572 -0.962099
vt 0 0
v 42.336 26.4882 5.33724
vn 0.150612 0.227337 -0.962099
vt 0 0
v 42.7371 26.282 5.33331
vn 0.163227 0.487136 -0.857937
vt 0 0
v 42.3308 26.4804 5.33331
vn 0.283745 0.428291 -0.857937
vt 0 0
v 42.0248 26.8081 5.32705
vn -0.529724 -0.468253 -0.707199
vt 0 0
v 42.3601 26.5245 5.3189
vn -0.478618 -0.722435 -0.499011
vt 0 0
v 42.3567 26.5194 5.32705
vn -0.390482 -0.589401 -0.707199
vt 0 0
v 42.3601 26.5245 5.3189
vn -0.478618 -0.722435 -0.499011
vt 0 0
v 42.0248 26.8081 5.32705
vn -0.529724 -0.468253 -0.707199
vt 0 0
v 42.0294 26.8122 5.3189
vn -0.649289 -0.573944 -0.499011
vt 0 0
v 42.3264 26.4737 5.32705
vn 0.39639 0.598319 -0.696341
vt 0 0
v 41.9897 26.7771 5.33331
vn 0.384927 0.340258 -0.857937
vt 0 0
v 42.3308 26.4804 5.33331
vn 0.283745 0.428291 -0.857937
vt 0 0
v 41.9897 26.7771 5.33331
vn 0.384927 0.340258 -0.857937
vt 0 0
v 42.3264 26.4737 5.32705
vn 0.39639 0.598319 -0.696341
vt 0 0
v 41.9837 26.7718 5.32705
vn 0.537739 0.475338 -0.696341
vt 0 0
v 42.0323 26.8148 5.3094
vn -0.723904 -0.639899 -0.257861
vt 0 0
v 41.7844 27.1757 5.3189
vn -0.775713 -0.386339 -0.499011
vt 0 0
v 41.7879 27.1774 5.3094
vn -0.864855 -0.430735 -0.257861
vt 0 0
v 41.7844 27.1757 5.3189
vn -0.775713 -0.386339 -0.499011
vt 0 0
v 42.0323 26.8148 5.3094
vn -0.723904 -0.639899 -0.257861
vt 0 0
v 42.0294 26.8122 5.3189
vn -0.649289 -0.573944 -0.499011
vt 0 0
v 41.9837 26.7718 5.32705
vn 0.537739 0.475338 -0.696341
vt 0 0
v 41.7243 27.1458 5.3189
vn 0.780425 0.388686 -0.489755
vt 0 0
v 41.7299 27.1485 5.32705
vn 0.642443 0.319964 -0.696341
vt 0 0
v 41.7243 27.1458 5.3189
vn 0.780425 0.388686 -0.489755
vt 0 0
v 41.9837 26.7718 5.32705
vn 0.537739 0.475338 -0.696341
vt 0 0
v 41.9791 26.7677 5.3189
vn 0.653234 0.57743 -0.489755
vt 0 0
v 41.7243 27.1458 5.3189
vn 0.780425 0.388686 -0.489755
vt 0 0
v 41.5723 27.5761 5.3094
vn 0.948235 0.192495 -0.252577
vt 0 0
v 41.5761 27.5768 5.3189
vn 0.854432 0.173452 -0.489755
vt 0 0
v 41.5723 27.5761 5.3094
vn 0.948235 0.192495 -0.252577
vt 0 0
v 41.7243 27.1458 5.3189
vn 0.780425 0.388686 -0.489755
vt 0 0
v 41.7209 27.144 5.3094
vn 0.866104 0.431357 -0.252577
vt 0 0
v 43.8192 29.5113 5.29921
vn 0.317714 0.948187 -5.56656e-014
vt 0 0
v 43.3904 29.5962 5.3094
vn 0.0594 0.964355 -0.257861
vt 0 0
v 43.8196 29.5126 5.3094
vn 0.306969 0.916121 -0.257861
vt 0 0
v 43.3904 29.5962 5.3094
vn 0.0594 0.964355 -0.257861
vt 0 0
v 43.8192 29.5113 5.29921
vn 0.317714 0.948187 -5.56656e-014
vt 0 0
v 43.3903 29.5949 5.29921
vn 0.0614791 0.998108 -3.22237e-013
vt 0 0
v 42.9392 29.6393 5.3094
vn 0.192495 -0.948235 -0.252577
vt 0 0
v 43.3951 29.6723 5.29921
vn -0.0614791 -0.998108 2.30349e-013
vt 0 0
v 43.395 29.6709 5.3094
vn -0.0594857 -0.965746 -0.252577
vt 0 0
v 43.3951 29.6723 5.29921
vn -0.0614791 -0.998108 2.30349e-013
vt 0 0
v 42.9392 29.6393 5.3094
vn 0.192495 -0.948235 -0.252577
vt 0 0
v 42.939 29.6406 5.29921
vn 0.198945 -0.980011 5.01691e-013
vt 0 0
v 43.3903 29.5949 5.29921
vn 0.0614791 0.998108 -3.22237e-013
vt 0 0
v 42.9541 29.5659 5.3094
vn -0.192217 0.946869 -0.257861
vt 0 0
v 43.3904 29.5962 5.3094
vn 0.0594 0.964355 -0.257861
vt 0 0
v 42.9541 29.5659 5.3094
vn -0.192217 0.946869 -0.257861
vt 0 0
v 43.3903 29.5949 5.29921
vn 0.0614791 0.998108 -3.22237e-013
vt 0 0
v 42.9544 29.5646 5.29921
vn -0.198945 0.980011 -5.95876e-013
vt 0 0
v 42.9544 29.5646 5.29921
vn -0.198945 0.980011 -5.95876e-013
vt 0 0
v 42.5406 29.4237 5.3094
vn -0.430735 0.864855 -0.257861
vt 0 0
v 42.9541 29.5659 5.3094
vn -0.192217 0.946869 -0.257861
vt 0 0
v 42.5406 29.4237 5.3094
vn -0.430735 0.864855 -0.257861
vt 0 0
v 42.9544 29.5646 5.29921
vn -0.198945 0.980011 -5.95876e-013
vt 0 0
v 42.5412 29.4225 5.29921
vn -0.445812 0.895127 -8.54483e-013
vt 0 0
v 42.5072 29.4907 5.3094
vn 0.431357 -0.866104 -0.252577
vt 0 0
v 42.939 29.6406 5.29921
vn 0.198945 -0.980011 5.01691e-013
vt 0 0
v 42.9392 29.6393 5.3094
vn 0.192495 -0.948235 -0.252577
vt 0 0
v 42.939 29.6406 5.29921
vn 0.198945 -0.980011 5.01691e-013
vt 0 0
v 42.5072 29.4907 5.3094
vn 0.431357 -0.866104 -0.252577
vt 0 0
v 42.5066 29.4919 5.29921
vn 0.445812 -0.895127 7.62908e-013
vt 0 0
v 42.1283 29.2354 5.3094
vn 0.640823 -0.724949 -0.252577
vt 0 0
v 42.5066 29.4919 5.29921
vn 0.445812 -0.895127 7.62908e-013
vt 0 0
v 42.5072 29.4907 5.3094
vn 0.431357 -0.866104 -0.252577
vt 0 0
v 42.5066 29.4919 5.29921
vn 0.445812 -0.895127 7.62908e-013
vt 0 0
v 42.1283 29.2354 5.3094
vn 0.640823 -0.724949 -0.252577
vt 0 0
v 42.1275 29.2364 5.29921
vn 0.662297 -0.749241 9.93647e-013
vt 0 0
v 42.5412 29.4225 5.29921
vn -0.445812 0.895127 -8.54483e-013
vt 0 0
v 42.1779 29.1793 5.3094
vn -0.639899 0.723904 -0.257861
vt 0 0
v 42.5406 29.4237 5.3094
vn -0.430735 0.864855 -0.257861
vt 0 0
v 42.1779 29.1793 5.3094
vn -0.639899 0.723904 -0.257861
vt 0 0
v 42.5412 29.4225 5.29921
vn -0.445812 0.895127 -8.54483e-013
vt 0 0
v 42.1788 29.1783 5.29921
vn -0.662297 0.749241 -1.08765e-012
vt 0 0
v 42.1283 29.2354 5.3094
vn 0.640823 -0.724949 -0.252577
vt 0 0
v 41.8274 28.8915 5.29921
vn 0.833648 -0.552297 1.16679e-012
vt 0 0
v 42.1275 29.2364 5.29921
vn 0.662297 -0.749241 9.93647e-013
vt 0 0
v 41.8274 28.8915 5.29921
vn 0.833648 -0.552297 1.16679e-012
vt 0 0
v 42.1283 29.2354 5.3094
vn 0.640823 -0.724949 -0.252577
vt 0 0
v 41.8285 28.8908 5.3094
vn 0.806618 -0.534389 -0.252577
vt 0 0
v 42.1788 29.1783 5.29921
vn -0.662297 0.749241 -1.08765e-012
vt 0 0
v 41.8909 28.8494 5.3094
vn -0.805456 0.533619 -0.257861
vt 0 0
v 42.1779 29.1793 5.3094
vn -0.639899 0.723904 -0.257861
vt 0 0
v 41.8909 28.8494 5.3094
vn -0.805456 0.533619 -0.257861
vt 0 0
v 42.1788 29.1783 5.29921
vn -0.662297 0.749241 -1.08765e-012
vt 0 0
v 41.892 28.8487 5.29921
vn -0.833648 0.552297 -1.26717e-012
vt 0 0
v 41.8285 28.8908 5.3094
vn 0.806618 -0.534389 -0.252577
vt 0 0
v 41.6268 28.4806 5.29921
vn 0.948187 -0.317714 1.28914e-012
vt 0 0
v 41.8274 28.8915 5.29921
vn 0.833648 -0.552297 1.16679e-012
vt 0 0
v 41.6268 28.4806 5.29921
vn 0.948187 -0.317714 1.28914e-012
vt 0 0
v 41.8285 28.8908 5.3094
vn 0.806618 -0.534389 -0.252577
vt 0 0
v 41.628 28.4802 5.3094
vn 0.917443 -0.307412 -0.252577
vt 0 0
v 41.892 28.8487 5.29921
vn -0.833648 0.552297 -1.26717e-012
vt 0 0
v 41.699 28.4564 5.3094
vn -0.916121 0.306969 -0.257861
vt 0 0
v 41.8909 28.8494 5.3094
vn -0.805456 0.533619 -0.257861
vt 0 0
v 41.699 28.4564 5.3094
vn -0.916121 0.306969 -0.257861
vt 0 0
v 41.892 28.8487 5.29921
vn -0.833648 0.552297 -1.26717e-012
vt 0 0
v 41.7003 28.456 5.29921
vn -0.948187 0.317714 -1.37459e-012
vt 0 0
v 41.628 28.4802 5.3094
vn 0.917443 -0.307412 -0.252577
vt 0 0
v 41.5393 28.0319 5.29921
vn 0.998108 -0.0614791 1.33661e-012
vt 0 0
v 41.6268 28.4806 5.29921
vn 0.948187 -0.317714 1.28914e-012
vt 0 0
v 41.5393 28.0319 5.29921
vn 0.998108 -0.0614791 1.33661e-012
vt 0 0
v 41.628 28.4802 5.3094
vn 0.917443 -0.307412 -0.252577
vt 0 0
v 41.5407 28.0318 5.3094
vn 0.965746 -0.0594857 -0.252577
vt 0 0
v 41.7003 28.456 5.29921
vn -0.948187 0.317714 -1.37459e-012
vt 0 0
v 41.6154 28.0272 5.3094
vn -0.964355 0.0594 -0.257861
vt 0 0
v 41.699 28.4564 5.3094
vn -0.916121 0.306969 -0.257861
vt 0 0
v 41.6154 28.0272 5.3094
vn -0.964355 0.0594 -0.257861
vt 0 0
v 41.7003 28.456 5.29921
vn -0.948187 0.317714 -1.37459e-012
vt 0 0
v 41.6167 28.0271 5.29921
vn -0.998108 0.0614791 -1.42399e-012
vt 0 0
v 41.5723 27.5761 5.3094
vn 0.948235 0.192495 -0.252577
vt 0 0
v 41.5393 28.0319 5.29921
vn 0.998108 -0.0614791 1.33661e-012
vt 0 0
v 41.5407 28.0318 5.3094
vn 0.965746 -0.0594857 -0.252577
vt 0 0
v 41.5393 28.0319 5.29921
vn 0.998108 -0.0614791 1.33661e-012
vt 0 0
v 41.5723 27.5761 5.3094
vn 0.948235 0.192495 -0.252577
vt 0 0
v 41.571 27.5758 5.29921
vn 0.980011 0.198945 1.32023e-012
vt 0 0
v 41.647 27.5912 5.29921
vn -0.980011 -0.198945 -1.40462e-012
vt 0 0
v 41.6154 28.0272 5.3094
vn -0.964355 0.0594 -0.257861
vt 0 0
v 41.6167 28.0271 5.29921
vn -0.998108 0.0614791 -1.42399e-012
vt 0 0
v 41.6154 28.0272 5.3094
vn -0.964355 0.0594 -0.257861
vt 0 0
v 41.647 27.5912 5.29921
vn -0.980011 -0.198945 -1.40462e-012
vt 0 0
v 41.6457 27.591 5.3094
vn -0.946869 -0.192217 -0.257861
vt 0 0
v 41.7891 27.178 5.29921
vn -0.895127 -0.445812 -1.31725e-012
vt 0 0
v 41.6457 27.591 5.3094
vn -0.946869 -0.192217 -0.257861
vt 0 0
v 41.647 27.5912 5.29921
vn -0.980011 -0.198945 -1.40462e-012
vt 0 0
v 41.6457 27.591 5.3094
vn -0.946869 -0.192217 -0.257861
vt 0 0
v 41.7891 27.178 5.29921
vn -0.895127 -0.445812 -1.31725e-012
vt 0 0
v 41.7879 27.1774 5.3094
vn -0.864855 -0.430735 -0.257861
vt 0 0
v 44.9774 27.8201 5.33331
vn 0.49651 -0.0305828 -0.867492
vt 0 0
v 44.9559 28.2629 5.33724
vn 0.247139 0.05017 -0.96768
vt 0 0
v 44.9867 27.8195 5.33724
vn 0.251703 -0.0155038 -0.96768
vt 0 0
v 44.9559 28.2629 5.33724
vn 0.247139 0.05017 -0.96768
vt 0 0
v 44.9774 27.8201 5.33331
vn 0.49651 -0.0305828 -0.867492
vt 0 0
v 44.9468 28.2611 5.33331
vn 0.487508 0.0989656 -0.867492
vt 0 0
v 44.9389 28.2595 5.32705
vn 0.692881 0.140657 -0.707199
vt 0 0
v 44.803 28.6791 5.33331
vn 0.445282 0.22177 -0.867492
vt 0 0
v 44.9468 28.2611 5.33331
vn 0.487508 0.0989656 -0.867492
vt 0 0
v 44.803 28.6791 5.33331
vn 0.445282 0.22177 -0.867492
vt 0 0
v 44.9389 28.2595 5.32705
vn 0.692881 0.140657 -0.707199
vt 0 0
v 44.7958 28.6755 5.32705
vn 0.632867 0.315195 -0.707199
vt 0 0
v 44.7958 28.6755 5.32705
vn 0.632867 0.315195 -0.707199
vt 0 0
v 44.5454 29.0362 5.3189
vn 0.649289 0.573944 -0.499011
vt 0 0
v 44.55 29.0403 5.32705
vn 0.529724 0.468253 -0.707199
vt 0 0
v 44.5454 29.0362 5.3189
vn 0.649289 0.573944 -0.499011
vt 0 0
v 44.7958 28.6755 5.32705
vn 0.632867 0.315195 -0.707199
vt 0 0
v 44.7903 28.6728 5.3189
vn 0.775713 0.386339 -0.499011
vt 0 0
v 44.5425 29.0337 5.3094
vn 0.723904 0.639899 -0.257861
vt 0 0
v 44.2147 29.3239 5.3189
vn 0.478618 0.722435 -0.499011
vt 0 0
v 44.5454 29.0362 5.3189
vn 0.649289 0.573944 -0.499011
vt 0 0
v 44.2147 29.3239 5.3189
vn 0.478618 0.722435 -0.499011
vt 0 0
v 44.5425 29.0337 5.3094
vn 0.723904 0.639899 -0.257861
vt 0 0
v 44.2126 29.3207 5.3094
vn 0.533619 0.805456 -0.257861
vt 0 0
v 44.2118 29.3196 5.29921
vn 0.552297 0.833648 1.73815e-013
vt 0 0
v 43.8196 29.5126 5.3094
vn 0.306969 0.916121 -0.257861
vt 0 0
v 44.2126 29.3207 5.3094
vn 0.533619 0.805456 -0.257861
vt 0 0
v 43.8196 29.5126 5.3094
vn 0.306969 0.916121 -0.257861
vt 0 0
v 44.2118 29.3196 5.29921
vn 0.552297 0.833648 1.73815e-013
vt 0 0
v 43.8192 29.5113 5.29921
vn 0.317714 0.948187 -5.56656e-014
vt 0 0
v 43.395 29.6709 5.3094
vn -0.0594857 -0.965746 -0.252577
vt 0 0
v 43.8438 29.5848 5.29921
vn -0.317714 -0.948187 -3.26975e-014
vt 0 0
v 43.8434 29.5836 5.3094
vn -0.307412 -0.917443 -0.252577
vt 0 0
v 43.8438 29.5848 5.29921
vn -0.317714 -0.948187 -3.26975e-014
vt 0 0
v 43.395 29.6709 5.3094
vn -0.0594857 -0.965746 -0.252577
vt 0 0
v 43.3951 29.6723 5.29921
vn -0.0614791 -0.998108 2.30349e-013
vt 0 0
v 43.8422 29.5799 5.3189
vn -0.277002 -0.826686 -0.489755
vt 0 0
v 44.2539 29.3831 5.3094
vn -0.534389 -0.806618 -0.252577
vt 0 0
v 44.2518 29.3799 5.3189
vn -0.481525 -0.726824 -0.489755
vt 0 0
v 44.2539 29.3831 5.3094
vn -0.534389 -0.806618 -0.252577
vt 0 0
v 43.8422 29.5799 5.3189
vn -0.277002 -0.826686 -0.489755
vt 0 0
v 43.8434 29.5836 5.3094
vn -0.307412 -0.917443 -0.252577
vt 0 0
v 44.2484 29.3748 5.32705
vn -0.39639 -0.598319 -0.696341
vt 0 0
v 44.5957 29.0807 5.3189
vn -0.653234 -0.57743 -0.489755
vt 0 0
v 44.5911 29.0766 5.32705
vn -0.537739 -0.475338 -0.696341
vt 0 0
v 44.5957 29.0807 5.3189
vn -0.653234 -0.57743 -0.489755
vt 0 0
v 44.2484 29.3748 5.32705
vn -0.39639 -0.598319 -0.696341
vt 0 0
v 44.2518 29.3799 5.3189
vn -0.481525 -0.726824 -0.489755
vt 0 0
v 44.8377 28.6964 5.33331
vn -0.459876 -0.229038 -0.857937
vt 0 0
v 44.5911 29.0766 5.32705
vn -0.537739 -0.475338 -0.696341
vt 0 0
v 44.8449 28.6999 5.32705
vn -0.642443 -0.319964 -0.696341
vt 0 0
v 44.5911 29.0766 5.32705
vn -0.537739 -0.475338 -0.696341
vt 0 0
v 44.8377 28.6964 5.33331
vn -0.459876 -0.229038 -0.857937
vt 0 0
v 44.5851 29.0713 5.33331
vn -0.384927 -0.340258 -0.857937
vt 0 0
v 44.9756 28.2669 5.33724
vn -0.26725 -0.0542526 -0.962099
vt 0 0
v 44.8377 28.6964 5.33331
vn -0.459876 -0.229038 -0.857937
vt 0 0
v 44.9847 28.2688 5.33331
vn -0.503485 -0.102209 -0.857937
vt 0 0
v 44.8377 28.6964 5.33331
vn -0.459876 -0.229038 -0.857937
vt 0 0
v 44.9756 28.2669 5.33724
vn -0.26725 -0.0542526 -0.962099
vt 0 0
v 44.8294 28.6922 5.33724
vn -0.244102 -0.121573 -0.962099
vt 0 0
v 44.9967 27.8189 5.33858
vn -0.0110241 0.000679034 -0.999939
vt 0 0
v 44.9756 28.2669 5.33724
vn -0.26725 -0.0542526 -0.962099
vt 0 0
v 45.0068 27.8183 5.33724
vn -0.272186 0.0167654 -0.962099
vt 0 0
v 44.9756 28.2669 5.33724
vn -0.26725 -0.0542526 -0.962099
vt 0 0
v 44.9967 27.8189 5.33858
vn -0.0110241 0.000679034 -0.999939
vt 0 0
v 44.9657 28.2649 5.33858
vn -0.0108242 -0.00219734 -0.999939
vt 0 0
v 44.9112 27.3801 5.33858
vn -0.0104727 0.00350913 -0.999939
vt 0 0
v 44.9867 27.8195 5.33724
vn 0.251703 -0.0155038 -0.96768
vt 0 0
v 44.9967 27.8189 5.33858
vn -0.0110241 0.000679034 -0.999939
vt 0 0
v 44.9867 27.8195 5.33724
vn 0.251703 -0.0155038 -0.96768
vt 0 0
v 44.9112 27.3801 5.33858
vn -0.0104727 0.00350913 -0.999939
vt 0 0
v 44.9017 27.3833 5.33724
vn 0.239114 -0.080121 -0.96768
vt 0 0
v 43.6281 26.2459 5.33858
vn -0.00219734 0.0108242 -0.999939
vt 0 0
v 44.0464 26.4002 5.33724
vn 0.112425 -0.225733 -0.96768
vt 0 0
v 44.0509 26.3912 5.33858
vn -0.00492397 0.00988664 -0.999939
vt 0 0
v 44.0464 26.4002 5.33724
vn 0.112425 -0.225733 -0.96768
vt 0 0
v 43.6281 26.2459 5.33858
vn -0.00219734 0.0108242 -0.999939
vt 0 0
v 43.6261 26.2557 5.33724
vn 0.05017 -0.247139 -0.96768
vt 0 0
v 43.6261 26.2557 5.33724
vn 0.05017 -0.247139 -0.96768
vt 0 0
v 43.1833 26.2342 5.33331
vn -0.0305828 -0.49651 -0.867492
vt 0 0
v 43.6242 26.2648 5.33331
vn 0.0989656 -0.487508 -0.867492
vt 0 0
v 43.1833 26.2342 5.33331
vn -0.0305828 -0.49651 -0.867492
vt 0 0
v 43.6261 26.2557 5.33724
vn 0.05017 -0.247139 -0.96768
vt 0 0
v 43.1827 26.2249 5.33724
vn -0.0155038 -0.251703 -0.96768
vt 0 0
v 43.6301 26.236 5.33724
vn -0.0542526 0.26725 -0.962099
vt 0 0
v 43.1821 26.2149 5.33858
vn 0.000679034 0.0110241 -0.999939
vt 0 0
v 43.6281 26.2459 5.33858
vn -0.00219734 0.0108242 -0.999939
vt 0 0
v 43.1821 26.2149 5.33858
vn 0.000679034 0.0110241 -0.999939
vt 0 0
v 43.6301 26.236 5.33724
vn -0.0542526 0.26725 -0.962099
vt 0 0
v 43.1815 26.2048 5.33724
vn 0.0167654 0.272186 -0.962099
vt 0 0
v 43.1833 26.2342 5.33331
vn -0.0305828 -0.49651 -0.867492
vt 0 0
v 42.752 26.3263 5.32705
vn -0.224628 -0.670381 -0.707199
vt 0 0
v 43.1838 26.2422 5.32705
vn -0.0434666 -0.705677 -0.707199
vt 0 0
v 42.752 26.3263 5.32705
vn -0.224628 -0.670381 -0.707199
vt 0 0
v 43.1833 26.2342 5.33331
vn -0.0305828 -0.49651 -0.867492
vt 0 0
v 42.7494 26.3187 5.33331
vn -0.158047 -0.471677 -0.867492
vt 0 0
v 43.1809 26.1955 5.33331
vn 0.0315852 0.512783 -0.857937
vt 0 0
v 42.7401 26.2908 5.33724
vn 0.086641 0.258572 -0.962099
vt 0 0
v 43.1815 26.2048 5.33724
vn 0.0167654 0.272186 -0.962099
vt 0 0
v 42.7401 26.2908 5.33724
vn 0.086641 0.258572 -0.962099
vt 0 0
v 43.1809 26.1955 5.33331
vn 0.0315852 0.512783 -0.857937
vt 0 0
v 42.7371 26.282 5.33331
vn 0.163227 0.487136 -0.857937
vt 0 0
v 42.3567 26.5194 5.32705
vn -0.390482 -0.589401 -0.707199
vt 0 0
v 42.7539 26.3322 5.3189
vn -0.275329 -0.821694 -0.499011
vt 0 0
v 42.752 26.3263 5.32705
vn -0.224628 -0.670381 -0.707199
vt 0 0
v 42.7539 26.3322 5.3189
vn -0.275329 -0.821694 -0.499011
vt 0 0
v 42.3567 26.5194 5.32705
vn -0.390482 -0.589401 -0.707199
vt 0 0
v 42.3601 26.5245 5.3189
vn -0.478618 -0.722435 -0.499011
vt 0 0
v 42.7346 26.2744 5.32705
vn 0.228027 0.680525 -0.696341
vt 0 0
v 42.3308 26.4804 5.33331
vn 0.283745 0.428291 -0.857937
vt 0 0
v 42.7371 26.282 5.33331
vn 0.163227 0.487136 -0.857937
vt 0 0
v 42.3308 26.4804 5.33331
vn 0.283745 0.428291 -0.857937
vt 0 0
v 42.7346 26.2744 5.32705
vn 0.228027 0.680525 -0.696341
vt 0 0
v 42.3264 26.4737 5.32705
vn 0.39639 0.598319 -0.696341
vt 0 0
v 42.0294 26.8122 5.3189
vn -0.649289 -0.573944 -0.499011
vt 0 0
v 42.3622 26.5277 5.3094
vn -0.533619 -0.805456 -0.257861
vt 0 0
v 42.3601 26.5245 5.3189
vn -0.478618 -0.722435 -0.499011
vt 0 0
v 42.3622 26.5277 5.3094
vn -0.533619 -0.805456 -0.257861
vt 0 0
v 42.0294 26.8122 5.3189
vn -0.649289 -0.573944 -0.499011
vt 0 0
v 42.0323 26.8148 5.3094
vn -0.723904 -0.639899 -0.257861
vt 0 0
v 42.323 26.4685 5.3189
vn 0.481525 0.726824 -0.489755
vt 0 0
v 41.9837 26.7718 5.32705
vn 0.537739 0.475338 -0.696341
vt 0 0
v 42.3264 26.4737 5.32705
vn 0.39639 0.598319 -0.696341
vt 0 0
v 41.9837 26.7718 5.32705
vn 0.537739 0.475338 -0.696341
vt 0 0
v 42.323 26.4685 5.3189
vn 0.481525 0.726824 -0.489755
vt 0 0
v 41.9791 26.7677 5.3189
vn 0.653234 0.57743 -0.489755
vt 0 0
v 42.0333 26.8156 5.29921
vn -0.749241 -0.662297 -1.16117e-012
vt 0 0
v 41.7879 27.1774 5.3094
vn -0.864855 -0.430735 -0.257861
vt 0 0
v 41.7891 27.178 5.29921
vn -0.895127 -0.445812 -1.31725e-012
vt 0 0
v 41.7879 27.1774 5.3094
vn -0.864855 -0.430735 -0.257861
vt 0 0
v 42.0333 26.8156 5.29921
vn -0.749241 -0.662297 -1.16117e-012
vt 0 0
v 42.0323 26.8148 5.3094
vn -0.723904 -0.639899 -0.257861
vt 0 0
v 41.9791 26.7677 5.3189
vn 0.653234 0.57743 -0.489755
vt 0 0
v 41.7209 27.144 5.3094
vn 0.866104 0.431357 -0.252577
vt 0 0
v 41.7243 27.1458 5.3189
vn 0.780425 0.388686 -0.489755
vt 0 0
v 41.7209 27.144 5.3094
vn 0.866104 0.431357 -0.252577
vt 0 0
v 41.9791 26.7677 5.3189
vn 0.653234 0.57743 -0.489755
vt 0 0
v 41.9762 26.7652 5.3094
vn 0.724949 0.640823 -0.252577
vt 0 0
v 41.7209 27.144 5.3094
vn 0.866104 0.431357 -0.252577
vt 0 0
v 41.571 27.5758 5.29921
vn 0.980011 0.198945 1.32023e-012
vt 0 0
v 41.5723 27.5761 5.3094
vn 0.948235 0.192495 -0.252577
vt 0 0
v 41.571 27.5758 5.29921
vn 0.980011 0.198945 1.32023e-012
vt 0 0
v 41.7209 27.144 5.3094
vn 0.866104 0.431357 -0.252577
vt 0 0
v 41.7197 27.1434 5.29921
vn 0.895127 0.445812 1.23751e-012
vt 0 0
v 43.8196 29.5126 5.28902
vn 0.306969 0.916121 0.257861
vt 0 0
v 43.3903 29.5949 5.29921
vn 0.0614791 0.998108 -3.22237e-013
vt 0 0
v 43.8192 29.5113 5.29921
vn 0.317714 0.948187 -5.56656e-014
vt 0 0
v 43.3903 29.5949 5.29921
vn 0.0614791 0.998108 -3.22237e-013
vt 0 0
v 43.8196 29.5126 5.28902
vn 0.306969 0.916121 0.257861
vt 0 0
v 43.3904 29.5962 5.28902
vn 0.0594 0.964355 0.257861
vt 0 0
v 42.939 29.6406 5.29921
vn 0.198945 -0.980011 5.01691e-013
vt 0 0
v 43.395 29.6709 5.28902
vn -0.0594857 -0.965746 0.252577
vt 0 0
v 43.3951 29.6723 5.29921
vn -0.0614791 -0.998108 2.30349e-013
vt 0 0
v 43.395 29.6709 5.28902
vn -0.0594857 -0.965746 0.252577
vt 0 0
v 42.939 29.6406 5.29921
vn 0.198945 -0.980011 5.01691e-013
vt 0 0
v 42.9392 29.6393 5.28902
vn 0.192495 -0.948235 0.252577
vt 0 0
v 43.3904 29.5962 5.28902
vn 0.0594 0.964355 0.257861
vt 0 0
v 42.9544 29.5646 5.29921
vn -0.198945 0.980011 -5.95876e-013
vt 0 0
v 43.3903 29.5949 5.29921
vn 0.0614791 0.998108 -3.22237e-013
vt 0 0
v 42.9544 29.5646 5.29921
vn -0.198945 0.980011 -5.95876e-013
vt 0 0
v 43.3904 29.5962 5.28902
vn 0.0594 0.964355 0.257861
vt 0 0
v 42.9541 29.5659 5.28902
vn -0.192217 0.946869 0.257861
vt 0 0
v 42.9541 29.5659 5.28902
vn -0.192217 0.946869 0.257861
vt 0 0
v 42.5412 29.4225 5.29921
vn -0.445812 0.895127 -8.54483e-013
vt 0 0
v 42.9544 29.5646 5.29921
vn -0.198945 0.980011 -5.95876e-013
vt 0 0
v 42.5412 29.4225 5.29921
vn -0.445812 0.895127 -8.54483e-013
vt 0 0
v 42.9541 29.5659 5.28902
vn -0.192217 0.946869 0.257861
vt 0 0
v 42.5406 29.4237 5.28902
vn -0.430735 0.864855 0.257861
vt 0 0
v 42.5066 29.4919 5.29921
vn 0.445812 -0.895127 7.62908e-013
vt 0 0
v 42.9392 29.6393 5.28902
vn 0.192495 -0.948235 0.252577
vt 0 0
v 42.939 29.6406 5.29921
vn 0.198945 -0.980011 5.01691e-013
vt 0 0
v 42.9392 29.6393 5.28902
vn 0.192495 -0.948235 0.252577
vt 0 0
v 42.5066 29.4919 5.29921
vn 0.445812 -0.895127 7.62908e-013
vt 0 0
v 42.5072 29.4907 5.28902
vn 0.431357 -0.866104 0.252577
vt 0 0
v 42.1275 29.2364 5.29921
vn 0.662297 -0.749241 9.93647e-013
vt 0 0
v 42.5072 29.4907 5.28902
vn 0.431357 -0.866104 0.252577
vt 0 0
v 42.5066 29.4919 5.29921
vn 0.445812 -0.895127 7.62908e-013
vt 0 0
v 42.5072 29.4907 5.28902
vn 0.431357 -0.866104 0.252577
vt 0 0
v 42.1275 29.2364 5.29921
vn 0.662297 -0.749241 9.93647e-013
vt 0 0
v 42.1283 29.2354 5.28902
vn 0.640823 -0.724949 0.252577
vt 0 0
v 42.5406 29.4237 5.28902
vn -0.430735 0.864855 0.257861
vt 0 0
v 42.1788 29.1783 5.29921
vn -0.662297 0.749241 -1.08765e-012
vt 0 0
v 42.5412 29.4225 5.29921
vn -0.445812 0.895127 -8.54483e-013
vt 0 0
v 42.1788 29.1783 5.29921
vn -0.662297 0.749241 -1.08765e-012
vt 0 0
v 42.5406 29.4237 5.28902
vn -0.430735 0.864855 0.257861
vt 0 0
v 42.1779 29.1793 5.28902
vn -0.639899 0.723904 0.257861
vt 0 0
v 41.8274 28.8915 5.29921
vn 0.833648 -0.552297 1.16679e-012
vt 0 0
v 42.1283 29.2354 5.28902
vn 0.640823 -0.724949 0.252577
vt 0 0
v 42.1275 29.2364 5.29921
vn 0.662297 -0.749241 9.93647e-013
vt 0 0
v 42.1283 29.2354 5.28902
vn 0.640823 -0.724949 0.252577
vt 0 0
v 41.8274 28.8915 5.29921
vn 0.833648 -0.552297 1.16679e-012
vt 0 0
v 41.8285 28.8908 5.28902
vn 0.806618 -0.534389 0.252577
vt 0 0
v 41.8909 28.8494 5.28902
vn -0.805456 0.533619 0.257861
vt 0 0
v 42.1788 29.1783 5.29921
vn -0.662297 0.749241 -1.08765e-012
vt 0 0
v 42.1779 29.1793 5.28902
vn -0.639899 0.723904 0.257861
vt 0 0
v 42.1788 29.1783 5.29921
vn -0.662297 0.749241 -1.08765e-012
vt 0 0
v 41.8909 28.8494 5.28902
vn -0.805456 0.533619 0.257861
vt 0 0
v 41.892 28.8487 5.29921
vn -0.833648 0.552297 -1.26717e-012
vt 0 0
v 41.6268 28.4806 5.29921
vn 0.948187 -0.317714 1.28914e-012
vt 0 0
v 41.8285 28.8908 5.28902
vn 0.806618 -0.534389 0.252577
vt 0 0
v 41.8274 28.8915 5.29921
vn 0.833648 -0.552297 1.16679e-012
vt 0 0
v 41.8285 28.8908 5.28902
vn 0.806618 -0.534389 0.252577
vt 0 0
v 41.6268 28.4806 5.29921
vn 0.948187 -0.317714 1.28914e-012
vt 0 0
v 41.628 28.4802 5.28902
vn 0.917443 -0.307412 0.252577
vt 0 0
v 41.699 28.4564 5.28902
vn -0.916121 0.306969 0.257861
vt 0 0
v 41.892 28.8487 5.29921
vn -0.833648 0.552297 -1.26717e-012
vt 0 0
v 41.8909 28.8494 5.28902
vn -0.805456 0.533619 0.257861
vt 0 0
v 41.892 28.8487 5.29921
vn -0.833648 0.552297 -1.26717e-012
vt 0 0
v 41.699 28.4564 5.28902
vn -0.916121 0.306969 0.257861
vt 0 0
v 41.7003 28.456 5.29921
vn -0.948187 0.317714 -1.37459e-012
vt 0 0
v 41.5393 28.0319 5.29921
vn 0.998108 -0.0614791 1.33661e-012
vt 0 0
v 41.628 28.4802 5.28902
vn 0.917443 -0.307412 0.252577
vt 0 0
v 41.6268 28.4806 5.29921
vn 0.948187 -0.317714 1.28914e-012
vt 0 0
v 41.628 28.4802 5.28902
vn 0.917443 -0.307412 0.252577
vt 0 0
v 41.5393 28.0319 5.29921
vn 0.998108 -0.0614791 1.33661e-012
vt 0 0
v 41.5407 28.0318 5.28902
vn 0.965746 -0.0594857 0.252577
vt 0 0
v 41.6154 28.0272 5.28902
vn -0.964355 0.0594 0.257861
vt 0 0
v 41.7003 28.456 5.29921
vn -0.948187 0.317714 -1.37459e-012
vt 0 0
v 41.699 28.4564 5.28902
vn -0.916121 0.306969 0.257861
vt 0 0
v 41.7003 28.456 5.29921
vn -0.948187 0.317714 -1.37459e-012
vt 0 0
v 41.6154 28.0272 5.28902
vn -0.964355 0.0594 0.257861
vt 0 0
v 41.6167 28.0271 5.29921
vn -0.998108 0.0614791 -1.42399e-012
vt 0 0
v 41.5393 28.0319 5.29921
vn 0.998108 -0.0614791 1.33661e-012
vt 0 0
v 41.5723 27.5761 5.28902
vn 0.948235 0.192495 0.252577
vt 0 0
v 41.5407 28.0318 5.28902
vn 0.965746 -0.0594857 0.252577
vt 0 0
v 41.5723 27.5761 5.28902
vn 0.948235 0.192495 0.252577
vt 0 0
v 41.5393 28.0319 5.29921
vn 0.998108 -0.0614791 1.33661e-012
vt 0 0
v 41.571 27.5758 5.29921
vn 0.980011 0.198945 1.32023e-012
vt 0 0
v 41.6154 28.0272 5.28902
vn -0.964355 0.0594 0.257861
vt 0 0
v 41.647 27.5912 5.29921
vn -0.980011 -0.198945 -1.40462e-012
vt 0 0
v 41.6167 28.0271 5.29921
vn -0.998108 0.0614791 -1.42399e-012
vt 0 0
v 41.647 27.5912 5.29921
vn -0.980011 -0.198945 -1.40462e-012
vt 0 0
v 41.6154 28.0272 5.28902
vn -0.964355 0.0594 0.257861
vt 0 0
v 41.6457 27.591 5.28902
vn -0.946869 -0.192217 0.257861
vt 0 0
v 41.6457 27.591 5.28902
vn -0.946869 -0.192217 0.257861
vt 0 0
v 41.7891 27.178 5.29921
vn -0.895127 -0.445812 -1.31725e-012
vt 0 0
v 41.647 27.5912 5.29921
vn -0.980011 -0.198945 -1.40462e-012
vt 0 0
v 41.7891 27.178 5.29921
vn -0.895127 -0.445812 -1.31725e-012
vt 0 0
v 41.6457 27.591 5.28902
vn -0.946869 -0.192217 0.257861
vt 0 0
v 41.7879 27.1774 5.28902
vn -0.864855 -0.430735 0.257861
vt 0 0
v 44.9017 27.3833 5.33724
vn 0.239114 -0.080121 -0.96768
vt 0 0
v 44.9774 27.8201 5.33331
vn 0.49651 -0.0305828 -0.867492
vt 0 0
v 44.9867 27.8195 5.33724
vn 0.251703 -0.0155038 -0.96768
vt 0 0
v 44.9774 27.8201 5.33331
vn 0.49651 -0.0305828 -0.867492
vt 0 0
v 44.9017 27.3833 5.33724
vn 0.239114 -0.080121 -0.96768
vt 0 0
v 44.8929 27.3863 5.33331
vn 0.471677 -0.158047 -0.867492
vt 0 0
v 44.9694 27.8206 5.32705
vn 0.705677 -0.0434666 -0.707199
vt 0 0
v 44.9468 28.2611 5.33331
vn 0.487508 0.0989656 -0.867492
vt 0 0
v 44.9774 27.8201 5.33331
vn 0.49651 -0.0305828 -0.867492
vt 0 0
v 44.9468 28.2611 5.33331
vn 0.487508 0.0989656 -0.867492
vt 0 0
v 44.9694 27.8206 5.32705
vn 0.705677 -0.0434666 -0.707199
vt 0 0
v 44.9389 28.2595 5.32705
vn 0.692881 0.140657 -0.707199
vt 0 0
v 44.9389 28.2595 5.32705
vn 0.692881 0.140657 -0.707199
vt 0 0
v 44.7903 28.6728 5.3189
vn 0.775713 0.386339 -0.499011
vt 0 0
v 44.7958 28.6755 5.32705
vn 0.632867 0.315195 -0.707199
vt 0 0
v 44.7903 28.6728 5.3189
vn 0.775713 0.386339 -0.499011
vt 0 0
v 44.9389 28.2595 5.32705
vn 0.692881 0.140657 -0.707199
vt 0 0
v 44.9329 28.2583 5.3189
vn 0.849273 0.172405 -0.499011
vt 0 0
v 44.7903 28.6728 5.3189
vn 0.775713 0.386339 -0.499011
vt 0 0
v 44.5425 29.0337 5.3094
vn 0.723904 0.639899 -0.257861
vt 0 0
v 44.5454 29.0362 5.3189
vn 0.649289 0.573944 -0.499011
vt 0 0
v 44.5425 29.0337 5.3094
vn 0.723904 0.639899 -0.257861
vt 0 0
v 44.7903 28.6728 5.3189
vn 0.775713 0.386339 -0.499011
vt 0 0
v 44.7869 28.671 5.3094
vn 0.864855 0.430735 -0.257861
vt 0 0
v 44.5415 29.0328 5.29921
vn 0.749241 0.662297 3.83379e-013
vt 0 0
v 44.2126 29.3207 5.3094
vn 0.533619 0.805456 -0.257861
vt 0 0
v 44.5425 29.0337 5.3094
vn 0.723904 0.639899 -0.257861
vt 0 0
v 44.2126 29.3207 5.3094
vn 0.533619 0.805456 -0.257861
vt 0 0
v 44.5415 29.0328 5.29921
vn 0.749241 0.662297 3.83379e-013
vt 0 0
v 44.2118 29.3196 5.29921
vn 0.552297 0.833648 1.73815e-013
vt 0 0
v 44.2126 29.3207 5.28902
vn 0.533619 0.805456 0.257861
vt 0 0
v 43.8192 29.5113 5.29921
vn 0.317714 0.948187 -5.56656e-014
vt 0 0
v 44.2118 29.3196 5.29921
vn 0.552297 0.833648 1.73815e-013
vt 0 0
v 43.8192 29.5113 5.29921
vn 0.317714 0.948187 -5.56656e-014
vt 0 0
v 44.2126 29.3207 5.28902
vn 0.533619 0.805456 0.257861
vt 0 0
v 43.8196 29.5126 5.28902
vn 0.306969 0.916121 0.257861
vt 0 0
v 43.3951 29.6723 5.29921
vn -0.0614791 -0.998108 2.30349e-013
vt 0 0
v 43.8434 29.5836 5.28902
vn -0.307412 -0.917443 0.252577
vt 0 0
v 43.8438 29.5848 5.29921
vn -0.317714 -0.948187 -3.26975e-014
vt 0 0
v 43.8434 29.5836 5.28902
vn -0.307412 -0.917443 0.252577
vt 0 0
v 43.3951 29.6723 5.29921
vn -0.0614791 -0.998108 2.30349e-013
vt 0 0
v 43.395 29.6709 5.28902
vn -0.0594857 -0.965746 0.252577
vt 0 0
v 43.8434 29.5836 5.3094
vn -0.307412 -0.917443 -0.252577
vt 0 0
v 44.2547 29.3842 5.29921
vn -0.552297 -0.833648 -2.54147e-013
vt 0 0
v 44.2539 29.3831 5.3094
vn -0.534389 -0.806618 -0.252577
vt 0 0
v 44.2547 29.3842 5.29921
vn -0.552297 -0.833648 -2.54147e-013
vt 0 0
v 43.8434 29.5836 5.3094
vn -0.307412 -0.917443 -0.252577
vt 0 0
v 43.8438 29.5848 5.29921
vn -0.317714 -0.948187 -3.26975e-014
vt 0 0
v 44.2518 29.3799 5.3189
vn -0.481525 -0.726824 -0.489755
vt 0 0
v 44.5986 29.0833 5.3094
vn -0.724949 -0.640823 -0.252577
vt 0 0
v 44.5957 29.0807 5.3189
vn -0.653234 -0.57743 -0.489755
vt 0 0
v 44.5986 29.0833 5.3094
vn -0.724949 -0.640823 -0.252577
vt 0 0
v 44.2518 29.3799 5.3189
vn -0.481525 -0.726824 -0.489755
vt 0 0
v 44.2539 29.3831 5.3094
vn -0.534389 -0.806618 -0.252577
vt 0 0
v 44.8504 28.7027 5.3189
vn -0.780425 -0.388686 -0.489755
vt 0 0
v 44.5911 29.0766 5.32705
vn -0.537739 -0.475338 -0.696341
vt 0 0
v 44.5957 29.0807 5.3189
vn -0.653234 -0.57743 -0.489755
vt 0 0
v 44.5911 29.0766 5.32705
vn -0.537739 -0.475338 -0.696341
vt 0 0
v 44.8504 28.7027 5.3189
vn -0.780425 -0.388686 -0.489755
vt 0 0
v 44.8449 28.6999 5.32705
vn -0.642443 -0.319964 -0.696341
vt 0 0
v 44.9847 28.2688 5.33331
vn -0.503485 -0.102209 -0.857937
vt 0 0
v 44.8449 28.6999 5.32705
vn -0.642443 -0.319964 -0.696341
vt 0 0
v 44.9926 28.2704 5.32705
vn -0.703365 -0.142785 -0.696341
vt 0 0
v 44.8449 28.6999 5.32705
vn -0.642443 -0.319964 -0.696341
vt 0 0
v 44.9847 28.2688 5.33331
vn -0.503485 -0.102209 -0.857937
vt 0 0
v 44.8377 28.6964 5.33331
vn -0.459876 -0.229038 -0.857937
vt 0 0
v 45.0068 27.8183 5.33724
vn -0.272186 0.0167654 -0.962099
vt 0 0
v 44.9847 28.2688 5.33331
vn -0.503485 -0.102209 -0.857937
vt 0 0
v 45.0161 27.8177 5.33331
vn -0.512783 0.0315852 -0.857937
vt 0 0
v 44.9847 28.2688 5.33331
vn -0.503485 -0.102209 -0.857937
vt 0 0
v 45.0068 27.8183 5.33724
vn -0.272186 0.0167654 -0.962099
vt 0 0
v 44.9756 28.2669 5.33724
vn -0.26725 -0.0542526 -0.962099
vt 0 0
v 44.9208 27.3769 5.33724
vn -0.258572 0.086641 -0.962099
vt 0 0
v 44.9967 27.8189 5.33858
vn -0.0110241 0.000679034 -0.999939
vt 0 0
v 45.0068 27.8183 5.33724
vn -0.272186 0.0167654 -0.962099
vt 0 0
v 44.9967 27.8189 5.33858
vn -0.0110241 0.000679034 -0.999939
vt 0 0
v 44.9208 27.3769 5.33724
vn -0.258572 0.086641 -0.962099
vt 0 0
v 44.9112 27.3801 5.33858
vn -0.0104727 0.00350913 -0.999939
vt 0 0
v 44.7151 26.9784 5.33858
vn -0.0092076 0.00610009 -0.999939
vt 0 0
v 44.9017 27.3833 5.33724
vn 0.239114 -0.080121 -0.96768
vt 0 0
v 44.9112 27.3801 5.33858
vn -0.0104727 0.00350913 -0.999939
vt 0 0
v 44.9017 27.3833 5.33724
vn 0.239114 -0.080121 -0.96768
vt 0 0
v 44.7151 26.9784 5.33858
vn -0.0092076 0.00610009 -0.999939
vt 0 0
v 44.7067 26.9839 5.33724
vn 0.210229 -0.139278 -0.96768
vt 0 0
v 44.0509 26.3912 5.33858
vn -0.00492397 0.00988664 -0.999939
vt 0 0
v 44.415 26.6486 5.33724
vn 0.167018 -0.188944 -0.96768
vt 0 0
v 44.4216 26.6411 5.33858
vn -0.00731504 0.00827534 -0.999939
vt 0 0
v 44.415 26.6486 5.33724
vn 0.167018 -0.188944 -0.96768
vt 0 0
v 44.0509 26.3912 5.33858
vn -0.00492397 0.00988664 -0.999939
vt 0 0
v 44.0464 26.4002 5.33724
vn 0.112425 -0.225733 -0.96768
vt 0 0
v 43.6261 26.2557 5.33724
vn 0.05017 -0.247139 -0.96768
vt 0 0
v 44.0422 26.4086 5.33331
vn 0.22177 -0.445282 -0.867492
vt 0 0
v 44.0464 26.4002 5.33724
vn 0.112425 -0.225733 -0.96768
vt 0 0
v 44.0422 26.4086 5.33331
vn 0.22177 -0.445282 -0.867492
vt 0 0
v 43.6261 26.2557 5.33724
vn 0.05017 -0.247139 -0.96768
vt 0 0
v 43.6242 26.2648 5.33331
vn 0.0989656 -0.487508 -0.867492
vt 0 0
v 43.6301 26.236 5.33724
vn -0.0542526 0.26725 -0.962099
vt 0 0
v 44.0509 26.3912 5.33858
vn -0.00492397 0.00988664 -0.999939
vt 0 0
v 44.0554 26.3822 5.33724
vn -0.121573 0.244102 -0.962099
vt 0 0
v 44.0509 26.3912 5.33858
vn -0.00492397 0.00988664 -0.999939
vt 0 0
v 43.6301 26.236 5.33724
vn -0.0542526 0.26725 -0.962099
vt 0 0
v 43.6281 26.2459 5.33858
vn -0.00219734 0.0108242 -0.999939
vt 0 0
v 43.6242 26.2648 5.33331
vn 0.0989656 -0.487508 -0.867492
vt 0 0
v 43.1838 26.2422 5.32705
vn -0.0434666 -0.705677 -0.707199
vt 0 0
v 43.6226 26.2727 5.32705
vn 0.140657 -0.692881 -0.707199
vt 0 0
v 43.1838 26.2422 5.32705
vn -0.0434666 -0.705677 -0.707199
vt 0 0
v 43.6242 26.2648 5.33331
vn 0.0989656 -0.487508 -0.867492
vt 0 0
v 43.1833 26.2342 5.33331
vn -0.0305828 -0.49651 -0.867492
vt 0 0
v 43.632 26.2269 5.33331
vn -0.102209 0.503485 -0.857937
vt 0 0
v 43.1815 26.2048 5.33724
vn 0.0167654 0.272186 -0.962099
vt 0 0
v 43.6301 26.236 5.33724
vn -0.0542526 0.26725 -0.962099
vt 0 0
v 43.1815 26.2048 5.33724
vn 0.0167654 0.272186 -0.962099
vt 0 0
v 43.632 26.2269 5.33331
vn -0.102209 0.503485 -0.857937
vt 0 0
v 43.1809 26.1955 5.33331
vn 0.0315852 0.512783 -0.857937
vt 0 0
v 42.752 26.3263 5.32705
vn -0.224628 -0.670381 -0.707199
vt 0 0
v 43.1842 26.2484 5.3189
vn -0.0532775 -0.864956 -0.499011
vt 0 0
v 43.1838 26.2422 5.32705
vn -0.0434666 -0.705677 -0.707199
vt 0 0
v 43.1842 26.2484 5.3189
vn -0.0532775 -0.864956 -0.499011
vt 0 0
v 42.752 26.3263 5.32705
vn -0.224628 -0.670381 -0.707199
vt 0 0
v 42.7539 26.3322 5.3189
vn -0.275329 -0.821694 -0.499011
vt 0 0
v 43.1804 26.1875 5.32705
vn 0.0441242 0.716354 -0.696341
vt 0 0
v 42.7371 26.282 5.33331
vn 0.163227 0.487136 -0.857937
vt 0 0
v 43.1809 26.1955 5.33331
vn 0.0315852 0.512783 -0.857937
vt 0 0
v 42.7371 26.282 5.33331
vn 0.163227 0.487136 -0.857937
vt 0 0
v 43.1804 26.1875 5.32705
vn 0.0441242 0.716354 -0.696341
vt 0 0
v 42.7346 26.2744 5.32705
vn 0.228027 0.680525 -0.696341
vt 0 0
v 42.3601 26.5245 5.3189
vn -0.478618 -0.722435 -0.499011
vt 0 0
v 42.7552 26.3359 5.3094
vn -0.306969 -0.916121 -0.257861
vt 0 0
v 42.7539 26.3322 5.3189
vn -0.275329 -0.821694 -0.499011
vt 0 0
v 42.7552 26.3359 5.3094
vn -0.306969 -0.916121 -0.257861
vt 0 0
v 42.3601 26.5245 5.3189
vn -0.478618 -0.722435 -0.499011
vt 0 0
v 42.3622 26.5277 5.3094
vn -0.533619 -0.805456 -0.257861
vt 0 0
v 42.7326 26.2685 5.3189
vn 0.277002 0.826686 -0.489755
vt 0 0
v 42.3264 26.4737 5.32705
vn 0.39639 0.598319 -0.696341
vt 0 0
v 42.7346 26.2744 5.32705
vn 0.228027 0.680525 -0.696341
vt 0 0
v 42.3264 26.4737 5.32705
vn 0.39639 0.598319 -0.696341
vt 0 0
v 42.7326 26.2685 5.3189
vn 0.277002 0.826686 -0.489755
vt 0 0
v 42.323 26.4685 5.3189
vn 0.481525 0.726824 -0.489755
vt 0 0
v 42.0323 26.8148 5.3094
vn -0.723904 -0.639899 -0.257861
vt 0 0
v 42.3629 26.5288 5.29921
vn -0.552297 -0.833648 -9.61609e-013
vt 0 0
v 42.3622 26.5277 5.3094
vn -0.533619 -0.805456 -0.257861
vt 0 0
v 42.3629 26.5288 5.29921
vn -0.552297 -0.833648 -9.61609e-013
vt 0 0
v 42.0323 26.8148 5.3094
vn -0.723904 -0.639899 -0.257861
vt 0 0
v 42.0333 26.8156 5.29921
vn -0.749241 -0.662297 -1.16117e-012
vt 0 0
v 42.3208 26.4653 5.3094
vn 0.534389 0.806618 -0.252577
vt 0 0
v 41.9791 26.7677 5.3189
vn 0.653234 0.57743 -0.489755
vt 0 0
v 42.323 26.4685 5.3189
vn 0.481525 0.726824 -0.489755
vt 0 0
v 41.9791 26.7677 5.3189
vn 0.653234 0.57743 -0.489755
vt 0 0
v 42.3208 26.4653 5.3094
vn 0.534389 0.806618 -0.252577
vt 0 0
v 41.9762 26.7652 5.3094
vn 0.724949 0.640823 -0.252577
vt 0 0
v 41.7879 27.1774 5.28902
vn -0.864855 -0.430735 0.257861
vt 0 0
v 42.0333 26.8156 5.29921
vn -0.749241 -0.662297 -1.16117e-012
vt 0 0
v 41.7891 27.178 5.29921
vn -0.895127 -0.445812 -1.31725e-012
vt 0 0
v 42.0333 26.8156 5.29921
vn -0.749241 -0.662297 -1.16117e-012
vt 0 0
v 41.7879 27.1774 5.28902
vn -0.864855 -0.430735 0.257861
vt 0 0
v 42.0323 26.8148 5.28902
vn -0.723904 -0.639899 0.257861
vt 0 0
v 41.9762 26.7652 5.3094
vn 0.724949 0.640823 -0.252577
vt 0 0
v 41.7197 27.1434 5.29921
vn 0.895127 0.445812 1.23751e-012
vt 0 0
v 41.7209 27.144 5.3094
vn 0.866104 0.431357 -0.252577
vt 0 0
v 41.7197 27.1434 5.29921
vn 0.895127 0.445812 1.23751e-012
vt 0 0
v 41.9762 26.7652 5.3094
vn 0.724949 0.640823 -0.252577
vt 0 0
v 41.9752 26.7643 5.29921
vn 0.749241 0.662297 1.09422e-012
vt 0 0
v 41.571 27.5758 5.29921
vn 0.980011 0.198945 1.32023e-012
vt 0 0
v 41.7209 27.144 5.28902
vn 0.866104 0.431357 0.252577
vt 0 0
v 41.5723 27.5761 5.28902
vn 0.948235 0.192495 0.252577
vt 0 0
v 41.7209 27.144 5.28902
vn 0.866104 0.431357 0.252577
vt 0 0
v 41.571 27.5758 5.29921
vn 0.980011 0.198945 1.32023e-012
vt 0 0
v 41.7197 27.1434 5.29921
vn 0.895127 0.445812 1.23751e-012
vt 0 0
v 43.8208 29.5163 5.27953
vn 0.275329 0.821694 0.499011
vt 0 0
v 43.3904 29.5962 5.28902
vn 0.0594 0.964355 0.257861
vt 0 0
v 43.8196 29.5126 5.28902
vn 0.306969 0.916121 0.257861
vt 0 0
v 43.3904 29.5962 5.28902
vn 0.0594 0.964355 0.257861
vt 0 0
v 43.8208 29.5163 5.27953
vn 0.275329 0.821694 0.499011
vt 0 0
v 43.3906 29.6001 5.27953
vn 0.0532775 0.864956 0.499011
vt 0 0
v 42.9392 29.6393 5.28902
vn 0.192495 -0.948235 0.252577
vt 0 0
v 43.3947 29.6671 5.27953
vn -0.0536011 -0.870211 0.489755
vt 0 0
v 43.395 29.6709 5.28902
vn -0.0594857 -0.965746 0.252577
vt 0 0
v 43.3947 29.6671 5.27953
vn -0.0536011 -0.870211 0.489755
vt 0 0
v 42.9392 29.6393 5.28902
vn 0.192495 -0.948235 0.252577
vt 0 0
v 42.94 29.6355 5.27953
vn 0.173452 -0.854432 0.489755
vt 0 0
v 43.3906 29.6001 5.27953
vn 0.0532775 0.864956 0.499011
vt 0 0
v 42.9541 29.5659 5.28902
vn -0.192217 0.946869 0.257861
vt 0 0
v 43.3904 29.5962 5.28902
vn 0.0594 0.964355 0.257861
vt 0 0
v 42.9541 29.5659 5.28902
vn -0.192217 0.946869 0.257861
vt 0 0
v 43.3906 29.6001 5.27953
vn 0.0532775 0.864956 0.499011
vt 0 0
v 42.9533 29.5697 5.27953
vn -0.172405 0.849273 0.499011
vt 0 0
v 42.9533 29.5697 5.27953
vn -0.172405 0.849273 0.499011
vt 0 0
v 42.5406 29.4237 5.28902
vn -0.430735 0.864855 0.257861
vt 0 0
v 42.9541 29.5659 5.28902
vn -0.192217 0.946869 0.257861
vt 0 0
v 42.5406 29.4237 5.28902
vn -0.430735 0.864855 0.257861
vt 0 0
v 42.9533 29.5697 5.27953
vn -0.172405 0.849273 0.499011
vt 0 0
v 42.5388 29.4272 5.27953
vn -0.386339 0.775713 0.499011
vt 0 0
v 42.5072 29.4907 5.28902
vn 0.431357 -0.866104 0.252577
vt 0 0
v 42.94 29.6355 5.27953
vn 0.173452 -0.854432 0.489755
vt 0 0
v 42.9392 29.6393 5.28902
vn 0.192495 -0.948235 0.252577
vt 0 0
v 42.94 29.6355 5.27953
vn 0.173452 -0.854432 0.489755
vt 0 0
v 42.5072 29.4907 5.28902
vn 0.431357 -0.866104 0.252577
vt 0 0
v 42.5089 29.4873 5.27953
vn 0.388686 -0.780425 0.489755
vt 0 0
v 42.1283 29.2354 5.28902
vn 0.640823 -0.724949 0.252577
vt 0 0
v 42.5089 29.4873 5.27953
vn 0.388686 -0.780425 0.489755
vt 0 0
v 42.5072 29.4907 5.28902
vn 0.431357 -0.866104 0.252577
vt 0 0
v 42.5089 29.4873 5.27953
vn 0.388686 -0.780425 0.489755
vt 0 0
v 42.1283 29.2354 5.28902
vn 0.640823 -0.724949 0.252577
vt 0 0
v 42.1309 29.2325 5.27953
vn 0.57743 -0.653234 0.489755
vt 0 0
v 42.5388 29.4272 5.27953
vn -0.386339 0.775713 0.499011
vt 0 0
v 42.1779 29.1793 5.28902
vn -0.639899 0.723904 0.257861
vt 0 0
v 42.5406 29.4237 5.28902
vn -0.430735 0.864855 0.257861
vt 0 0
v 42.1779 29.1793 5.28902
vn -0.639899 0.723904 0.257861
vt 0 0
v 42.5388 29.4272 5.27953
vn -0.386339 0.775713 0.499011
vt 0 0
v 42.1754 29.1822 5.27953
vn -0.573944 0.649289 0.499011
vt 0 0
v 41.8285 28.8908 5.28902
vn 0.806618 -0.534389 0.252577
vt 0 0
v 42.1309 29.2325 5.27953
vn 0.57743 -0.653234 0.489755
vt 0 0
v 42.1283 29.2354 5.28902
vn 0.640823 -0.724949 0.252577
vt 0 0
v 42.1309 29.2325 5.27953
vn 0.57743 -0.653234 0.489755
vt 0 0
v 41.8285 28.8908 5.28902
vn 0.806618 -0.534389 0.252577
vt 0 0
v 41.8317 28.8886 5.27953
vn 0.726824 -0.481525 0.489755
vt 0 0
v 41.8877 28.8515 5.27953
vn -0.722435 0.478618 0.499011
vt 0 0
v 42.1779 29.1793 5.28902
vn -0.639899 0.723904 0.257861
vt 0 0
v 42.1754 29.1822 5.27953
vn -0.573944 0.649289 0.499011
vt 0 0
v 42.1779 29.1793 5.28902
vn -0.639899 0.723904 0.257861
vt 0 0
v 41.8877 28.8515 5.27953
vn -0.722435 0.478618 0.499011
vt 0 0
v 41.8909 28.8494 5.28902
vn -0.805456 0.533619 0.257861
vt 0 0
v 41.628 28.4802 5.28902
vn 0.917443 -0.307412 0.252577
vt 0 0
v 41.8317 28.8886 5.27953
vn 0.726824 -0.481525 0.489755
vt 0 0
v 41.8285 28.8908 5.28902
vn 0.806618 -0.534389 0.252577
vt 0 0
v 41.8317 28.8886 5.27953
vn 0.726824 -0.481525 0.489755
vt 0 0
v 41.628 28.4802 5.28902
vn 0.917443 -0.307412 0.252577
vt 0 0
v 41.6317 28.479 5.27953
vn 0.826686 -0.277002 0.489755
vt 0 0
v 41.6953 28.4577 5.27953
vn -0.821694 0.275329 0.499011
vt 0 0
v 41.8909 28.8494 5.28902
vn -0.805456 0.533619 0.257861
vt 0 0
v 41.8877 28.8515 5.27953
vn -0.722435 0.478618 0.499011
vt 0 0
v 41.8909 28.8494 5.28902
vn -0.805456 0.533619 0.257861
vt 0 0
v 41.6953 28.4577 5.27953
vn -0.821694 0.275329 0.499011
vt 0 0
v 41.699 28.4564 5.28902
vn -0.916121 0.306969 0.257861
vt 0 0
v 41.5407 28.0318 5.28902
vn 0.965746 -0.0594857 0.252577
vt 0 0
v 41.6317 28.479 5.27953
vn 0.826686 -0.277002 0.489755
vt 0 0
v 41.628 28.4802 5.28902
vn 0.917443 -0.307412 0.252577
vt 0 0
v 41.6317 28.479 5.27953
vn 0.826686 -0.277002 0.489755
vt 0 0
v 41.5407 28.0318 5.28902
vn 0.965746 -0.0594857 0.252577
vt 0 0
v 41.5445 28.0316 5.27953
vn 0.870211 -0.0536011 0.489755
vt 0 0
v 41.6115 28.0274 5.27953
vn -0.864956 0.0532775 0.499011
vt 0 0
v 41.699 28.4564 5.28902
vn -0.916121 0.306969 0.257861
vt 0 0
v 41.6953 28.4577 5.27953
vn -0.821694 0.275329 0.499011
vt 0 0
v 41.699 28.4564 5.28902
vn -0.916121 0.306969 0.257861
vt 0 0
v 41.6115 28.0274 5.27953
vn -0.864956 0.0532775 0.499011
vt 0 0
v 41.6154 28.0272 5.28902
vn -0.964355 0.0594 0.257861
vt 0 0
v 41.5407 28.0318 5.28902
vn 0.965746 -0.0594857 0.252577
vt 0 0
v 41.5761 27.5768 5.27953
vn 0.854432 0.173452 0.489755
vt 0 0
v 41.5445 28.0316 5.27953
vn 0.870211 -0.0536011 0.489755
vt 0 0
v 41.5761 27.5768 5.27953
vn 0.854432 0.173452 0.489755
vt 0 0
v 41.5407 28.0318 5.28902
vn 0.965746 -0.0594857 0.252577
vt 0 0
v 41.5723 27.5761 5.28902
vn 0.948235 0.192495 0.252577
vt 0 0
v 41.6115 28.0274 5.27953
vn -0.864956 0.0532775 0.499011
vt 0 0
v 41.6457 27.591 5.28902
vn -0.946869 -0.192217 0.257861
vt 0 0
v 41.6154 28.0272 5.28902
vn -0.964355 0.0594 0.257861
vt 0 0
v 41.6457 27.591 5.28902
vn -0.946869 -0.192217 0.257861
vt 0 0
v 41.6115 28.0274 5.27953
vn -0.864956 0.0532775 0.499011
vt 0 0
v 41.6419 27.5902 5.27953
vn -0.849273 -0.172405 0.499011
vt 0 0
v 41.6419 27.5902 5.27953
vn -0.849273 -0.172405 0.499011
vt 0 0
v 41.7879 27.1774 5.28902
vn -0.864855 -0.430735 0.257861
vt 0 0
v 41.6457 27.591 5.28902
vn -0.946869 -0.192217 0.257861
vt 0 0
v 41.7879 27.1774 5.28902
vn -0.864855 -0.430735 0.257861
vt 0 0
v 41.6419 27.5902 5.27953
vn -0.849273 -0.172405 0.499011
vt 0 0
v 41.7844 27.1757 5.27953
vn -0.775713 -0.386339 0.499011
vt 0 0
v 44.7067 26.9839 5.33724
vn 0.210229 -0.139278 -0.96768
vt 0 0
v 44.8929 27.3863 5.33331
vn 0.471677 -0.158047 -0.867492
vt 0 0
v 44.9017 27.3833 5.33724
vn 0.239114 -0.080121 -0.96768
vt 0 0
v 44.8929 27.3863 5.33331
vn 0.471677 -0.158047 -0.867492
vt 0 0
v 44.7067 26.9839 5.33724
vn 0.210229 -0.139278 -0.96768
vt 0 0
v 44.6989 26.9891 5.33331
vn 0.414699 -0.274741 -0.867492
vt 0 0
v 44.8929 27.3863 5.33331
vn 0.471677 -0.158047 -0.867492
vt 0 0
v 44.9694 27.8206 5.32705
vn 0.705677 -0.0434666 -0.707199
vt 0 0
v 44.9774 27.8201 5.33331
vn 0.49651 -0.0305828 -0.867492
vt 0 0
v 44.9694 27.8206 5.32705
vn 0.705677 -0.0434666 -0.707199
vt 0 0
v 44.8929 27.3863 5.33331
vn 0.471677 -0.158047 -0.867492
vt 0 0
v 44.8853 27.3888 5.32705
vn 0.670381 -0.224628 -0.707199
vt 0 0
v 44.9389 28.2595 5.32705
vn 0.692881 0.140657 -0.707199
vt 0 0
v 44.9632 27.821 5.3189
vn 0.864956 -0.0532775 -0.499011
vt 0 0
v 44.9329 28.2583 5.3189
vn 0.849273 0.172405 -0.499011
vt 0 0
v 44.9632 27.821 5.3189
vn 0.864956 -0.0532775 -0.499011
vt 0 0
v 44.9389 28.2595 5.32705
vn 0.692881 0.140657 -0.707199
vt 0 0
v 44.9694 27.8206 5.32705
vn 0.705677 -0.0434666 -0.707199
vt 0 0
v 44.9329 28.2583 5.3189
vn 0.849273 0.172405 -0.499011
vt 0 0
v 44.7869 28.671 5.3094
vn 0.864855 0.430735 -0.257861
vt 0 0
v 44.7903 28.6728 5.3189
vn 0.775713 0.386339 -0.499011
vt 0 0
v 44.7869 28.671 5.3094
vn 0.864855 0.430735 -0.257861
vt 0 0
v 44.9329 28.2583 5.3189
vn 0.849273 0.172405 -0.499011
vt 0 0
v 44.9291 28.2575 5.3094
vn 0.946869 0.192217 -0.257861
vt 0 0
v 44.7869 28.671 5.3094
vn 0.864855 0.430735 -0.257861
vt 0 0
v 44.5415 29.0328 5.29921
vn 0.749241 0.662297 3.83379e-013
vt 0 0
v 44.5425 29.0337 5.3094
vn 0.723904 0.639899 -0.257861
vt 0 0
v 44.5415 29.0328 5.29921
vn 0.749241 0.662297 3.83379e-013
vt 0 0
v 44.7869 28.671 5.3094
vn 0.864855 0.430735 -0.257861
vt 0 0
v 44.7857 28.6704 5.29921
vn 0.895127 0.445812 5.50073e-013
vt 0 0
v 44.5425 29.0337 5.28902
vn 0.723904 0.639899 0.257861
vt 0 0
v 44.2118 29.3196 5.29921
vn 0.552297 0.833648 1.73815e-013
vt 0 0
v 44.5415 29.0328 5.29921
vn 0.749241 0.662297 3.83379e-013
vt 0 0
v 44.2118 29.3196 5.29921
vn 0.552297 0.833648 1.73815e-013
vt 0 0
v 44.5425 29.0337 5.28902
vn 0.723904 0.639899 0.257861
vt 0 0
v 44.2126 29.3207 5.28902
vn 0.533619 0.805456 0.257861
vt 0 0
v 44.2147 29.3239 5.27953
vn 0.478618 0.722435 0.499011
vt 0 0
v 43.8196 29.5126 5.28902
vn 0.306969 0.916121 0.257861
vt 0 0
v 44.2126 29.3207 5.28902
vn 0.533619 0.805456 0.257861
vt 0 0
v 43.8196 29.5126 5.28902
vn 0.306969 0.916121 0.257861
vt 0 0
v 44.2147 29.3239 5.27953
vn 0.478618 0.722435 0.499011
vt 0 0
v 43.8208 29.5163 5.27953
vn 0.275329 0.821694 0.499011
vt 0 0
v 43.395 29.6709 5.28902
vn -0.0594857 -0.965746 0.252577
vt 0 0
v 43.8422 29.5799 5.27953
vn -0.277002 -0.826686 0.489755
vt 0 0
v 43.8434 29.5836 5.28902
vn -0.307412 -0.917443 0.252577
vt 0 0
v 43.8422 29.5799 5.27953
vn -0.277002 -0.826686 0.489755
vt 0 0
v 43.395 29.6709 5.28902
vn -0.0594857 -0.965746 0.252577
vt 0 0
v 43.3947 29.6671 5.27953
vn -0.0536011 -0.870211 0.489755
vt 0 0
v 43.8438 29.5848 5.29921
vn -0.317714 -0.948187 -3.26975e-014
vt 0 0
v 44.2539 29.3831 5.28902
vn -0.534389 -0.806618 0.252577
vt 0 0
v 44.2547 29.3842 5.29921
vn -0.552297 -0.833648 -2.54147e-013
vt 0 0
v 44.2539 29.3831 5.28902
vn -0.534389 -0.806618 0.252577
vt 0 0
v 43.8438 29.5848 5.29921
vn -0.317714 -0.948187 -3.26975e-014
vt 0 0
v 43.8434 29.5836 5.28902
vn -0.307412 -0.917443 0.252577
vt 0 0
v 44.2539 29.3831 5.3094
vn -0.534389 -0.806618 -0.252577
vt 0 0
v 44.5996 29.0841 5.29921
vn -0.749241 -0.662297 -4.57242e-013
vt 0 0
v 44.5986 29.0833 5.3094
vn -0.724949 -0.640823 -0.252577
vt 0 0
v 44.5996 29.0841 5.29921
vn -0.749241 -0.662297 -4.57242e-013
vt 0 0
v 44.2539 29.3831 5.3094
vn -0.534389 -0.806618 -0.252577
vt 0 0
v 44.2547 29.3842 5.29921
vn -0.552297 -0.833648 -2.54147e-013
vt 0 0
v 44.8539 28.7044 5.3094
vn -0.866104 -0.431357 -0.252577
vt 0 0
v 44.5957 29.0807 5.3189
vn -0.653234 -0.57743 -0.489755
vt 0 0
v 44.5986 29.0833 5.3094
vn -0.724949 -0.640823 -0.252577
vt 0 0
v 44.5957 29.0807 5.3189
vn -0.653234 -0.57743 -0.489755
vt 0 0
v 44.8539 28.7044 5.3094
vn -0.866104 -0.431357 -0.252577
vt 0 0
v 44.8504 28.7027 5.3189
vn -0.780425 -0.388686 -0.489755
vt 0 0
v 44.9986 28.2716 5.3189
vn -0.854432 -0.173452 -0.489755
vt 0 0
v 44.8449 28.6999 5.32705
vn -0.642443 -0.319964 -0.696341
vt 0 0
v 44.8504 28.7027 5.3189
vn -0.780425 -0.388686 -0.489755
vt 0 0
v 44.8449 28.6999 5.32705
vn -0.642443 -0.319964 -0.696341
vt 0 0
v 44.9986 28.2716 5.3189
vn -0.854432 -0.173452 -0.489755
vt 0 0
v 44.9926 28.2704 5.32705
vn -0.703365 -0.142785 -0.696341
vt 0 0
v 45.0161 27.8177 5.33331
vn -0.512783 0.0315852 -0.857937
vt 0 0
v 44.9926 28.2704 5.32705
vn -0.703365 -0.142785 -0.696341
vt 0 0
v 45.0241 27.8172 5.32705
vn -0.716354 0.0441242 -0.696341
vt 0 0
v 44.9926 28.2704 5.32705
vn -0.703365 -0.142785 -0.696341
vt 0 0
v 45.0161 27.8177 5.33331
vn -0.512783 0.0315852 -0.857937
vt 0 0
v 44.9847 28.2688 5.33331
vn -0.503485 -0.102209 -0.857937
vt 0 0
v 44.9296 27.3739 5.33331
vn -0.487136 0.163227 -0.857937
vt 0 0
v 45.0068 27.8183 5.33724
vn -0.272186 0.0167654 -0.962099
vt 0 0
v 45.0161 27.8177 5.33331
vn -0.512783 0.0315852 -0.857937
vt 0 0
v 45.0068 27.8183 5.33724
vn -0.272186 0.0167654 -0.962099
vt 0 0
v 44.9296 27.3739 5.33331
vn -0.487136 0.163227 -0.857937
vt 0 0
v 44.9208 27.3769 5.33724
vn -0.258572 0.086641 -0.962099
vt 0 0
v 44.7234 26.9728 5.33724
vn -0.227337 0.150612 -0.962099
vt 0 0
v 44.9112 27.3801 5.33858
vn -0.0104727 0.00350913 -0.999939
vt 0 0
v 44.9208 27.3769 5.33724
vn -0.258572 0.086641 -0.962099
vt 0 0
v 44.9112 27.3801 5.33858
vn -0.0104727 0.00350913 -0.999939
vt 0 0
v 44.7234 26.9728 5.33724
vn -0.227337 0.150612 -0.962099
vt 0 0
v 44.7151 26.9784 5.33858
vn -0.0092076 0.00610009 -0.999939
vt 0 0
v 44.4216 26.6411 5.33858
vn -0.00731504 0.00827534 -0.999939
vt 0 0
v 44.7067 26.9839 5.33724
vn 0.210229 -0.139278 -0.96768
vt 0 0
v 44.7151 26.9784 5.33858
vn -0.0092076 0.00610009 -0.999939
vt 0 0
v 44.7067 26.9839 5.33724
vn 0.210229 -0.139278 -0.96768
vt 0 0
v 44.4216 26.6411 5.33858
vn -0.00731504 0.00827534 -0.999939
vt 0 0
v 44.415 26.6486 5.33724
vn 0.167018 -0.188944 -0.96768
vt 0 0
v 44.0464 26.4002 5.33724
vn 0.112425 -0.225733 -0.96768
vt 0 0
v 44.4088 26.6556 5.33331
vn 0.32946 -0.372711 -0.867492
vt 0 0
v 44.415 26.6486 5.33724
vn 0.167018 -0.188944 -0.96768
vt 0 0
v 44.4088 26.6556 5.33331
vn 0.32946 -0.372711 -0.867492
vt 0 0
v 44.0464 26.4002 5.33724
vn 0.112425 -0.225733 -0.96768
vt 0 0
v 44.0422 26.4086 5.33331
vn 0.22177 -0.445282 -0.867492
vt 0 0
v 44.0554 26.3822 5.33724
vn -0.121573 0.244102 -0.962099
vt 0 0
v 44.4216 26.6411 5.33858
vn -0.00731504 0.00827534 -0.999939
vt 0 0
v 44.4283 26.6336 5.33724
vn -0.180609 0.204319 -0.962099
vt 0 0
v 44.4216 26.6411 5.33858
vn -0.00731504 0.00827534 -0.999939
vt 0 0
v 44.0554 26.3822 5.33724
vn -0.121573 0.244102 -0.962099
vt 0 0
v 44.0509 26.3912 5.33858
vn -0.00492397 0.00988664 -0.999939
vt 0 0
v 43.6242 26.2648 5.33331
vn 0.0989656 -0.487508 -0.867492
vt 0 0
v 44.0387 26.4158 5.32705
vn 0.315195 -0.632867 -0.707199
vt 0 0
v 44.0422 26.4086 5.33331
vn 0.22177 -0.445282 -0.867492
vt 0 0
v 44.0387 26.4158 5.32705
vn 0.315195 -0.632867 -0.707199
vt 0 0
v 43.6242 26.2648 5.33331
vn 0.0989656 -0.487508 -0.867492
vt 0 0
v 43.6226 26.2727 5.32705
vn 0.140657 -0.692881 -0.707199
vt 0 0
v 43.632 26.2269 5.33331
vn -0.102209 0.503485 -0.857937
vt 0 0
v 44.0554 26.3822 5.33724
vn -0.121573 0.244102 -0.962099
vt 0 0
v 44.0595 26.3739 5.33331
vn -0.229038 0.459876 -0.857937
vt 0 0
v 44.0554 26.3822 5.33724
vn -0.121573 0.244102 -0.962099
vt 0 0
v 43.632 26.2269 5.33331
vn -0.102209 0.503485 -0.857937
vt 0 0
v 43.6301 26.236 5.33724
vn -0.0542526 0.26725 -0.962099
vt 0 0
v 43.1838 26.2422 5.32705
vn -0.0434666 -0.705677 -0.707199
vt 0 0
v 43.6214 26.2787 5.3189
vn 0.172405 -0.849273 -0.499011
vt 0 0
v 43.6226 26.2727 5.32705
vn 0.140657 -0.692881 -0.707199
vt 0 0
v 43.6214 26.2787 5.3189
vn 0.172405 -0.849273 -0.499011
vt 0 0
v 43.1838 26.2422 5.32705
vn -0.0434666 -0.705677 -0.707199
vt 0 0
v 43.1842 26.2484 5.3189
vn -0.0532775 -0.864956 -0.499011
vt 0 0
v 43.6335 26.219 5.32705
vn -0.142785 0.703365 -0.696341
vt 0 0
v 43.1809 26.1955 5.33331
vn 0.0315852 0.512783 -0.857937
vt 0 0
v 43.632 26.2269 5.33331
vn -0.102209 0.503485 -0.857937
vt 0 0
v 43.1809 26.1955 5.33331
vn 0.0315852 0.512783 -0.857937
vt 0 0
v 43.6335 26.219 5.32705
vn -0.142785 0.703365 -0.696341
vt 0 0
v 43.1804 26.1875 5.32705
vn 0.0441242 0.716354 -0.696341
vt 0 0
v 42.7539 26.3322 5.3189
vn -0.275329 -0.821694 -0.499011
vt 0 0
v 43.1844 26.2522 5.3094
vn -0.0594 -0.964355 -0.257861
vt 0 0
v 43.1842 26.2484 5.3189
vn -0.0532775 -0.864956 -0.499011
vt 0 0
v 43.1844 26.2522 5.3094
vn -0.0594 -0.964355 -0.257861
vt 0 0
v 42.7539 26.3322 5.3189
vn -0.275329 -0.821694 -0.499011
vt 0 0
v 42.7552 26.3359 5.3094
vn -0.306969 -0.916121 -0.257861
vt 0 0
v 43.18 26.1814 5.3189
vn 0.0536011 0.870211 -0.489755
vt 0 0
v 42.7346 26.2744 5.32705
vn 0.228027 0.680525 -0.696341
vt 0 0
v 43.1804 26.1875 5.32705
vn 0.0441242 0.716354 -0.696341
vt 0 0
v 42.7346 26.2744 5.32705
vn 0.228027 0.680525 -0.696341
vt 0 0
v 43.18 26.1814 5.3189
vn 0.0536011 0.870211 -0.489755
vt 0 0
v 42.7326 26.2685 5.3189
vn 0.277002 0.826686 -0.489755
vt 0 0
v 42.3622 26.5277 5.3094
vn -0.533619 -0.805456 -0.257861
vt 0 0
v 42.7556 26.3371 5.29921
vn -0.317714 -0.948187 -7.20377e-013
vt 0 0
v 42.7552 26.3359 5.3094
vn -0.306969 -0.916121 -0.257861
vt 0 0
v 42.7556 26.3371 5.29921
vn -0.317714 -0.948187 -7.20377e-013
vt 0 0
v 42.3622 26.5277 5.3094
vn -0.533619 -0.805456 -0.257861
vt 0 0
v 42.3629 26.5288 5.29921
vn -0.552297 -0.833648 -9.61609e-013
vt 0 0
v 42.7314 26.2649 5.3094
vn 0.307412 0.917443 -0.252577
vt 0 0
v 42.323 26.4685 5.3189
vn 0.481525 0.726824 -0.489755
vt 0 0
v 42.7326 26.2685 5.3189
vn 0.277002 0.826686 -0.489755
vt 0 0
v 42.323 26.4685 5.3189
vn 0.481525 0.726824 -0.489755
vt 0 0
v 42.7314 26.2649 5.3094
vn 0.307412 0.917443 -0.252577
vt 0 0
v 42.3208 26.4653 5.3094
vn 0.534389 0.806618 -0.252577
vt 0 0
v 42.0333 26.8156 5.29921
vn -0.749241 -0.662297 -1.16117e-012
vt 0 0
v 42.3622 26.5277 5.28902
vn -0.533619 -0.805456 0.257861
vt 0 0
v 42.3629 26.5288 5.29921
vn -0.552297 -0.833648 -9.61609e-013
vt 0 0
v 42.3622 26.5277 5.28902
vn -0.533619 -0.805456 0.257861
vt 0 0
v 42.0333 26.8156 5.29921
vn -0.749241 -0.662297 -1.16117e-012
vt 0 0
v 42.0323 26.8148 5.28902
vn -0.723904 -0.639899 0.257861
vt 0 0
v 42.3201 26.4642 5.29921
vn 0.552297 0.833648 8.90705e-013
vt 0 0
v 41.9762 26.7652 5.3094
vn 0.724949 0.640823 -0.252577
vt 0 0
v 42.3208 26.4653 5.3094
vn 0.534389 0.806618 -0.252577
vt 0 0
v 41.9762 26.7652 5.3094
vn 0.724949 0.640823 -0.252577
vt 0 0
v 42.3201 26.4642 5.29921
vn 0.552297 0.833648 8.90705e-013
vt 0 0
v 41.9752 26.7643 5.29921
vn 0.749241 0.662297 1.09422e-012
vt 0 0
v 41.7844 27.1757 5.27953
vn -0.775713 -0.386339 0.499011
vt 0 0
v 42.0323 26.8148 5.28902
vn -0.723904 -0.639899 0.257861
vt 0 0
v 41.7879 27.1774 5.28902
vn -0.864855 -0.430735 0.257861
vt 0 0
v 42.0323 26.8148 5.28902
vn -0.723904 -0.639899 0.257861
vt 0 0
v 41.7844 27.1757 5.27953
vn -0.775713 -0.386339 0.499011
vt 0 0
v 42.0294 26.8122 5.27953
vn -0.649289 -0.573944 0.499011
vt 0 0
v 41.7197 27.1434 5.29921
vn 0.895127 0.445812 1.23751e-012
vt 0 0
v 41.9762 26.7652 5.28902
vn 0.724949 0.640823 0.252577
vt 0 0
v 41.7209 27.144 5.28902
vn 0.866104 0.431357 0.252577
vt 0 0
v 41.9762 26.7652 5.28902
vn 0.724949 0.640823 0.252577
vt 0 0
v 41.7197 27.1434 5.29921
vn 0.895127 0.445812 1.23751e-012
vt 0 0
v 41.9752 26.7643 5.29921
vn 0.749241 0.662297 1.09422e-012
vt 0 0
v 41.5723 27.5761 5.28902
vn 0.948235 0.192495 0.252577
vt 0 0
v 41.7243 27.1458 5.27953
vn 0.780425 0.388686 0.489755
vt 0 0
v 41.5761 27.5768 5.27953
vn 0.854432 0.173452 0.489755
vt 0 0
v 41.7243 27.1458 5.27953
vn 0.780425 0.388686 0.489755
vt 0 0
v 41.5723 27.5761 5.28902
vn 0.948235 0.192495 0.252577
vt 0 0
v 41.7209 27.144 5.28902
vn 0.866104 0.431357 0.252577
vt 0 0
v 43.8228 29.5221 5.27137
vn 0.224628 0.670381 0.707199
vt 0 0
v 43.3906 29.6001 5.27953
vn 0.0532775 0.864956 0.499011
vt 0 0
v 43.8208 29.5163 5.27953
vn 0.275329 0.821694 0.499011
vt 0 0
v 43.3906 29.6001 5.27953
vn 0.0532775 0.864956 0.499011
vt 0 0
v 43.8228 29.5221 5.27137
vn 0.224628 0.670381 0.707199
vt 0 0
v 43.391 29.6062 5.27137
vn 0.0434666 0.705677 0.707199
vt 0 0
v 42.94 29.6355 5.27953
vn 0.173452 -0.854432 0.489755
vt 0 0
v 43.3944 29.6609 5.27137
vn -0.0441242 -0.716354 0.696341
vt 0 0
v 43.3947 29.6671 5.27953
vn -0.0536011 -0.870211 0.489755
vt 0 0
v 43.3944 29.6609 5.27137
vn -0.0441242 -0.716354 0.696341
vt 0 0
v 42.94 29.6355 5.27953
vn 0.173452 -0.854432 0.489755
vt 0 0
v 42.9412 29.6294 5.27137
vn 0.142785 -0.703365 0.696341
vt 0 0
v 43.391 29.6062 5.27137
vn 0.0434666 0.705677 0.707199
vt 0 0
v 42.9533 29.5697 5.27953
vn -0.172405 0.849273 0.499011
vt 0 0
v 43.3906 29.6001 5.27953
vn 0.0532775 0.864956 0.499011
vt 0 0
v 42.9533 29.5697 5.27953
vn -0.172405 0.849273 0.499011
vt 0 0
v 43.391 29.6062 5.27137
vn 0.0434666 0.705677 0.707199
vt 0 0
v 42.9521 29.5757 5.27137
vn -0.140657 0.692881 0.707199
vt 0 0
v 42.9521 29.5757 5.27137
vn -0.140657 0.692881 0.707199
vt 0 0
v 42.5388 29.4272 5.27953
vn -0.386339 0.775713 0.499011
vt 0 0
v 42.9533 29.5697 5.27953
vn -0.172405 0.849273 0.499011
vt 0 0
v 42.5388 29.4272 5.27953
vn -0.386339 0.775713 0.499011
vt 0 0
v 42.9521 29.5757 5.27137
vn -0.140657 0.692881 0.707199
vt 0 0
v 42.5361 29.4327 5.27137
vn -0.315195 0.632867 0.707199
vt 0 0
v 42.5089 29.4873 5.27953
vn 0.388686 -0.780425 0.489755
vt 0 0
v 42.9412 29.6294 5.27137
vn 0.142785 -0.703365 0.696341
vt 0 0
v 42.94 29.6355 5.27953
vn 0.173452 -0.854432 0.489755
vt 0 0
v 42.9412 29.6294 5.27137
vn 0.142785 -0.703365 0.696341
vt 0 0
v 42.5089 29.4873 5.27953
vn 0.388686 -0.780425 0.489755
vt 0 0
v 42.5117 29.4817 5.27137
vn 0.319964 -0.642443 0.696341
vt 0 0
v 42.1309 29.2325 5.27953
vn 0.57743 -0.653234 0.489755
vt 0 0
v 42.5117 29.4817 5.27137
vn 0.319964 -0.642443 0.696341
vt 0 0
v 42.5089 29.4873 5.27953
vn 0.388686 -0.780425 0.489755
vt 0 0
v 42.5117 29.4817 5.27137
vn 0.319964 -0.642443 0.696341
vt 0 0
v 42.1309 29.2325 5.27953
vn 0.57743 -0.653234 0.489755
vt 0 0
v 42.135 29.2279 5.27137
vn 0.475338 -0.537739 0.696341
vt 0 0
v 42.5361 29.4327 5.27137
vn -0.315195 0.632867 0.707199
vt 0 0
v 42.1754 29.1822 5.27953
vn -0.573944 0.649289 0.499011
vt 0 0
v 42.5388 29.4272 5.27953
vn -0.386339 0.775713 0.499011
vt 0 0
v 42.1754 29.1822 5.27953
vn -0.573944 0.649289 0.499011
vt 0 0
v 42.5361 29.4327 5.27137
vn -0.315195 0.632867 0.707199
vt 0 0
v 42.1713 29.1868 5.27137
vn -0.468253 0.529724 0.707199
vt 0 0
v 41.8317 28.8886 5.27953
vn 0.726824 -0.481525 0.489755
vt 0 0
v 42.135 29.2279 5.27137
vn 0.475338 -0.537739 0.696341
vt 0 0
v 42.1309 29.2325 5.27953
vn 0.57743 -0.653234 0.489755
vt 0 0
v 42.135 29.2279 5.27137
vn 0.475338 -0.537739 0.696341
vt 0 0
v 41.8317 28.8886 5.27953
vn 0.726824 -0.481525 0.489755
vt 0 0
v 41.8368 28.8852 5.27137
vn 0.598319 -0.39639 0.696341
vt 0 0
v 41.8825 28.8549 5.27137
vn -0.589401 0.390482 0.707199
vt 0 0
v 42.1754 29.1822 5.27953
vn -0.573944 0.649289 0.499011
vt 0 0
v 42.1713 29.1868 5.27137
vn -0.468253 0.529724 0.707199
vt 0 0
v 42.1754 29.1822 5.27953
vn -0.573944 0.649289 0.499011
vt 0 0
v 41.8825 28.8549 5.27137
vn -0.589401 0.390482 0.707199
vt 0 0
v 41.8877 28.8515 5.27953
vn -0.722435 0.478618 0.499011
vt 0 0
v 41.6317 28.479 5.27953
vn 0.826686 -0.277002 0.489755
vt 0 0
v 41.8368 28.8852 5.27137
vn 0.598319 -0.39639 0.696341
vt 0 0
v 41.8317 28.8886 5.27953
vn 0.726824 -0.481525 0.489755
vt 0 0
v 41.8368 28.8852 5.27137
vn 0.598319 -0.39639 0.696341
vt 0 0
v 41.6317 28.479 5.27953
vn 0.826686 -0.277002 0.489755
vt 0 0
v 41.6375 28.477 5.27137
vn 0.680525 -0.228027 0.696341
vt 0 0
v 41.6895 28.4596 5.27137
vn -0.670381 0.224628 0.707199
vt 0 0
v 41.8877 28.8515 5.27953
vn -0.722435 0.478618 0.499011
vt 0 0
v 41.8825 28.8549 5.27137
vn -0.589401 0.390482 0.707199
vt 0 0
v 41.8877 28.8515 5.27953
vn -0.722435 0.478618 0.499011
vt 0 0
v 41.6895 28.4596 5.27137
vn -0.670381 0.224628 0.707199
vt 0 0
v 41.6953 28.4577 5.27953
vn -0.821694 0.275329 0.499011
vt 0 0
v 41.5445 28.0316 5.27953
vn 0.870211 -0.0536011 0.489755
vt 0 0
v 41.6375 28.477 5.27137
vn 0.680525 -0.228027 0.696341
vt 0 0
v 41.6317 28.479 5.27953
vn 0.826686 -0.277002 0.489755
vt 0 0
v 41.6375 28.477 5.27137
vn 0.680525 -0.228027 0.696341
vt 0 0
v 41.5445 28.0316 5.27953
vn 0.870211 -0.0536011 0.489755
vt 0 0
v 41.5507 28.0312 5.27137
vn 0.716354 -0.0441242 0.696341
vt 0 0
v 41.6054 28.0278 5.27137
vn -0.705677 0.0434666 0.707199
vt 0 0
v 41.6953 28.4577 5.27953
vn -0.821694 0.275329 0.499011
vt 0 0
v 41.6895 28.4596 5.27137
vn -0.670381 0.224628 0.707199
vt 0 0
v 41.6953 28.4577 5.27953
vn -0.821694 0.275329 0.499011
vt 0 0
v 41.6054 28.0278 5.27137
vn -0.705677 0.0434666 0.707199
vt 0 0
v 41.6115 28.0274 5.27953
vn -0.864956 0.0532775 0.499011
vt 0 0
v 41.5445 28.0316 5.27953
vn 0.870211 -0.0536011 0.489755
vt 0 0
v 41.5822 27.5781 5.27137
vn 0.703365 0.142785 0.696341
vt 0 0
v 41.5507 28.0312 5.27137
vn 0.716354 -0.0441242 0.696341
vt 0 0
v 41.5822 27.5781 5.27137
vn 0.703365 0.142785 0.696341
vt 0 0
v 41.5445 28.0316 5.27953
vn 0.870211 -0.0536011 0.489755
vt 0 0
v 41.5761 27.5768 5.27953
vn 0.854432 0.173452 0.489755
vt 0 0
v 41.6054 28.0278 5.27137
vn -0.705677 0.0434666 0.707199
vt 0 0
v 41.6419 27.5902 5.27953
vn -0.849273 -0.172405 0.499011
vt 0 0
v 41.6115 28.0274 5.27953
vn -0.864956 0.0532775 0.499011
vt 0 0
v 41.6419 27.5902 5.27953
vn -0.849273 -0.172405 0.499011
vt 0 0
v 41.6054 28.0278 5.27137
vn -0.705677 0.0434666 0.707199
vt 0 0
v 41.6359 27.589 5.27137
vn -0.692881 -0.140657 0.707199
vt 0 0
v 41.6359 27.589 5.27137
vn -0.692881 -0.140657 0.707199
vt 0 0
v 41.7844 27.1757 5.27953
vn -0.775713 -0.386339 0.499011
vt 0 0
v 41.6419 27.5902 5.27953
vn -0.849273 -0.172405 0.499011
vt 0 0
v 41.7844 27.1757 5.27953
vn -0.775713 -0.386339 0.499011
vt 0 0
v 41.6359 27.589 5.27137
vn -0.692881 -0.140657 0.707199
vt 0 0
v 41.7789 27.1729 5.27137
vn -0.632867 -0.315195 0.707199
vt 0 0
v 44.415 26.6486 5.33724
vn 0.167018 -0.188944 -0.96768
vt 0 0
v 44.6989 26.9891 5.33331
vn 0.414699 -0.274741 -0.867492
vt 0 0
v 44.7067 26.9839 5.33724
vn 0.210229 -0.139278 -0.96768
vt 0 0
v 44.6989 26.9891 5.33331
vn 0.414699 -0.274741 -0.867492
vt 0 0
v 44.415 26.6486 5.33724
vn 0.167018 -0.188944 -0.96768
vt 0 0
v 44.4088 26.6556 5.33331
vn 0.32946 -0.372711 -0.867492
vt 0 0
v 44.6989 26.9891 5.33331
vn 0.414699 -0.274741 -0.867492
vt 0 0
v 44.8853 27.3888 5.32705
vn 0.670381 -0.224628 -0.707199
vt 0 0
v 44.8929 27.3863 5.33331
vn 0.471677 -0.158047 -0.867492
vt 0 0
v 44.8853 27.3888 5.32705
vn 0.670381 -0.224628 -0.707199
vt 0 0
v 44.6989 26.9891 5.33331
vn 0.414699 -0.274741 -0.867492
vt 0 0
v 44.6922 26.9935 5.32705
vn 0.589401 -0.390482 -0.707199
vt 0 0
v 44.9694 27.8206 5.32705
vn 0.705677 -0.0434666 -0.707199
vt 0 0
v 44.8794 27.3908 5.3189
vn 0.821694 -0.275329 -0.499011
vt 0 0
v 44.9632 27.821 5.3189
vn 0.864956 -0.0532775 -0.499011
vt 0 0
v 44.8794 27.3908 5.3189
vn 0.821694 -0.275329 -0.499011
vt 0 0
v 44.9694 27.8206 5.32705
vn 0.705677 -0.0434666 -0.707199
vt 0 0
v 44.8853 27.3888 5.32705
vn 0.670381 -0.224628 -0.707199
vt 0 0
v 44.9329 28.2583 5.3189
vn 0.849273 0.172405 -0.499011
vt 0 0
v 44.9594 27.8212 5.3094
vn 0.964355 -0.0594 -0.257861
vt 0 0
v 44.9291 28.2575 5.3094
vn 0.946869 0.192217 -0.257861
vt 0 0
v 44.9594 27.8212 5.3094
vn 0.964355 -0.0594 -0.257861
vt 0 0
v 44.9329 28.2583 5.3189
vn 0.849273 0.172405 -0.499011
vt 0 0
v 44.9632 27.821 5.3189
vn 0.864956 -0.0532775 -0.499011
vt 0 0
v 44.9291 28.2575 5.3094
vn 0.946869 0.192217 -0.257861
vt 0 0
v 44.7857 28.6704 5.29921
vn 0.895127 0.445812 5.50073e-013
vt 0 0
v 44.7869 28.671 5.3094
vn 0.864855 0.430735 -0.257861
vt 0 0
v 44.7857 28.6704 5.29921
vn 0.895127 0.445812 5.50073e-013
vt 0 0
v 44.9291 28.2575 5.3094
vn 0.946869 0.192217 -0.257861
vt 0 0
v 44.9278 28.2572 5.29921
vn 0.980011 0.198945 6.36114e-013
vt 0 0
v 44.5415 29.0328 5.29921
vn 0.749241 0.662297 3.83379e-013
vt 0 0
v 44.7869 28.671 5.28902
vn 0.864855 0.430735 0.257861
vt 0 0
v 44.5425 29.0337 5.28902
vn 0.723904 0.639899 0.257861
vt 0 0
v 44.7869 28.671 5.28902
vn 0.864855 0.430735 0.257861
vt 0 0
v 44.5415 29.0328 5.29921
vn 0.749241 0.662297 3.83379e-013
vt 0 0
v 44.7857 28.6704 5.29921
vn 0.895127 0.445812 5.50073e-013
vt 0 0
v 44.5454 29.0362 5.27953
vn 0.649289 0.573944 0.499011
vt 0 0
v 44.2126 29.3207 5.28902
vn 0.533619 0.805456 0.257861
vt 0 0
v 44.5425 29.0337 5.28902
vn 0.723904 0.639899 0.257861
vt 0 0
v 44.2126 29.3207 5.28902
vn 0.533619 0.805456 0.257861
vt 0 0
v 44.5454 29.0362 5.27953
vn 0.649289 0.573944 0.499011
vt 0 0
v 44.2147 29.3239 5.27953
vn 0.478618 0.722435 0.499011
vt 0 0
v 44.2181 29.3291 5.27137
vn 0.390482 0.589401 0.707199
vt 0 0
v 43.8208 29.5163 5.27953
vn 0.275329 0.821694 0.499011
vt 0 0
v 44.2147 29.3239 5.27953
vn 0.478618 0.722435 0.499011
vt 0 0
v 43.8208 29.5163 5.27953
vn 0.275329 0.821694 0.499011
vt 0 0
v 44.2181 29.3291 5.27137
vn 0.390482 0.589401 0.707199
vt 0 0
v 43.8228 29.5221 5.27137
vn 0.224628 0.670381 0.707199
vt 0 0
v 43.3947 29.6671 5.27953
vn -0.0536011 -0.870211 0.489755
vt 0 0
v 43.8402 29.5741 5.27137
vn -0.228027 -0.680525 0.696341
vt 0 0
v 43.8422 29.5799 5.27953
vn -0.277002 -0.826686 0.489755
vt 0 0
v 43.8402 29.5741 5.27137
vn -0.228027 -0.680525 0.696341
vt 0 0
v 43.3947 29.6671 5.27953
vn -0.0536011 -0.870211 0.489755
vt 0 0
v 43.3944 29.6609 5.27137
vn -0.0441242 -0.716354 0.696341
vt 0 0
v 43.8434 29.5836 5.28902
vn -0.307412 -0.917443 0.252577
vt 0 0
v 44.2518 29.3799 5.27953
vn -0.481525 -0.726824 0.489755
vt 0 0
v 44.2539 29.3831 5.28902
vn -0.534389 -0.806618 0.252577
vt 0 0
v 44.2518 29.3799 5.27953
vn -0.481525 -0.726824 0.489755
vt 0 0
v 43.8434 29.5836 5.28902
vn -0.307412 -0.917443 0.252577
vt 0 0
v 43.8422 29.5799 5.27953
vn -0.277002 -0.826686 0.489755
vt 0 0
v 44.2547 29.3842 5.29921
vn -0.552297 -0.833648 -2.54147e-013
vt 0 0
v 44.5986 29.0833 5.28902
vn -0.724949 -0.640823 0.252577
vt 0 0
v 44.5996 29.0841 5.29921
vn -0.749241 -0.662297 -4.57242e-013
vt 0 0
v 44.5986 29.0833 5.28902
vn -0.724949 -0.640823 0.252577
vt 0 0
v 44.2547 29.3842 5.29921
vn -0.552297 -0.833648 -2.54147e-013
vt 0 0
v 44.2539 29.3831 5.28902
vn -0.534389 -0.806618 0.252577
vt 0 0
v 44.8551 28.705 5.29921
vn -0.895127 -0.445812 -6.24984e-013
vt 0 0
v 44.5986 29.0833 5.3094
vn -0.724949 -0.640823 -0.252577
vt 0 0
v 44.5996 29.0841 5.29921
vn -0.749241 -0.662297 -4.57242e-013
vt 0 0
v 44.5986 29.0833 5.3094
vn -0.724949 -0.640823 -0.252577
vt 0 0
v 44.8551 28.705 5.29921
vn -0.895127 -0.445812 -6.24984e-013
vt 0 0
v 44.8539 28.7044 5.3094
vn -0.866104 -0.431357 -0.252577
vt 0 0
v 45.0024 28.2724 5.3094
vn -0.948235 -0.192495 -0.252577
vt 0 0
v 44.8504 28.7027 5.3189
vn -0.780425 -0.388686 -0.489755
vt 0 0
v 44.8539 28.7044 5.3094
vn -0.866104 -0.431357 -0.252577
vt 0 0
v 44.8504 28.7027 5.3189
vn -0.780425 -0.388686 -0.489755
vt 0 0
v 45.0024 28.2724 5.3094
vn -0.948235 -0.192495 -0.252577
vt 0 0
v 44.9986 28.2716 5.3189
vn -0.854432 -0.173452 -0.489755
vt 0 0
v 44.9986 28.2716 5.3189
vn -0.854432 -0.173452 -0.489755
vt 0 0
v 45.0241 27.8172 5.32705
vn -0.716354 0.0441242 -0.696341
vt 0 0
v 44.9926 28.2704 5.32705
vn -0.703365 -0.142785 -0.696341
vt 0 0
v 45.0241 27.8172 5.32705
vn -0.716354 0.0441242 -0.696341
vt 0 0
v 44.9986 28.2716 5.3189
vn -0.854432 -0.173452 -0.489755
vt 0 0
v 45.0302 27.8169 5.3189
vn -0.870211 0.0536011 -0.489755
vt 0 0
v 44.9372 27.3714 5.32705
vn -0.680525 0.228027 -0.696341
vt 0 0
v 45.0161 27.8177 5.33331
vn -0.512783 0.0315852 -0.857937
vt 0 0
v 45.0241 27.8172 5.32705
vn -0.716354 0.0441242 -0.696341
vt 0 0
v 45.0161 27.8177 5.33331
vn -0.512783 0.0315852 -0.857937
vt 0 0
v 44.9372 27.3714 5.32705
vn -0.680525 0.228027 -0.696341
vt 0 0
v 44.9296 27.3739 5.33331
vn -0.487136 0.163227 -0.857937
vt 0 0
v 44.7312 26.9677 5.33331
vn -0.428291 0.283745 -0.857937
vt 0 0
v 44.9208 27.3769 5.33724
vn -0.258572 0.086641 -0.962099
vt 0 0
v 44.9296 27.3739 5.33331
vn -0.487136 0.163227 -0.857937
vt 0 0
v 44.9208 27.3769 5.33724
vn -0.258572 0.086641 -0.962099
vt 0 0
v 44.7312 26.9677 5.33331
vn -0.428291 0.283745 -0.857937
vt 0 0
v 44.7234 26.9728 5.33724
vn -0.227337 0.150612 -0.962099
vt 0 0
v 44.4283 26.6336 5.33724
vn -0.180609 0.204319 -0.962099
vt 0 0
v 44.7151 26.9784 5.33858
vn -0.0092076 0.00610009 -0.999939
vt 0 0
v 44.7234 26.9728 5.33724
vn -0.227337 0.150612 -0.962099
vt 0 0
v 44.7151 26.9784 5.33858
vn -0.0092076 0.00610009 -0.999939
vt 0 0
v 44.4283 26.6336 5.33724
vn -0.180609 0.204319 -0.962099
vt 0 0
v 44.4216 26.6411 5.33858
vn -0.00731504 0.00827534 -0.999939
vt 0 0
v 44.0422 26.4086 5.33331
vn 0.22177 -0.445282 -0.867492
vt 0 0
v 44.4035 26.6616 5.32705
vn 0.468253 -0.529724 -0.707199
vt 0 0
v 44.4088 26.6556 5.33331
vn 0.32946 -0.372711 -0.867492
vt 0 0
v 44.4035 26.6616 5.32705
vn 0.468253 -0.529724 -0.707199
vt 0 0
v 44.0422 26.4086 5.33331
vn 0.22177 -0.445282 -0.867492
vt 0 0
v 44.0387 26.4158 5.32705
vn 0.315195 -0.632867 -0.707199
vt 0 0
v 44.0595 26.3739 5.33331
vn -0.229038 0.459876 -0.857937
vt 0 0
v 44.4283 26.6336 5.33724
vn -0.180609 0.204319 -0.962099
vt 0 0
v 44.4345 26.6266 5.33331
vn -0.340258 0.384927 -0.857937
vt 0 0
v 44.4283 26.6336 5.33724
vn -0.180609 0.204319 -0.962099
vt 0 0
v 44.0595 26.3739 5.33331
vn -0.229038 0.459876 -0.857937
vt 0 0
v 44.0554 26.3822 5.33724
vn -0.121573 0.244102 -0.962099
vt 0 0
v 43.6226 26.2727 5.32705
vn 0.140657 -0.692881 -0.707199
vt 0 0
v 44.0359 26.4213 5.3189
vn 0.386339 -0.775713 -0.499011
vt 0 0
v 44.0387 26.4158 5.32705
vn 0.315195 -0.632867 -0.707199
vt 0 0
v 44.0359 26.4213 5.3189
vn 0.386339 -0.775713 -0.499011
vt 0 0
v 43.6226 26.2727 5.32705
vn 0.140657 -0.692881 -0.707199
vt 0 0
v 43.6214 26.2787 5.3189
vn 0.172405 -0.849273 -0.499011
vt 0 0
v 43.6335 26.219 5.32705
vn -0.142785 0.703365 -0.696341
vt 0 0
v 44.0595 26.3739 5.33331
vn -0.229038 0.459876 -0.857937
vt 0 0
v 44.0631 26.3667 5.32705
vn -0.319964 0.642443 -0.696341
vt 0 0
v 44.0595 26.3739 5.33331
vn -0.229038 0.459876 -0.857937
vt 0 0
v 43.6335 26.219 5.32705
vn -0.142785 0.703365 -0.696341
vt 0 0
v 43.632 26.2269 5.33331
vn -0.102209 0.503485 -0.857937
vt 0 0
v 43.1842 26.2484 5.3189
vn -0.0532775 -0.864956 -0.499011
vt 0 0
v 43.6206 26.2825 5.3094
vn 0.192217 -0.946869 -0.257861
vt 0 0
v 43.6214 26.2787 5.3189
vn 0.172405 -0.849273 -0.499011
vt 0 0
v 43.6206 26.2825 5.3094
vn 0.192217 -0.946869 -0.257861
vt 0 0
v 43.1842 26.2484 5.3189
vn -0.0532775 -0.864956 -0.499011
vt 0 0
v 43.1844 26.2522 5.3094
vn -0.0594 -0.964355 -0.257861
vt 0 0
v 43.6348 26.213 5.3189
vn -0.173452 0.854432 -0.489755
vt 0 0
v 43.1804 26.1875 5.32705
vn 0.0441242 0.716354 -0.696341
vt 0 0
v 43.6335 26.219 5.32705
vn -0.142785 0.703365 -0.696341
vt 0 0
v 43.1804 26.1875 5.32705
vn 0.0441242 0.716354 -0.696341
vt 0 0
v 43.6348 26.213 5.3189
vn -0.173452 0.854432 -0.489755
vt 0 0
v 43.18 26.1814 5.3189
vn 0.0536011 0.870211 -0.489755
vt 0 0
v 42.7552 26.3359 5.3094
vn -0.306969 -0.916121 -0.257861
vt 0 0
v 43.1845 26.2535 5.29921
vn -0.0614791 -0.998108 -4.64962e-013
vt 0 0
v 43.1844 26.2522 5.3094
vn -0.0594 -0.964355 -0.257861
vt 0 0
v 43.1845 26.2535 5.29921
vn -0.0614791 -0.998108 -4.64962e-013
vt 0 0
v 42.7552 26.3359 5.3094
vn -0.306969 -0.916121 -0.257861
vt 0 0
v 42.7556 26.3371 5.29921
vn -0.317714 -0.948187 -7.20377e-013
vt 0 0
v 43.1798 26.1775 5.3094
vn 0.0594857 0.965746 -0.252577
vt 0 0
v 42.7326 26.2685 5.3189
vn 0.277002 0.826686 -0.489755
vt 0 0
v 43.18 26.1814 5.3189
vn 0.0536011 0.870211 -0.489755
vt 0 0
v 42.7326 26.2685 5.3189
vn 0.277002 0.826686 -0.489755
vt 0 0
v 43.1798 26.1775 5.3094
vn 0.0594857 0.965746 -0.252577
vt 0 0
v 42.7314 26.2649 5.3094
vn 0.307412 0.917443 -0.252577
vt 0 0
v 42.3629 26.5288 5.29921
vn -0.552297 -0.833648 -9.61609e-013
vt 0 0
v 42.7552 26.3359 5.28902
vn -0.306969 -0.916121 0.257861
vt 0 0
v 42.7556 26.3371 5.29921
vn -0.317714 -0.948187 -7.20377e-013
vt 0 0
v 42.7552 26.3359 5.28902
vn -0.306969 -0.916121 0.257861
vt 0 0
v 42.3629 26.5288 5.29921
vn -0.552297 -0.833648 -9.61609e-013
vt 0 0
v 42.3622 26.5277 5.28902
vn -0.533619 -0.805456 0.257861
vt 0 0
v 42.731 26.2636 5.29921
vn 0.317714 0.948187 6.51638e-013
vt 0 0
v 42.3208 26.4653 5.3094
vn 0.534389 0.806618 -0.252577
vt 0 0
v 42.7314 26.2649 5.3094
vn 0.307412 0.917443 -0.252577
vt 0 0
v 42.3208 26.4653 5.3094
vn 0.534389 0.806618 -0.252577
vt 0 0
v 42.731 26.2636 5.29921
vn 0.317714 0.948187 6.51638e-013
vt 0 0
v 42.3201 26.4642 5.29921
vn 0.552297 0.833648 8.90705e-013
vt 0 0
v 42.0323 26.8148 5.28902
vn -0.723904 -0.639899 0.257861
vt 0 0
v 42.3601 26.5245 5.27953
vn -0.478618 -0.722435 0.499011
vt 0 0
v 42.3622 26.5277 5.28902
vn -0.533619 -0.805456 0.257861
vt 0 0
v 42.3601 26.5245 5.27953
vn -0.478618 -0.722435 0.499011
vt 0 0
v 42.0323 26.8148 5.28902
vn -0.723904 -0.639899 0.257861
vt 0 0
v 42.0294 26.8122 5.27953
vn -0.649289 -0.573944 0.499011
vt 0 0
v 42.3208 26.4653 5.28902
vn 0.534389 0.806618 0.252577
vt 0 0
v 41.9752 26.7643 5.29921
vn 0.749241 0.662297 1.09422e-012
vt 0 0
v 42.3201 26.4642 5.29921
vn 0.552297 0.833648 8.90705e-013
vt 0 0
v 41.9752 26.7643 5.29921
vn 0.749241 0.662297 1.09422e-012
vt 0 0
v 42.3208 26.4653 5.28902
vn 0.534389 0.806618 0.252577
vt 0 0
v 41.9762 26.7652 5.28902
vn 0.724949 0.640823 0.252577
vt 0 0
v 41.7789 27.1729 5.27137
vn -0.632867 -0.315195 0.707199
vt 0 0
v 42.0294 26.8122 5.27953
vn -0.649289 -0.573944 0.499011
vt 0 0
v 41.7844 27.1757 5.27953
vn -0.775713 -0.386339 0.499011
vt 0 0
v 42.0294 26.8122 5.27953
vn -0.649289 -0.573944 0.499011
vt 0 0
v 41.7789 27.1729 5.27137
vn -0.632867 -0.315195 0.707199
vt 0 0
v 42.0248 26.8081 5.27137
vn -0.529724 -0.468253 0.707199
vt 0 0
v 41.7209 27.144 5.28902
vn 0.866104 0.431357 0.252577
vt 0 0
v 41.9791 26.7677 5.27953
vn 0.653234 0.57743 0.489755
vt 0 0
v 41.7243 27.1458 5.27953
vn 0.780425 0.388686 0.489755
vt 0 0
v 41.9791 26.7677 5.27953
vn 0.653234 0.57743 0.489755
vt 0 0
v 41.7209 27.144 5.28902
vn 0.866104 0.431357 0.252577
vt 0 0
v 41.9762 26.7652 5.28902
vn 0.724949 0.640823 0.252577
vt 0 0
v 41.5761 27.5768 5.27953
vn 0.854432 0.173452 0.489755
vt 0 0
v 41.7299 27.1485 5.27137
vn 0.642443 0.319964 0.696341
vt 0 0
v 41.5822 27.5781 5.27137
vn 0.703365 0.142785 0.696341
vt 0 0
v 41.7299 27.1485 5.27137
vn 0.642443 0.319964 0.696341
vt 0 0
v 41.5761 27.5768 5.27953
vn 0.854432 0.173452 0.489755
vt 0 0
v 41.7243 27.1458 5.27953
vn 0.780425 0.388686 0.489755
vt 0 0
v 43.3915 29.6142 5.26512
vn 0.0305828 0.49651 0.867492
vt 0 0
v 43.8228 29.5221 5.27137
vn 0.224628 0.670381 0.707199
vt 0 0
v 43.8253 29.5297 5.26512
vn 0.158047 0.471677 0.867492
vt 0 0
v 43.8228 29.5221 5.27137
vn 0.224628 0.670381 0.707199
vt 0 0
v 43.3915 29.6142 5.26512
vn 0.0305828 0.49651 0.867492
vt 0 0
v 43.391 29.6062 5.27137
vn 0.0434666 0.705677 0.707199
vt 0 0
v 43.3944 29.6609 5.27137
vn -0.0441242 -0.716354 0.696341
vt 0 0
v 42.9428 29.6216 5.26512
vn 0.102209 -0.503485 0.857937
vt 0 0
v 43.3939 29.6529 5.26512
vn -0.0315852 -0.512783 0.857937
vt 0 0
v 42.9428 29.6216 5.26512
vn 0.102209 -0.503485 0.857937
vt 0 0
v 43.3944 29.6609 5.27137
vn -0.0441242 -0.716354 0.696341
vt 0 0
v 42.9412 29.6294 5.27137
vn 0.142785 -0.703365 0.696341
vt 0 0
v 43.3915 29.6142 5.26512
vn 0.0305828 0.49651 0.867492
vt 0 0
v 42.9521 29.5757 5.27137
vn -0.140657 0.692881 0.707199
vt 0 0
v 43.391 29.6062 5.27137
vn 0.0434666 0.705677 0.707199
vt 0 0
v 42.9521 29.5757 5.27137
vn -0.140657 0.692881 0.707199
vt 0 0
v 43.3915 29.6142 5.26512
vn 0.0305828 0.49651 0.867492
vt 0 0
v 42.9505 29.5836 5.26512
vn -0.0989656 0.487508 0.867492
vt 0 0
v 42.9505 29.5836 5.26512
vn -0.0989656 0.487508 0.867492
vt 0 0
v 42.5361 29.4327 5.27137
vn -0.315195 0.632867 0.707199
vt 0 0
v 42.9521 29.5757 5.27137
vn -0.140657 0.692881 0.707199
vt 0 0
v 42.5361 29.4327 5.27137
vn -0.315195 0.632867 0.707199
vt 0 0
v 42.9505 29.5836 5.26512
vn -0.0989656 0.487508 0.867492
vt 0 0
v 42.5325 29.4399 5.26512
vn -0.22177 0.445282 0.867492
vt 0 0
v 42.9412 29.6294 5.27137
vn 0.142785 -0.703365 0.696341
vt 0 0
v 42.5152 29.4746 5.26512
vn 0.229038 -0.459876 0.857937
vt 0 0
v 42.9428 29.6216 5.26512
vn 0.102209 -0.503485 0.857937
vt 0 0
v 42.5152 29.4746 5.26512
vn 0.229038 -0.459876 0.857937
vt 0 0
v 42.9412 29.6294 5.27137
vn 0.142785 -0.703365 0.696341
vt 0 0
v 42.5117 29.4817 5.27137
vn 0.319964 -0.642443 0.696341
vt 0 0
v 42.5117 29.4817 5.27137
vn 0.319964 -0.642443 0.696341
vt 0 0
v 42.1403 29.2219 5.26512
vn 0.340258 -0.384927 0.857937
vt 0 0
v 42.5152 29.4746 5.26512
vn 0.229038 -0.459876 0.857937
vt 0 0
v 42.1403 29.2219 5.26512
vn 0.340258 -0.384927 0.857937
vt 0 0
v 42.5117 29.4817 5.27137
vn 0.319964 -0.642443 0.696341
vt 0 0
v 42.135 29.2279 5.27137
vn 0.475338 -0.537739 0.696341
vt 0 0
v 42.5325 29.4399 5.26512
vn -0.22177 0.445282 0.867492
vt 0 0
v 42.1713 29.1868 5.27137
vn -0.468253 0.529724 0.707199
vt 0 0
v 42.5361 29.4327 5.27137
vn -0.315195 0.632867 0.707199
vt 0 0
v 42.1713 29.1868 5.27137
vn -0.468253 0.529724 0.707199
vt 0 0
v 42.5325 29.4399 5.26512
vn -0.22177 0.445282 0.867492
vt 0 0
v 42.166 29.1929 5.26512
vn -0.32946 0.372711 0.867492
vt 0 0
v 42.135 29.2279 5.27137
vn 0.475338 -0.537739 0.696341
vt 0 0
v 41.8435 28.8808 5.26512
vn 0.428291 -0.283745 0.857937
vt 0 0
v 42.1403 29.2219 5.26512
vn 0.340258 -0.384927 0.857937
vt 0 0
v 41.8435 28.8808 5.26512
vn 0.428291 -0.283745 0.857937
vt 0 0
v 42.135 29.2279 5.27137
vn 0.475338 -0.537739 0.696341
vt 0 0
v 41.8368 28.8852 5.27137
vn 0.598319 -0.39639 0.696341
vt 0 0
v 42.166 29.1929 5.26512
vn -0.32946 0.372711 0.867492
vt 0 0
v 41.8825 28.8549 5.27137
vn -0.589401 0.390482 0.707199
vt 0 0
v 42.1713 29.1868 5.27137
vn -0.468253 0.529724 0.707199
vt 0 0
v 41.8825 28.8549 5.27137
vn -0.589401 0.390482 0.707199
vt 0 0
v 42.166 29.1929 5.26512
vn -0.32946 0.372711 0.867492
vt 0 0
v 41.8758 28.8594 5.26512
vn -0.414699 0.274741 0.867492
vt 0 0
v 41.8368 28.8852 5.27137
vn 0.598319 -0.39639 0.696341
vt 0 0
v 41.6451 28.4745 5.26512
vn 0.487136 -0.163227 0.857937
vt 0 0
v 41.8435 28.8808 5.26512
vn 0.428291 -0.283745 0.857937
vt 0 0
v 41.6451 28.4745 5.26512
vn 0.487136 -0.163227 0.857937
vt 0 0
v 41.8368 28.8852 5.27137
vn 0.598319 -0.39639 0.696341
vt 0 0
v 41.6375 28.477 5.27137
vn 0.680525 -0.228027 0.696341
vt 0 0
v 41.8758 28.8594 5.26512
vn -0.414699 0.274741 0.867492
vt 0 0
v 41.6895 28.4596 5.27137
vn -0.670381 0.224628 0.707199
vt 0 0
v 41.8825 28.8549 5.27137
vn -0.589401 0.390482 0.707199
vt 0 0
v 41.6895 28.4596 5.27137
vn -0.670381 0.224628 0.707199
vt 0 0
v 41.8758 28.8594 5.26512
vn -0.414699 0.274741 0.867492
vt 0 0
v 41.6819 28.4622 5.26512
vn -0.471677 0.158047 0.867492
vt 0 0
v 41.6375 28.477 5.27137
vn 0.680525 -0.228027 0.696341
vt 0 0
v 41.5587 28.0307 5.26512
vn 0.512783 -0.0315852 0.857937
vt 0 0
v 41.6451 28.4745 5.26512
vn 0.487136 -0.163227 0.857937
vt 0 0
v 41.5587 28.0307 5.26512
vn 0.512783 -0.0315852 0.857937
vt 0 0
v 41.6375 28.477 5.27137
vn 0.680525 -0.228027 0.696341
vt 0 0
v 41.5507 28.0312 5.27137
vn 0.716354 -0.0441242 0.696341
vt 0 0
v 41.6819 28.4622 5.26512
vn -0.471677 0.158047 0.867492
vt 0 0
v 41.6054 28.0278 5.27137
vn -0.705677 0.0434666 0.707199
vt 0 0
v 41.6895 28.4596 5.27137
vn -0.670381 0.224628 0.707199
vt 0 0
v 41.6054 28.0278 5.27137
vn -0.705677 0.0434666 0.707199
vt 0 0
v 41.6819 28.4622 5.26512
vn -0.471677 0.158047 0.867492
vt 0 0
v 41.5974 28.0283 5.26512
vn -0.49651 0.0305828 0.867492
vt 0 0
v 41.5587 28.0307 5.26512
vn 0.512783 -0.0315852 0.857937
vt 0 0
v 41.5822 27.5781 5.27137
vn 0.703365 0.142785 0.696341
vt 0 0
v 41.59 27.5797 5.26512
vn 0.503485 0.102209 0.857937
vt 0 0
v 41.5822 27.5781 5.27137
vn 0.703365 0.142785 0.696341
vt 0 0
v 41.5587 28.0307 5.26512
vn 0.512783 -0.0315852 0.857937
vt 0 0
v 41.5507 28.0312 5.27137
vn 0.716354 -0.0441242 0.696341
vt 0 0
v 41.6054 28.0278 5.27137
vn -0.705677 0.0434666 0.707199
vt 0 0
v 41.628 27.5874 5.26512
vn -0.487508 -0.0989656 0.867492
vt 0 0
v 41.6359 27.589 5.27137
vn -0.692881 -0.140657 0.707199
vt 0 0
v 41.628 27.5874 5.26512
vn -0.487508 -0.0989656 0.867492
vt 0 0
v 41.6054 28.0278 5.27137
vn -0.705677 0.0434666 0.707199
vt 0 0
v 41.5974 28.0283 5.26512
vn -0.49651 0.0305828 0.867492
vt 0 0
v 41.6359 27.589 5.27137
vn -0.692881 -0.140657 0.707199
vt 0 0
v 41.7717 27.1694 5.26512
vn -0.445282 -0.22177 0.867492
vt 0 0
v 41.7789 27.1729 5.27137
vn -0.632867 -0.315195 0.707199
vt 0 0
v 41.7717 27.1694 5.26512
vn -0.445282 -0.22177 0.867492
vt 0 0
v 41.6359 27.589 5.27137
vn -0.692881 -0.140657 0.707199
vt 0 0
v 41.628 27.5874 5.26512
vn -0.487508 -0.0989656 0.867492
vt 0 0
v 44.4088 26.6556 5.33331
vn 0.32946 -0.372711 -0.867492
vt 0 0
v 44.6922 26.9935 5.32705
vn 0.589401 -0.390482 -0.707199
vt 0 0
v 44.6989 26.9891 5.33331
vn 0.414699 -0.274741 -0.867492
vt 0 0
v 44.6922 26.9935 5.32705
vn 0.589401 -0.390482 -0.707199
vt 0 0
v 44.4088 26.6556 5.33331
vn 0.32946 -0.372711 -0.867492
vt 0 0
v 44.4035 26.6616 5.32705
vn 0.468253 -0.529724 -0.707199
vt 0 0
v 44.8853 27.3888 5.32705
vn 0.670381 -0.224628 -0.707199
vt 0 0
v 44.6871 26.9969 5.3189
vn 0.722435 -0.478618 -0.499011
vt 0 0
v 44.8794 27.3908 5.3189
vn 0.821694 -0.275329 -0.499011
vt 0 0
v 44.6871 26.9969 5.3189
vn 0.722435 -0.478618 -0.499011
vt 0 0
v 44.8853 27.3888 5.32705
vn 0.670381 -0.224628 -0.707199
vt 0 0
v 44.6922 26.9935 5.32705
vn 0.589401 -0.390482 -0.707199
vt 0 0
v 44.9632 27.821 5.3189
vn 0.864956 -0.0532775 -0.499011
vt 0 0
v 44.8758 27.392 5.3094
vn 0.916121 -0.306969 -0.257861
vt 0 0
v 44.9594 27.8212 5.3094
vn 0.964355 -0.0594 -0.257861
vt 0 0
v 44.8758 27.392 5.3094
vn 0.916121 -0.306969 -0.257861
vt 0 0
v 44.9632 27.821 5.3189
vn 0.864956 -0.0532775 -0.499011
vt 0 0
v 44.8794 27.3908 5.3189
vn 0.821694 -0.275329 -0.499011
vt 0 0
v 44.9291 28.2575 5.3094
vn 0.946869 0.192217 -0.257861
vt 0 0
v 44.9581 27.8213 5.29921
vn 0.998108 -0.0614791 6.56338e-013
vt 0 0
v 44.9278 28.2572 5.29921
vn 0.980011 0.198945 6.36114e-013
vt 0 0
v 44.9581 27.8213 5.29921
vn 0.998108 -0.0614791 6.56338e-013
vt 0 0
v 44.9291 28.2575 5.3094
vn 0.946869 0.192217 -0.257861
vt 0 0
v 44.9594 27.8212 5.3094
vn 0.964355 -0.0594 -0.257861
vt 0 0
v 44.7857 28.6704 5.29921
vn 0.895127 0.445812 5.50073e-013
vt 0 0
v 44.9291 28.2575 5.28902
vn 0.946869 0.192217 0.257861
vt 0 0
v 44.7869 28.671 5.28902
vn 0.864855 0.430735 0.257861
vt 0 0
v 44.9291 28.2575 5.28902
vn 0.946869 0.192217 0.257861
vt 0 0
v 44.7857 28.6704 5.29921
vn 0.895127 0.445812 5.50073e-013
vt 0 0
v 44.9278 28.2572 5.29921
vn 0.980011 0.198945 6.36114e-013
vt 0 0
v 44.5425 29.0337 5.28902
vn 0.723904 0.639899 0.257861
vt 0 0
v 44.7903 28.6728 5.27953
vn 0.775713 0.386339 0.499011
vt 0 0
v 44.5454 29.0362 5.27953
vn 0.649289 0.573944 0.499011
vt 0 0
v 44.7903 28.6728 5.27953
vn 0.775713 0.386339 0.499011
vt 0 0
v 44.5425 29.0337 5.28902
vn 0.723904 0.639899 0.257861
vt 0 0
v 44.7869 28.671 5.28902
vn 0.864855 0.430735 0.257861
vt 0 0
v 44.55 29.0403 5.27137
vn 0.529724 0.468253 0.707199
vt 0 0
v 44.2147 29.3239 5.27953
vn 0.478618 0.722435 0.499011
vt 0 0
v 44.5454 29.0362 5.27953
vn 0.649289 0.573944 0.499011
vt 0 0
v 44.2147 29.3239 5.27953
vn 0.478618 0.722435 0.499011
vt 0 0
v 44.55 29.0403 5.27137
vn 0.529724 0.468253 0.707199
vt 0 0
v 44.2181 29.3291 5.27137
vn 0.390482 0.589401 0.707199
vt 0 0
v 43.8253 29.5297 5.26512
vn 0.158047 0.471677 0.867492
vt 0 0
v 44.2181 29.3291 5.27137
vn 0.390482 0.589401 0.707199
vt 0 0
v 44.2225 29.3358 5.26512
vn 0.274741 0.414699 0.867492
vt 0 0
v 44.2181 29.3291 5.27137
vn 0.390482 0.589401 0.707199
vt 0 0
v 43.8253 29.5297 5.26512
vn 0.158047 0.471677 0.867492
vt 0 0
v 43.8228 29.5221 5.27137
vn 0.224628 0.670381 0.707199
vt 0 0
v 43.3944 29.6609 5.27137
vn -0.0441242 -0.716354 0.696341
vt 0 0
v 43.8377 29.5665 5.26512
vn -0.163227 -0.487136 0.857937
vt 0 0
v 43.8402 29.5741 5.27137
vn -0.228027 -0.680525 0.696341
vt 0 0
v 43.8377 29.5665 5.26512
vn -0.163227 -0.487136 0.857937
vt 0 0
v 43.3944 29.6609 5.27137
vn -0.0441242 -0.716354 0.696341
vt 0 0
v 43.3939 29.6529 5.26512
vn -0.0315852 -0.512783 0.857937
vt 0 0
v 43.8422 29.5799 5.27953
vn -0.277002 -0.826686 0.489755
vt 0 0
v 44.2484 29.3748 5.27137
vn -0.39639 -0.598319 0.696341
vt 0 0
v 44.2518 29.3799 5.27953
vn -0.481525 -0.726824 0.489755
vt 0 0
v 44.2484 29.3748 5.27137
vn -0.39639 -0.598319 0.696341
vt 0 0
v 43.8422 29.5799 5.27953
vn -0.277002 -0.826686 0.489755
vt 0 0
v 43.8402 29.5741 5.27137
vn -0.228027 -0.680525 0.696341
vt 0 0
v 44.2539 29.3831 5.28902
vn -0.534389 -0.806618 0.252577
vt 0 0
v 44.5957 29.0807 5.27953
vn -0.653234 -0.57743 0.489755
vt 0 0
v 44.5986 29.0833 5.28902
vn -0.724949 -0.640823 0.252577
vt 0 0
v 44.5957 29.0807 5.27953
vn -0.653234 -0.57743 0.489755
vt 0 0
v 44.2539 29.3831 5.28902
vn -0.534389 -0.806618 0.252577
vt 0 0
v 44.2518 29.3799 5.27953
vn -0.481525 -0.726824 0.489755
vt 0 0
v 44.5986 29.0833 5.28902
vn -0.724949 -0.640823 0.252577
vt 0 0
v 44.8551 28.705 5.29921
vn -0.895127 -0.445812 -6.24984e-013
vt 0 0
v 44.5996 29.0841 5.29921
vn -0.749241 -0.662297 -4.57242e-013
vt 0 0
v 44.8551 28.705 5.29921
vn -0.895127 -0.445812 -6.24984e-013
vt 0 0
v 44.5986 29.0833 5.28902
vn -0.724949 -0.640823 0.252577
vt 0 0
v 44.8539 28.7044 5.28902
vn -0.866104 -0.431357 0.252577
vt 0 0
v 45.0037 28.2726 5.29921
vn -0.980011 -0.198945 -7.26673e-013
vt 0 0
v 44.8539 28.7044 5.3094
vn -0.866104 -0.431357 -0.252577
vt 0 0
v 44.8551 28.705 5.29921
vn -0.895127 -0.445812 -6.24984e-013
vt 0 0
v 44.8539 28.7044 5.3094
vn -0.866104 -0.431357 -0.252577
vt 0 0
v 45.0037 28.2726 5.29921
vn -0.980011 -0.198945 -7.26673e-013
vt 0 0
v 45.0024 28.2724 5.3094
vn -0.948235 -0.192495 -0.252577
vt 0 0
v 45.0024 28.2724 5.3094
vn -0.948235 -0.192495 -0.252577
vt 0 0
v 45.0302 27.8169 5.3189
vn -0.870211 0.0536011 -0.489755
vt 0 0
v 44.9986 28.2716 5.3189
vn -0.854432 -0.173452 -0.489755
vt 0 0
v 45.0302 27.8169 5.3189
vn -0.870211 0.0536011 -0.489755
vt 0 0
v 45.0024 28.2724 5.3094
vn -0.948235 -0.192495 -0.252577
vt 0 0
v 45.0341 27.8166 5.3094
vn -0.965746 0.0594857 -0.252577
vt 0 0
v 45.0302 27.8169 5.3189
vn -0.870211 0.0536011 -0.489755
vt 0 0
v 44.9372 27.3714 5.32705
vn -0.680525 0.228027 -0.696341
vt 0 0
v 45.0241 27.8172 5.32705
vn -0.716354 0.0441242 -0.696341
vt 0 0
v 44.9372 27.3714 5.32705
vn -0.680525 0.228027 -0.696341
vt 0 0
v 45.0302 27.8169 5.3189
vn -0.870211 0.0536011 -0.489755
vt 0 0
v 44.9431 27.3694 5.3189
vn -0.826686 0.277002 -0.489755
vt 0 0
v 44.7379 26.9632 5.32705
vn -0.598319 0.39639 -0.696341
vt 0 0
v 44.9296 27.3739 5.33331
vn -0.487136 0.163227 -0.857937
vt 0 0
v 44.9372 27.3714 5.32705
vn -0.680525 0.228027 -0.696341
vt 0 0
v 44.9296 27.3739 5.33331
vn -0.487136 0.163227 -0.857937
vt 0 0
v 44.7379 26.9632 5.32705
vn -0.598319 0.39639 -0.696341
vt 0 0
v 44.7312 26.9677 5.33331
vn -0.428291 0.283745 -0.857937
vt 0 0
v 44.4345 26.6266 5.33331
vn -0.340258 0.384927 -0.857937
vt 0 0
v 44.7234 26.9728 5.33724
vn -0.227337 0.150612 -0.962099
vt 0 0
v 44.7312 26.9677 5.33331
vn -0.428291 0.283745 -0.857937
vt 0 0
v 44.7234 26.9728 5.33724
vn -0.227337 0.150612 -0.962099
vt 0 0
v 44.4345 26.6266 5.33331
vn -0.340258 0.384927 -0.857937
vt 0 0
v 44.4283 26.6336 5.33724
vn -0.180609 0.204319 -0.962099
vt 0 0
v 44.0387 26.4158 5.32705
vn 0.315195 -0.632867 -0.707199
vt 0 0
v 44.3994 26.6662 5.3189
vn 0.573944 -0.649289 -0.499011
vt 0 0
v 44.4035 26.6616 5.32705
vn 0.468253 -0.529724 -0.707199
vt 0 0
v 44.3994 26.6662 5.3189
vn 0.573944 -0.649289 -0.499011
vt 0 0
v 44.0387 26.4158 5.32705
vn 0.315195 -0.632867 -0.707199
vt 0 0
v 44.0359 26.4213 5.3189
vn 0.386339 -0.775713 -0.499011
vt 0 0
v 44.0631 26.3667 5.32705
vn -0.319964 0.642443 -0.696341
vt 0 0
v 44.4345 26.6266 5.33331
vn -0.340258 0.384927 -0.857937
vt 0 0
v 44.4398 26.6205 5.32705
vn -0.475338 0.537739 -0.696341
vt 0 0
v 44.4345 26.6266 5.33331
vn -0.340258 0.384927 -0.857937
vt 0 0
v 44.0631 26.3667 5.32705
vn -0.319964 0.642443 -0.696341
vt 0 0
v 44.0595 26.3739 5.33331
vn -0.229038 0.459876 -0.857937
vt 0 0
v 43.6214 26.2787 5.3189
vn 0.172405 -0.849273 -0.499011
vt 0 0
v 44.0342 26.4247 5.3094
vn 0.430735 -0.864855 -0.257861
vt 0 0
v 44.0359 26.4213 5.3189
vn 0.386339 -0.775713 -0.499011
vt 0 0
v 44.0342 26.4247 5.3094
vn 0.430735 -0.864855 -0.257861
vt 0 0
v 43.6214 26.2787 5.3189
vn 0.172405 -0.849273 -0.499011
vt 0 0
v 43.6206 26.2825 5.3094
vn 0.192217 -0.946869 -0.257861
vt 0 0
v 44.0658 26.3612 5.3189
vn -0.388686 0.780425 -0.489755
vt 0 0
v 43.6335 26.219 5.32705
vn -0.142785 0.703365 -0.696341
vt 0 0
v 44.0631 26.3667 5.32705
vn -0.319964 0.642443 -0.696341
vt 0 0
v 43.6335 26.219 5.32705
vn -0.142785 0.703365 -0.696341
vt 0 0
v 44.0658 26.3612 5.3189
vn -0.388686 0.780425 -0.489755
vt 0 0
v 43.6348 26.213 5.3189
vn -0.173452 0.854432 -0.489755
vt 0 0
v 43.1844 26.2522 5.3094
vn -0.0594 -0.964355 -0.257861
vt 0 0
v 43.6204 26.2838 5.29921
vn 0.198945 -0.980011 -1.66926e-013
vt 0 0
v 43.6206 26.2825 5.3094
vn 0.192217 -0.946869 -0.257861
vt 0 0
v 43.6204 26.2838 5.29921
vn 0.198945 -0.980011 -1.66926e-013
vt 0 0
v 43.1844 26.2522 5.3094
vn -0.0594 -0.964355 -0.257861
vt 0 0
v 43.1845 26.2535 5.29921
vn -0.0614791 -0.998108 -4.64962e-013
vt 0 0
v 43.6355 26.2092 5.3094
vn -0.192495 0.948235 -0.252577
vt 0 0
v 43.18 26.1814 5.3189
vn 0.0536011 0.870211 -0.489755
vt 0 0
v 43.6348 26.213 5.3189
vn -0.173452 0.854432 -0.489755
vt 0 0
v 43.18 26.1814 5.3189
vn 0.0536011 0.870211 -0.489755
vt 0 0
v 43.6355 26.2092 5.3094
vn -0.192495 0.948235 -0.252577
vt 0 0
v 43.1798 26.1775 5.3094
vn 0.0594857 0.965746 -0.252577
vt 0 0
v 42.7556 26.3371 5.29921
vn -0.317714 -0.948187 -7.20377e-013
vt 0 0
v 43.1844 26.2522 5.28902
vn -0.0594 -0.964355 0.257861
vt 0 0
v 43.1845 26.2535 5.29921
vn -0.0614791 -0.998108 -4.64962e-013
vt 0 0
v 43.1844 26.2522 5.28902
vn -0.0594 -0.964355 0.257861
vt 0 0
v 42.7556 26.3371 5.29921
vn -0.317714 -0.948187 -7.20377e-013
vt 0 0
v 42.7552 26.3359 5.28902
vn -0.306969 -0.916121 0.257861
vt 0 0
v 43.1797 26.1762 5.29921
vn 0.0614791 0.998108 3.94776e-013
vt 0 0
v 42.7314 26.2649 5.3094
vn 0.307412 0.917443 -0.252577
vt 0 0
v 43.1798 26.1775 5.3094
vn 0.0594857 0.965746 -0.252577
vt 0 0
v 42.7314 26.2649 5.3094
vn 0.307412 0.917443 -0.252577
vt 0 0
v 43.1797 26.1762 5.29921
vn 0.0614791 0.998108 3.94776e-013
vt 0 0
v 42.731 26.2636 5.29921
vn 0.317714 0.948187 6.51638e-013
vt 0 0
v 42.3622 26.5277 5.28902
vn -0.533619 -0.805456 0.257861
vt 0 0
v 42.7539 26.3322 5.27953
vn -0.275329 -0.821694 0.499011
vt 0 0
v 42.7552 26.3359 5.28902
vn -0.306969 -0.916121 0.257861
vt 0 0
v 42.7539 26.3322 5.27953
vn -0.275329 -0.821694 0.499011
vt 0 0
v 42.3622 26.5277 5.28902
vn -0.533619 -0.805456 0.257861
vt 0 0
v 42.3601 26.5245 5.27953
vn -0.478618 -0.722435 0.499011
vt 0 0
v 42.7314 26.2649 5.28902
vn 0.307412 0.917443 0.252577
vt 0 0
v 42.3201 26.4642 5.29921
vn 0.552297 0.833648 8.90705e-013
vt 0 0
v 42.731 26.2636 5.29921
vn 0.317714 0.948187 6.51638e-013
vt 0 0
v 42.3201 26.4642 5.29921
vn 0.552297 0.833648 8.90705e-013
vt 0 0
v 42.7314 26.2649 5.28902
vn 0.307412 0.917443 0.252577
vt 0 0
v 42.3208 26.4653 5.28902
vn 0.534389 0.806618 0.252577
vt 0 0
v 42.0294 26.8122 5.27953
vn -0.649289 -0.573944 0.499011
vt 0 0
v 42.3567 26.5194 5.27137
vn -0.390482 -0.589401 0.707199
vt 0 0
v 42.3601 26.5245 5.27953
vn -0.478618 -0.722435 0.499011
vt 0 0
v 42.3567 26.5194 5.27137
vn -0.390482 -0.589401 0.707199
vt 0 0
v 42.0294 26.8122 5.27953
vn -0.649289 -0.573944 0.499011
vt 0 0
v 42.0248 26.8081 5.27137
vn -0.529724 -0.468253 0.707199
vt 0 0
v 42.323 26.4685 5.27953
vn 0.481525 0.726824 0.489755
vt 0 0
v 41.9762 26.7652 5.28902
vn 0.724949 0.640823 0.252577
vt 0 0
v 42.3208 26.4653 5.28902
vn 0.534389 0.806618 0.252577
vt 0 0
v 41.9762 26.7652 5.28902
vn 0.724949 0.640823 0.252577
vt 0 0
v 42.323 26.4685 5.27953
vn 0.481525 0.726824 0.489755
vt 0 0
v 41.9791 26.7677 5.27953
vn 0.653234 0.57743 0.489755
vt 0 0
v 41.7789 27.1729 5.27137
vn -0.632867 -0.315195 0.707199
vt 0 0
v 42.0188 26.8028 5.26512
vn -0.372711 -0.32946 0.867492
vt 0 0
v 42.0248 26.8081 5.27137
vn -0.529724 -0.468253 0.707199
vt 0 0
v 42.0188 26.8028 5.26512
vn -0.372711 -0.32946 0.867492
vt 0 0
v 41.7789 27.1729 5.27137
vn -0.632867 -0.315195 0.707199
vt 0 0
v 41.7717 27.1694 5.26512
vn -0.445282 -0.22177 0.867492
vt 0 0
v 41.7243 27.1458 5.27953
vn 0.780425 0.388686 0.489755
vt 0 0
v 41.9837 26.7718 5.27137
vn 0.537739 0.475338 0.696341
vt 0 0
v 41.7299 27.1485 5.27137
vn 0.642443 0.319964 0.696341
vt 0 0
v 41.9837 26.7718 5.27137
vn 0.537739 0.475338 0.696341
vt 0 0
v 41.7243 27.1458 5.27953
vn 0.780425 0.388686 0.489755
vt 0 0
v 41.9791 26.7677 5.27953
vn 0.653234 0.57743 0.489755
vt 0 0
v 41.59 27.5797 5.26512
vn 0.503485 0.102209 0.857937
vt 0 0
v 41.7299 27.1485 5.27137
vn 0.642443 0.319964 0.696341
vt 0 0
v 41.737 27.1521 5.26512
vn 0.459876 0.229038 0.857937
vt 0 0
v 41.7299 27.1485 5.27137
vn 0.642443 0.319964 0.696341
vt 0 0
v 41.59 27.5797 5.26512
vn 0.503485 0.102209 0.857937
vt 0 0
v 41.5822 27.5781 5.27137
vn 0.703365 0.142785 0.696341
vt 0 0
v 43.3921 29.6236 5.26118
vn 0.0155038 0.251703 0.96768
vt 0 0
v 43.8253 29.5297 5.26512
vn 0.158047 0.471677 0.867492
vt 0 0
v 43.8283 29.5386 5.26118
vn 0.080121 0.239114 0.96768
vt 0 0
v 43.8253 29.5297 5.26512
vn 0.158047 0.471677 0.867492
vt 0 0
v 43.3921 29.6236 5.26118
vn 0.0155038 0.251703 0.96768
vt 0 0
v 43.3915 29.6142 5.26512
vn 0.0305828 0.49651 0.867492
vt 0 0
v 43.3939 29.6529 5.26512
vn -0.0315852 -0.512783 0.857937
vt 0 0
v 42.9447 29.6124 5.26118
vn 0.0542526 -0.26725 0.962099
vt 0 0
v 43.3933 29.6436 5.26118
vn -0.0167654 -0.272186 0.962099
vt 0 0
v 42.9447 29.6124 5.26118
vn 0.0542526 -0.26725 0.962099
vt 0 0
v 43.3939 29.6529 5.26512
vn -0.0315852 -0.512783 0.857937
vt 0 0
v 42.9428 29.6216 5.26512
vn 0.102209 -0.503485 0.857937
vt 0 0
v 43.3921 29.6236 5.26118
vn 0.0155038 0.251703 0.96768
vt 0 0
v 42.9505 29.5836 5.26512
vn -0.0989656 0.487508 0.867492
vt 0 0
v 43.3915 29.6142 5.26512
vn 0.0305828 0.49651 0.867492
vt 0 0
v 42.9505 29.5836 5.26512
vn -0.0989656 0.487508 0.867492
vt 0 0
v 43.3921 29.6236 5.26118
vn 0.0155038 0.251703 0.96768
vt 0 0
v 42.9487 29.5928 5.26118
vn -0.05017 0.247139 0.96768
vt 0 0
v 42.9487 29.5928 5.26118
vn -0.05017 0.247139 0.96768
vt 0 0
v 42.5325 29.4399 5.26512
vn -0.22177 0.445282 0.867492
vt 0 0
v 42.9505 29.5836 5.26512
vn -0.0989656 0.487508 0.867492
vt 0 0
v 42.5325 29.4399 5.26512
vn -0.22177 0.445282 0.867492
vt 0 0
v 42.9487 29.5928 5.26118
vn -0.05017 0.247139 0.96768
vt 0 0
v 42.5284 29.4482 5.26118
vn -0.112425 0.225733 0.96768
vt 0 0
v 42.9428 29.6216 5.26512
vn 0.102209 -0.503485 0.857937
vt 0 0
v 42.5194 29.4662 5.26118
vn 0.121573 -0.244102 0.962099
vt 0 0
v 42.9447 29.6124 5.26118
vn 0.0542526 -0.26725 0.962099
vt 0 0
v 42.5194 29.4662 5.26118
vn 0.121573 -0.244102 0.962099
vt 0 0
v 42.9428 29.6216 5.26512
vn 0.102209 -0.503485 0.857937
vt 0 0
v 42.5152 29.4746 5.26512
vn 0.229038 -0.459876 0.857937
vt 0 0
v 42.5152 29.4746 5.26512
vn 0.229038 -0.459876 0.857937
vt 0 0
v 42.1465 29.2149 5.26118
vn 0.180609 -0.204319 0.962099
vt 0 0
v 42.5194 29.4662 5.26118
vn 0.121573 -0.244102 0.962099
vt 0 0
v 42.1465 29.2149 5.26118
vn 0.180609 -0.204319 0.962099
vt 0 0
v 42.5152 29.4746 5.26512
vn 0.229038 -0.459876 0.857937
vt 0 0
v 42.1403 29.2219 5.26512
vn 0.340258 -0.384927 0.857937
vt 0 0
v 42.5284 29.4482 5.26118
vn -0.112425 0.225733 0.96768
vt 0 0
v 42.166 29.1929 5.26512
vn -0.32946 0.372711 0.867492
vt 0 0
v 42.5325 29.4399 5.26512
vn -0.22177 0.445282 0.867492
vt 0 0
v 42.166 29.1929 5.26512
vn -0.32946 0.372711 0.867492
vt 0 0
v 42.5284 29.4482 5.26118
vn -0.112425 0.225733 0.96768
vt 0 0
v 42.1598 29.1999 5.26118
vn -0.167018 0.188944 0.96768
vt 0 0
v 42.1403 29.2219 5.26512
vn 0.340258 -0.384927 0.857937
vt 0 0
v 41.8513 28.8756 5.26118
vn 0.227337 -0.150612 0.962099
vt 0 0
v 42.1465 29.2149 5.26118
vn 0.180609 -0.204319 0.962099
vt 0 0
v 41.8513 28.8756 5.26118
vn 0.227337 -0.150612 0.962099
vt 0 0
v 42.1403 29.2219 5.26512
vn 0.340258 -0.384927 0.857937
vt 0 0
v 41.8435 28.8808 5.26512
vn 0.428291 -0.283745 0.857937
vt 0 0
v 42.1598 29.1999 5.26118
vn -0.167018 0.188944 0.96768
vt 0 0
v 41.8758 28.8594 5.26512
vn -0.414699 0.274741 0.867492
vt 0 0
v 42.166 29.1929 5.26512
vn -0.32946 0.372711 0.867492
vt 0 0
v 41.8758 28.8594 5.26512
vn -0.414699 0.274741 0.867492
vt 0 0
v 42.1598 29.1999 5.26118
vn -0.167018 0.188944 0.96768
vt 0 0
v 41.868 28.8645 5.26118
vn -0.210229 0.139278 0.96768
vt 0 0
v 41.8435 28.8808 5.26512
vn 0.428291 -0.283745 0.857937
vt 0 0
v 41.654 28.4715 5.26118
vn 0.258572 -0.086641 0.962099
vt 0 0
v 41.8513 28.8756 5.26118
vn 0.227337 -0.150612 0.962099
vt 0 0
v 41.654 28.4715 5.26118
vn 0.258572 -0.086641 0.962099
vt 0 0
v 41.8435 28.8808 5.26512
vn 0.428291 -0.283745 0.857937
vt 0 0
v 41.6451 28.4745 5.26512
vn 0.487136 -0.163227 0.857937
vt 0 0
v 41.868 28.8645 5.26118
vn -0.210229 0.139278 0.96768
vt 0 0
v 41.6819 28.4622 5.26512
vn -0.471677 0.158047 0.867492
vt 0 0
v 41.8758 28.8594 5.26512
vn -0.414699 0.274741 0.867492
vt 0 0
v 41.6819 28.4622 5.26512
vn -0.471677 0.158047 0.867492
vt 0 0
v 41.868 28.8645 5.26118
vn -0.210229 0.139278 0.96768
vt 0 0
v 41.673 28.4651 5.26118
vn -0.239114 0.080121 0.96768
vt 0 0
v 41.6451 28.4745 5.26512
vn 0.487136 -0.163227 0.857937
vt 0 0
v 41.568 28.0301 5.26118
vn 0.272186 -0.0167654 0.962099
vt 0 0
v 41.654 28.4715 5.26118
vn 0.258572 -0.086641 0.962099
vt 0 0
v 41.568 28.0301 5.26118
vn 0.272186 -0.0167654 0.962099
vt 0 0
v 41.6451 28.4745 5.26512
vn 0.487136 -0.163227 0.857937
vt 0 0
v 41.5587 28.0307 5.26512
vn 0.512783 -0.0315852 0.857937
vt 0 0
v 41.673 28.4651 5.26118
vn -0.239114 0.080121 0.96768
vt 0 0
v 41.5974 28.0283 5.26512
vn -0.49651 0.0305828 0.867492
vt 0 0
v 41.6819 28.4622 5.26512
vn -0.471677 0.158047 0.867492
vt 0 0
v 41.5974 28.0283 5.26512
vn -0.49651 0.0305828 0.867492
vt 0 0
v 41.673 28.4651 5.26118
vn -0.239114 0.080121 0.96768
vt 0 0
v 41.588 28.0289 5.26118
vn -0.251703 0.0155038 0.96768
vt 0 0
v 41.568 28.0301 5.26118
vn 0.272186 -0.0167654 0.962099
vt 0 0
v 41.59 27.5797 5.26512
vn 0.503485 0.102209 0.857937
vt 0 0
v 41.5992 27.5815 5.26118
vn 0.26725 0.0542526 0.962099
vt 0 0
v 41.59 27.5797 5.26512
vn 0.503485 0.102209 0.857937
vt 0 0
v 41.568 28.0301 5.26118
vn 0.272186 -0.0167654 0.962099
vt 0 0
v 41.5587 28.0307 5.26512
vn 0.512783 -0.0315852 0.857937
vt 0 0
v 41.5974 28.0283 5.26512
vn -0.49651 0.0305828 0.867492
vt 0 0
v 41.6189 27.5855 5.26118
vn -0.247139 -0.05017 0.96768
vt 0 0
v 41.628 27.5874 5.26512
vn -0.487508 -0.0989656 0.867492
vt 0 0
v 41.6189 27.5855 5.26118
vn -0.247139 -0.05017 0.96768
vt 0 0
v 41.5974 28.0283 5.26512
vn -0.49651 0.0305828 0.867492
vt 0 0
v 41.588 28.0289 5.26118
vn -0.251703 0.0155038 0.96768
vt 0 0
v 41.628 27.5874 5.26512
vn -0.487508 -0.0989656 0.867492
vt 0 0
v 41.7634 27.1652 5.26118
vn -0.225733 -0.112425 0.96768
vt 0 0
v 41.7717 27.1694 5.26512
vn -0.445282 -0.22177 0.867492
vt 0 0
v 41.7634 27.1652 5.26118
vn -0.225733 -0.112425 0.96768
vt 0 0
v 41.628 27.5874 5.26512
vn -0.487508 -0.0989656 0.867492
vt 0 0
v 41.6189 27.5855 5.26118
vn -0.247139 -0.05017 0.96768
vt 0 0
v 44.6922 26.9935 5.32705
vn 0.589401 -0.390482 -0.707199
vt 0 0
v 44.3994 26.6662 5.3189
vn 0.573944 -0.649289 -0.499011
vt 0 0
v 44.6871 26.9969 5.3189
vn 0.722435 -0.478618 -0.499011
vt 0 0
v 44.3994 26.6662 5.3189
vn 0.573944 -0.649289 -0.499011
vt 0 0
v 44.6922 26.9935 5.32705
vn 0.589401 -0.390482 -0.707199
vt 0 0
v 44.4035 26.6616 5.32705
vn 0.468253 -0.529724 -0.707199
vt 0 0
v 44.8794 27.3908 5.3189
vn 0.821694 -0.275329 -0.499011
vt 0 0
v 44.6839 26.999 5.3094
vn 0.805456 -0.533619 -0.257861
vt 0 0
v 44.8758 27.392 5.3094
vn 0.916121 -0.306969 -0.257861
vt 0 0
v 44.6839 26.999 5.3094
vn 0.805456 -0.533619 -0.257861
vt 0 0
v 44.8794 27.3908 5.3189
vn 0.821694 -0.275329 -0.499011
vt 0 0
v 44.6871 26.9969 5.3189
vn 0.722435 -0.478618 -0.499011
vt 0 0
v 44.9594 27.8212 5.3094
vn 0.964355 -0.0594 -0.257861
vt 0 0
v 44.8745 27.3924 5.29921
vn 0.948187 -0.317714 6.24278e-013
vt 0 0
v 44.9581 27.8213 5.29921
vn 0.998108 -0.0614791 6.56338e-013
vt 0 0
v 44.8745 27.3924 5.29921
vn 0.948187 -0.317714 6.24278e-013
vt 0 0
v 44.9594 27.8212 5.3094
vn 0.964355 -0.0594 -0.257861
vt 0 0
v 44.8758 27.392 5.3094
vn 0.916121 -0.306969 -0.257861
vt 0 0
v 44.9581 27.8213 5.29921
vn 0.998108 -0.0614791 6.56338e-013
vt 0 0
v 44.9291 28.2575 5.28902
vn 0.946869 0.192217 0.257861
vt 0 0
v 44.9278 28.2572 5.29921
vn 0.980011 0.198945 6.36114e-013
vt 0 0
v 44.9291 28.2575 5.28902
vn 0.946869 0.192217 0.257861
vt 0 0
v 44.9581 27.8213 5.29921
vn 0.998108 -0.0614791 6.56338e-013
vt 0 0
v 44.9594 27.8212 5.28902
vn 0.964355 -0.0594 0.257861
vt 0 0
v 44.7869 28.671 5.28902
vn 0.864855 0.430735 0.257861
vt 0 0
v 44.9329 28.2583 5.27953
vn 0.849273 0.172405 0.499011
vt 0 0
v 44.7903 28.6728 5.27953
vn 0.775713 0.386339 0.499011
vt 0 0
v 44.9329 28.2583 5.27953
vn 0.849273 0.172405 0.499011
vt 0 0
v 44.7869 28.671 5.28902
vn 0.864855 0.430735 0.257861
vt 0 0
v 44.9291 28.2575 5.28902
vn 0.946869 0.192217 0.257861
vt 0 0
v 44.5454 29.0362 5.27953
vn 0.649289 0.573944 0.499011
vt 0 0
v 44.7958 28.6755 5.27137
vn 0.632867 0.315195 0.707199
vt 0 0
v 44.55 29.0403 5.27137
vn 0.529724 0.468253 0.707199
vt 0 0
v 44.7958 28.6755 5.27137
vn 0.632867 0.315195 0.707199
vt 0 0
v 44.5454 29.0362 5.27953
vn 0.649289 0.573944 0.499011
vt 0 0
v 44.7903 28.6728 5.27953
vn 0.775713 0.386339 0.499011
vt 0 0
v 44.2225 29.3358 5.26512
vn 0.274741 0.414699 0.867492
vt 0 0
v 44.55 29.0403 5.27137
vn 0.529724 0.468253 0.707199
vt 0 0
v 44.556 29.0456 5.26512
vn 0.372711 0.32946 0.867492
vt 0 0
v 44.55 29.0403 5.27137
vn 0.529724 0.468253 0.707199
vt 0 0
v 44.2225 29.3358 5.26512
vn 0.274741 0.414699 0.867492
vt 0 0
v 44.2181 29.3291 5.27137
vn 0.390482 0.589401 0.707199
vt 0 0
v 43.8283 29.5386 5.26118
vn 0.080121 0.239114 0.96768
vt 0 0
v 44.2225 29.3358 5.26512
vn 0.274741 0.414699 0.867492
vt 0 0
v 44.2277 29.3436 5.26118
vn 0.139278 0.210229 0.96768
vt 0 0
v 44.2225 29.3358 5.26512
vn 0.274741 0.414699 0.867492
vt 0 0
v 43.8283 29.5386 5.26118
vn 0.080121 0.239114 0.96768
vt 0 0
v 43.8253 29.5297 5.26512
vn 0.158047 0.471677 0.867492
vt 0 0
v 43.3939 29.6529 5.26512
vn -0.0315852 -0.512783 0.857937
vt 0 0
v 43.8347 29.5576 5.26118
vn -0.086641 -0.258572 0.962099
vt 0 0
v 43.8377 29.5665 5.26512
vn -0.163227 -0.487136 0.857937
vt 0 0
v 43.8347 29.5576 5.26118
vn -0.086641 -0.258572 0.962099
vt 0 0
v 43.3939 29.6529 5.26512
vn -0.0315852 -0.512783 0.857937
vt 0 0
v 43.3933 29.6436 5.26118
vn -0.0167654 -0.272186 0.962099
vt 0 0
v 43.8402 29.5741 5.27137
vn -0.228027 -0.680525 0.696341
vt 0 0
v 44.2439 29.3681 5.26512
vn -0.283745 -0.428291 0.857937
vt 0 0
v 44.2484 29.3748 5.27137
vn -0.39639 -0.598319 0.696341
vt 0 0
v 44.2439 29.3681 5.26512
vn -0.283745 -0.428291 0.857937
vt 0 0
v 43.8402 29.5741 5.27137
vn -0.228027 -0.680525 0.696341
vt 0 0
v 43.8377 29.5665 5.26512
vn -0.163227 -0.487136 0.857937
vt 0 0
v 44.2518 29.3799 5.27953
vn -0.481525 -0.726824 0.489755
vt 0 0
v 44.5911 29.0766 5.27137
vn -0.537739 -0.475338 0.696341
vt 0 0
v 44.5957 29.0807 5.27953
vn -0.653234 -0.57743 0.489755
vt 0 0
v 44.5911 29.0766 5.27137
vn -0.537739 -0.475338 0.696341
vt 0 0
v 44.2518 29.3799 5.27953
vn -0.481525 -0.726824 0.489755
vt 0 0
v 44.2484 29.3748 5.27137
vn -0.39639 -0.598319 0.696341
vt 0 0
v 44.5957 29.0807 5.27953
vn -0.653234 -0.57743 0.489755
vt 0 0
v 44.8539 28.7044 5.28902
vn -0.866104 -0.431357 0.252577
vt 0 0
v 44.5986 29.0833 5.28902
vn -0.724949 -0.640823 0.252577
vt 0 0
v 44.8539 28.7044 5.28902
vn -0.866104 -0.431357 0.252577
vt 0 0
v 44.5957 29.0807 5.27953
vn -0.653234 -0.57743 0.489755
vt 0 0
v 44.8504 28.7027 5.27953
vn -0.780425 -0.388686 0.489755
vt 0 0
v 44.8539 28.7044 5.28902
vn -0.866104 -0.431357 0.252577
vt 0 0
v 45.0037 28.2726 5.29921
vn -0.980011 -0.198945 -7.26673e-013
vt 0 0
v 44.8551 28.705 5.29921
vn -0.895127 -0.445812 -6.24984e-013
vt 0 0
v 45.0037 28.2726 5.29921
vn -0.980011 -0.198945 -7.26673e-013
vt 0 0
v 44.8539 28.7044 5.28902
vn -0.866104 -0.431357 0.252577
vt 0 0
v 45.0024 28.2724 5.28902
vn -0.948235 -0.192495 0.252577
vt 0 0
v 45.0037 28.2726 5.29921
vn -0.980011 -0.198945 -7.26673e-013
vt 0 0
v 45.0341 27.8166 5.3094
vn -0.965746 0.0594857 -0.252577
vt 0 0
v 45.0024 28.2724 5.3094
vn -0.948235 -0.192495 -0.252577
vt 0 0
v 45.0341 27.8166 5.3094
vn -0.965746 0.0594857 -0.252577
vt 0 0
v 45.0037 28.2726 5.29921
vn -0.980011 -0.198945 -7.26673e-013
vt 0 0
v 45.0354 27.8165 5.29921
vn -0.998108 0.0614791 -7.48913e-013
vt 0 0
v 45.0341 27.8166 5.3094
vn -0.965746 0.0594857 -0.252577
vt 0 0
v 44.9431 27.3694 5.3189
vn -0.826686 0.277002 -0.489755
vt 0 0
v 45.0302 27.8169 5.3189
vn -0.870211 0.0536011 -0.489755
vt 0 0
v 44.9431 27.3694 5.3189
vn -0.826686 0.277002 -0.489755
vt 0 0
v 45.0341 27.8166 5.3094
vn -0.965746 0.0594857 -0.252577
vt 0 0
v 44.9467 27.3682 5.3094
vn -0.917443 0.307412 -0.252577
vt 0 0
v 44.9431 27.3694 5.3189
vn -0.826686 0.277002 -0.489755
vt 0 0
v 44.7379 26.9632 5.32705
vn -0.598319 0.39639 -0.696341
vt 0 0
v 44.9372 27.3714 5.32705
vn -0.680525 0.228027 -0.696341
vt 0 0
v 44.7379 26.9632 5.32705
vn -0.598319 0.39639 -0.696341
vt 0 0
v 44.9431 27.3694 5.3189
vn -0.826686 0.277002 -0.489755
vt 0 0
v 44.7431 26.9598 5.3189
vn -0.726824 0.481525 -0.489755
vt 0 0
v 44.4398 26.6205 5.32705
vn -0.475338 0.537739 -0.696341
vt 0 0
v 44.7312 26.9677 5.33331
vn -0.428291 0.283745 -0.857937
vt 0 0
v 44.7379 26.9632 5.32705
vn -0.598319 0.39639 -0.696341
vt 0 0
v 44.7312 26.9677 5.33331
vn -0.428291 0.283745 -0.857937
vt 0 0
v 44.4398 26.6205 5.32705
vn -0.475338 0.537739 -0.696341
vt 0 0
v 44.4345 26.6266 5.33331
vn -0.340258 0.384927 -0.857937
vt 0 0
v 44.0359 26.4213 5.3189
vn 0.386339 -0.775713 -0.499011
vt 0 0
v 44.3968 26.6691 5.3094
vn 0.639899 -0.723904 -0.257861
vt 0 0
v 44.3994 26.6662 5.3189
vn 0.573944 -0.649289 -0.499011
vt 0 0
v 44.3968 26.6691 5.3094
vn 0.639899 -0.723904 -0.257861
vt 0 0
v 44.0359 26.4213 5.3189
vn 0.386339 -0.775713 -0.499011
vt 0 0
v 44.0342 26.4247 5.3094
vn 0.430735 -0.864855 -0.257861
vt 0 0
v 44.4439 26.6159 5.3189
vn -0.57743 0.653234 -0.489755
vt 0 0
v 44.0631 26.3667 5.32705
vn -0.319964 0.642443 -0.696341
vt 0 0
v 44.4398 26.6205 5.32705
vn -0.475338 0.537739 -0.696341
vt 0 0
v 44.0631 26.3667 5.32705
vn -0.319964 0.642443 -0.696341
vt 0 0
v 44.4439 26.6159 5.3189
vn -0.57743 0.653234 -0.489755
vt 0 0
v 44.0658 26.3612 5.3189
vn -0.388686 0.780425 -0.489755
vt 0 0
v 43.6206 26.2825 5.3094
vn 0.192217 -0.946869 -0.257861
vt 0 0
v 44.0336 26.4259 5.29921
vn 0.445812 -0.895127 1.27697e-013
vt 0 0
v 44.0342 26.4247 5.3094
vn 0.430735 -0.864855 -0.257861
vt 0 0
v 44.0336 26.4259 5.29921
vn 0.445812 -0.895127 1.27697e-013
vt 0 0
v 43.6206 26.2825 5.3094
vn 0.192217 -0.946869 -0.257861
vt 0 0
v 43.6204 26.2838 5.29921
vn 0.198945 -0.980011 -1.66926e-013
vt 0 0
v 44.0676 26.3577 5.3094
vn -0.431357 0.866104 -0.252577
vt 0 0
v 43.6348 26.213 5.3189
vn -0.173452 0.854432 -0.489755
vt 0 0
v 44.0658 26.3612 5.3189
vn -0.388686 0.780425 -0.489755
vt 0 0
v 43.6348 26.213 5.3189
vn -0.173452 0.854432 -0.489755
vt 0 0
v 44.0676 26.3577 5.3094
vn -0.431357 0.866104 -0.252577
vt 0 0
v 43.6355 26.2092 5.3094
vn -0.192495 0.948235 -0.252577
vt 0 0
v 43.1845 26.2535 5.29921
vn -0.0614791 -0.998108 -4.64962e-013
vt 0 0
v 43.6206 26.2825 5.28902
vn 0.192217 -0.946869 0.257861
vt 0 0
v 43.6204 26.2838 5.29921
vn 0.198945 -0.980011 -1.66926e-013
vt 0 0
v 43.6206 26.2825 5.28902
vn 0.192217 -0.946869 0.257861
vt 0 0
v 43.1845 26.2535 5.29921
vn -0.0614791 -0.998108 -4.64962e-013
vt 0 0
v 43.1844 26.2522 5.28902
vn -0.0594 -0.964355 0.257861
vt 0 0
v 43.6358 26.2079 5.29921
vn -0.198945 0.980011 1.30063e-013
vt 0 0
v 43.1798 26.1775 5.3094
vn 0.0594857 0.965746 -0.252577
vt 0 0
v 43.6355 26.2092 5.3094
vn -0.192495 0.948235 -0.252577
vt 0 0
v 43.1798 26.1775 5.3094
vn 0.0594857 0.965746 -0.252577
vt 0 0
v 43.6358 26.2079 5.29921
vn -0.198945 0.980011 1.30063e-013
vt 0 0
v 43.1797 26.1762 5.29921
vn 0.0614791 0.998108 3.94776e-013
vt 0 0
v 42.7552 26.3359 5.28902
vn -0.306969 -0.916121 0.257861
vt 0 0
v 43.1842 26.2484 5.27953
vn -0.0532775 -0.864956 0.499011
vt 0 0
v 43.1844 26.2522 5.28902
vn -0.0594 -0.964355 0.257861
vt 0 0
v 43.1842 26.2484 5.27953
vn -0.0532775 -0.864956 0.499011
vt 0 0
v 42.7552 26.3359 5.28902
vn -0.306969 -0.916121 0.257861
vt 0 0
v 42.7539 26.3322 5.27953
vn -0.275329 -0.821694 0.499011
vt 0 0
v 43.1798 26.1775 5.28902
vn 0.0594857 0.965746 0.252577
vt 0 0
v 42.731 26.2636 5.29921
vn 0.317714 0.948187 6.51638e-013
vt 0 0
v 43.1797 26.1762 5.29921
vn 0.0614791 0.998108 3.94776e-013
vt 0 0
v 42.731 26.2636 5.29921
vn 0.317714 0.948187 6.51638e-013
vt 0 0
v 43.1798 26.1775 5.28902
vn 0.0594857 0.965746 0.252577
vt 0 0
v 42.7314 26.2649 5.28902
vn 0.307412 0.917443 0.252577
vt 0 0
v 42.3601 26.5245 5.27953
vn -0.478618 -0.722435 0.499011
vt 0 0
v 42.752 26.3263 5.27137
vn -0.224628 -0.670381 0.707199
vt 0 0
v 42.7539 26.3322 5.27953
vn -0.275329 -0.821694 0.499011
vt 0 0
v 42.752 26.3263 5.27137
vn -0.224628 -0.670381 0.707199
vt 0 0
v 42.3601 26.5245 5.27953
vn -0.478618 -0.722435 0.499011
vt 0 0
v 42.3567 26.5194 5.27137
vn -0.390482 -0.589401 0.707199
vt 0 0
v 42.7326 26.2685 5.27953
vn 0.277002 0.826686 0.489755
vt 0 0
v 42.3208 26.4653 5.28902
vn 0.534389 0.806618 0.252577
vt 0 0
v 42.7314 26.2649 5.28902
vn 0.307412 0.917443 0.252577
vt 0 0
v 42.3208 26.4653 5.28902
vn 0.534389 0.806618 0.252577
vt 0 0
v 42.7326 26.2685 5.27953
vn 0.277002 0.826686 0.489755
vt 0 0
v 42.323 26.4685 5.27953
vn 0.481525 0.726824 0.489755
vt 0 0
v 42.0248 26.8081 5.27137
vn -0.529724 -0.468253 0.707199
vt 0 0
v 42.3522 26.5127 5.26512
vn -0.274741 -0.414699 0.867492
vt 0 0
v 42.3567 26.5194 5.27137
vn -0.390482 -0.589401 0.707199
vt 0 0
v 42.3522 26.5127 5.26512
vn -0.274741 -0.414699 0.867492
vt 0 0
v 42.0248 26.8081 5.27137
vn -0.529724 -0.468253 0.707199
vt 0 0
v 42.0188 26.8028 5.26512
vn -0.372711 -0.32946 0.867492
vt 0 0
v 42.3264 26.4737 5.27137
vn 0.39639 0.598319 0.696341
vt 0 0
v 41.9791 26.7677 5.27953
vn 0.653234 0.57743 0.489755
vt 0 0
v 42.323 26.4685 5.27953
vn 0.481525 0.726824 0.489755
vt 0 0
v 41.9791 26.7677 5.27953
vn 0.653234 0.57743 0.489755
vt 0 0
v 42.3264 26.4737 5.27137
vn 0.39639 0.598319 0.696341
vt 0 0
v 41.9837 26.7718 5.27137
vn 0.537739 0.475338 0.696341
vt 0 0
v 41.7717 27.1694 5.26512
vn -0.445282 -0.22177 0.867492
vt 0 0
v 42.0117 26.7966 5.26118
vn -0.188944 -0.167018 0.96768
vt 0 0
v 42.0188 26.8028 5.26512
vn -0.372711 -0.32946 0.867492
vt 0 0
v 42.0117 26.7966 5.26118
vn -0.188944 -0.167018 0.96768
vt 0 0
v 41.7717 27.1694 5.26512
vn -0.445282 -0.22177 0.867492
vt 0 0
v 41.7634 27.1652 5.26118
vn -0.225733 -0.112425 0.96768
vt 0 0
v 41.737 27.1521 5.26512
vn 0.459876 0.229038 0.857937
vt 0 0
v 41.9837 26.7718 5.27137
vn 0.537739 0.475338 0.696341
vt 0 0
v 41.9897 26.7771 5.26512
vn 0.384927 0.340258 0.857937
vt 0 0
v 41.9837 26.7718 5.27137
vn 0.537739 0.475338 0.696341
vt 0 0
v 41.737 27.1521 5.26512
vn 0.459876 0.229038 0.857937
vt 0 0
v 41.7299 27.1485 5.27137
vn 0.642443 0.319964 0.696341
vt 0 0
v 41.5992 27.5815 5.26118
vn 0.26725 0.0542526 0.962099
vt 0 0
v 41.737 27.1521 5.26512
vn 0.459876 0.229038 0.857937
vt 0 0
v 41.7454 27.1563 5.26118
vn 0.244102 0.121573 0.962099
vt 0 0
v 41.737 27.1521 5.26512
vn 0.459876 0.229038 0.857937
vt 0 0
v 41.5992 27.5815 5.26118
vn 0.26725 0.0542526 0.962099
vt 0 0
v 41.59 27.5797 5.26512
vn 0.503485 0.102209 0.857937
vt 0 0
v 43.3927 29.6336 5.25984
vn 0.00814931 0.132304 0.991176
vt 0 0
v 43.8283 29.5386 5.26118
vn 0.080121 0.239114 0.96768
vt 0 0
v 43.8315 29.5481 5.25984
vn 0.0421143 0.125686 0.991176
vt 0 0
v 43.8283 29.5386 5.26118
vn 0.080121 0.239114 0.96768
vt 0 0
v 43.3927 29.6336 5.25984
vn 0.00814931 0.132304 0.991176
vt 0 0
v 43.3921 29.6236 5.26118
vn 0.0155038 0.251703 0.96768
vt 0 0
v 43.8315 29.5481 5.25984
vn 0.317714 0.948187 -6.919e-014
vt 0 0
v 43.3927 29.6336 5.29921
vn 0.0614791 0.998108 -3.3267e-013
vt 0 0
v 43.8315 29.5481 5.29921
vn 0.317714 0.948187 -6.919e-014
vt 0 0
v 43.3927 29.6336 5.29921
vn 0.0614791 0.998108 -3.3267e-013
vt 0 0
v 43.8315 29.5481 5.25984
vn 0.317714 0.948187 -6.919e-014
vt 0 0
v 43.3927 29.6336 5.25984
vn 0.0614791 0.998108 -3.3267e-013
vt 0 0
v 43.3933 29.6436 5.26118
vn -0.0167654 -0.272186 0.962099
vt 0 0
v 42.9467 29.6026 5.25984
vn 0.026371 -0.129905 0.991176
vt 0 0
v 43.3927 29.6336 5.25984
vn -0.00814931 -0.132304 0.991176
vt 0 0
v 42.9467 29.6026 5.25984
vn 0.026371 -0.129905 0.991176
vt 0 0
v 43.3933 29.6436 5.26118
vn -0.0167654 -0.272186 0.962099
vt 0 0
v 42.9447 29.6124 5.26118
vn 0.0542526 -0.26725 0.962099
vt 0 0
v 43.3927 29.6336 5.25984
vn 0.00814931 0.132304 0.991176
vt 0 0
v 42.9487 29.5928 5.26118
vn -0.05017 0.247139 0.96768
vt 0 0
v 43.3921 29.6236 5.26118
vn 0.0155038 0.251703 0.96768
vt 0 0
v 42.9487 29.5928 5.26118
vn -0.05017 0.247139 0.96768
vt 0 0
v 43.3927 29.6336 5.25984
vn 0.00814931 0.132304 0.991176
vt 0 0
v 42.9467 29.6026 5.25984
vn -0.026371 0.129905 0.991176
vt 0 0
v 43.3927 29.6336 5.25984
vn 0.0614791 0.998108 -3.3267e-013
vt 0 0
v 42.9467 29.6026 5.29921
vn -0.198945 0.980011 -5.88996e-013
vt 0 0
v 43.3927 29.6336 5.29921
vn 0.0614791 0.998108 -3.3267e-013
vt 0 0
v 42.9467 29.6026 5.29921
vn -0.198945 0.980011 -5.88996e-013
vt 0 0
v 43.3927 29.6336 5.25984
vn 0.0614791 0.998108 -3.3267e-013
vt 0 0
v 42.9467 29.6026 5.25984
vn -0.198945 0.980011 -5.88996e-013
vt 0 0
v 42.9467 29.6026 5.25984
vn -0.026371 0.129905 0.991176
vt 0 0
v 42.5284 29.4482 5.26118
vn -0.112425 0.225733 0.96768
vt 0 0
v 42.9487 29.5928 5.26118
vn -0.05017 0.247139 0.96768
vt 0 0
v 42.5284 29.4482 5.26118
vn -0.112425 0.225733 0.96768
vt 0 0
v 42.9467 29.6026 5.25984
vn -0.026371 0.129905 0.991176
vt 0 0
v 42.5239 29.4572 5.25984
vn -0.0590943 0.118653 0.991176
vt 0 0
v 42.9447 29.6124 5.26118
vn 0.0542526 -0.26725 0.962099
vt 0 0
v 42.5239 29.4572 5.25984
vn 0.0590943 -0.118653 0.991176
vt 0 0
v 42.9467 29.6026 5.25984
vn 0.026371 -0.129905 0.991176
vt 0 0
v 42.5239 29.4572 5.25984
vn 0.0590943 -0.118653 0.991176
vt 0 0
v 42.9447 29.6124 5.26118
vn 0.0542526 -0.26725 0.962099
vt 0 0
v 42.5194 29.4662 5.26118
vn 0.121573 -0.244102 0.962099
vt 0 0
v 42.9467 29.6026 5.25984
vn -0.198945 0.980011 -5.88996e-013
vt 0 0
v 42.5239 29.4572 5.29921
vn -0.445812 0.895127 -8.11798e-013
vt 0 0
v 42.9467 29.6026 5.29921
vn -0.198945 0.980011 -5.88996e-013
vt 0 0
v 42.5239 29.4572 5.29921
vn -0.445812 0.895127 -8.11798e-013
vt 0 0
v 42.9467 29.6026 5.25984
vn -0.198945 0.980011 -5.88996e-013
vt 0 0
v 42.5239 29.4572 5.25984
vn -0.445812 0.895127 -8.11798e-013
vt 0 0
v 42.5194 29.4662 5.26118
vn 0.121573 -0.244102 0.962099
vt 0 0
v 42.1531 29.2074 5.25984
vn 0.0877903 -0.0993152 0.991176
vt 0 0
v 42.5239 29.4572 5.25984
vn 0.0590943 -0.118653 0.991176
vt 0 0
v 42.1531 29.2074 5.25984
vn 0.0877903 -0.0993152 0.991176
vt 0 0
v 42.5194 29.4662 5.26118
vn 0.121573 -0.244102 0.962099
vt 0 0
v 42.1465 29.2149 5.26118
vn 0.180609 -0.204319 0.962099
vt 0 0
v 42.5239 29.4572 5.25984
vn -0.0590943 0.118653 0.991176
vt 0 0
v 42.1598 29.1999 5.26118
vn -0.167018 0.188944 0.96768
vt 0 0
v 42.5284 29.4482 5.26118
vn -0.112425 0.225733 0.96768
vt 0 0
v 42.1598 29.1999 5.26118
vn -0.167018 0.188944 0.96768
vt 0 0
v 42.5239 29.4572 5.25984
vn -0.0590943 0.118653 0.991176
vt 0 0
v 42.1531 29.2074 5.25984
vn -0.0877903 0.0993152 0.991176
vt 0 0
v 42.5239 29.4572 5.25984
vn -0.445812 0.895127 -8.11798e-013
vt 0 0
v 42.1531 29.2074 5.29921
vn -0.662297 0.749241 -1.00613e-012
vt 0 0
v 42.5239 29.4572 5.29921
vn -0.445812 0.895127 -8.11798e-013
vt 0 0
v 42.1531 29.2074 5.29921
vn -0.662297 0.749241 -1.00613e-012
vt 0 0
v 42.5239 29.4572 5.25984
vn -0.445812 0.895127 -8.11798e-013
vt 0 0
v 42.1531 29.2074 5.25984
vn -0.662297 0.749241 -1.00613e-012
vt 0 0
v 42.1465 29.2149 5.26118
vn 0.180609 -0.204319 0.962099
vt 0 0
v 41.8597 28.8701 5.25984
vn 0.110504 -0.0732093 0.991176
vt 0 0
v 42.1531 29.2074 5.25984
vn 0.0877903 -0.0993152 0.991176
vt 0 0
v 41.8597 28.8701 5.25984
vn 0.110504 -0.0732093 0.991176
vt 0 0
v 42.1465 29.2149 5.26118
vn 0.180609 -0.204319 0.962099
vt 0 0
v 41.8513 28.8756 5.26118
vn 0.227337 -0.150612 0.962099
vt 0 0
v 42.1531 29.2074 5.25984
vn -0.0877903 0.0993152 0.991176
vt 0 0
v 41.868 28.8645 5.26118
vn -0.210229 0.139278 0.96768
vt 0 0
v 42.1598 29.1999 5.26118
vn -0.167018 0.188944 0.96768
vt 0 0
v 41.868 28.8645 5.26118
vn -0.210229 0.139278 0.96768
vt 0 0
v 42.1531 29.2074 5.25984
vn -0.0877903 0.0993152 0.991176
vt 0 0
v 41.8597 28.8701 5.25984
vn -0.110504 0.0732093 0.991176
vt 0 0
v 42.1531 29.2074 5.25984
vn -0.662297 0.749241 -1.00613e-012
vt 0 0
v 41.8597 28.8701 5.29921
vn -0.833648 0.552297 -1.18122e-012
vt 0 0
v 42.1531 29.2074 5.29921
vn -0.662297 0.749241 -1.00613e-012
vt 0 0
v 41.8597 28.8701 5.29921
vn -0.833648 0.552297 -1.18122e-012
vt 0 0
v 42.1531 29.2074 5.25984
vn -0.662297 0.749241 -1.00613e-012
vt 0 0
v 41.8597 28.8701 5.25984
vn -0.833648 0.552297 -1.18122e-012
vt 0 0
v 41.8513 28.8756 5.26118
vn 0.227337 -0.150612 0.962099
vt 0 0
v 41.6635 28.4683 5.25984
vn 0.125686 -0.0421143 0.991176
vt 0 0
v 41.8597 28.8701 5.25984
vn 0.110504 -0.0732093 0.991176
vt 0 0
v 41.6635 28.4683 5.25984
vn 0.125686 -0.0421143 0.991176
vt 0 0
v 41.8513 28.8756 5.26118
vn 0.227337 -0.150612 0.962099
vt 0 0
v 41.654 28.4715 5.26118
vn 0.258572 -0.086641 0.962099
vt 0 0
v 41.8597 28.8701 5.25984
vn -0.110504 0.0732093 0.991176
vt 0 0
v 41.673 28.4651 5.26118
vn -0.239114 0.080121 0.96768
vt 0 0
v 41.868 28.8645 5.26118
vn -0.210229 0.139278 0.96768
vt 0 0
v 41.673 28.4651 5.26118
vn -0.239114 0.080121 0.96768
vt 0 0
v 41.8597 28.8701 5.25984
vn -0.110504 0.0732093 0.991176
vt 0 0
v 41.6635 28.4683 5.25984
vn -0.125686 0.0421143 0.991176
vt 0 0
v 41.8597 28.8701 5.25984
vn -0.833648 0.552297 -1.18122e-012
vt 0 0
v 41.6635 28.4683 5.29921
vn -0.948187 0.317714 -1.3098e-012
vt 0 0
v 41.8597 28.8701 5.29921
vn -0.833648 0.552297 -1.18122e-012
vt 0 0
v 41.6635 28.4683 5.29921
vn -0.948187 0.317714 -1.3098e-012
vt 0 0
v 41.8597 28.8701 5.25984
vn -0.833648 0.552297 -1.18122e-012
vt 0 0
v 41.6635 28.4683 5.25984
vn -0.948187 0.317714 -1.3098e-012
vt 0 0
v 41.654 28.4715 5.26118
vn 0.258572 -0.086641 0.962099
vt 0 0
v 41.578 28.0295 5.25984
vn 0.132304 -0.00814931 0.991176
vt 0 0
v 41.6635 28.4683 5.25984
vn 0.125686 -0.0421143 0.991176
vt 0 0
v 41.578 28.0295 5.25984
vn 0.132304 -0.00814931 0.991176
vt 0 0
v 41.654 28.4715 5.26118
vn 0.258572 -0.086641 0.962099
vt 0 0
v 41.568 28.0301 5.26118
vn 0.272186 -0.0167654 0.962099
vt 0 0
v 41.6635 28.4683 5.25984
vn -0.125686 0.0421143 0.991176
vt 0 0
v 41.588 28.0289 5.26118
vn -0.251703 0.0155038 0.96768
vt 0 0
v 41.673 28.4651 5.26118
vn -0.239114 0.080121 0.96768
vt 0 0
v 41.588 28.0289 5.26118
vn -0.251703 0.0155038 0.96768
vt 0 0
v 41.6635 28.4683 5.25984
vn -0.125686 0.0421143 0.991176
vt 0 0
v 41.578 28.0295 5.25984
vn -0.132304 0.00814931 0.991176
vt 0 0
v 41.578 28.0295 5.25984
vn -0.998108 0.0614791 -1.36397e-012
vt 0 0
v 41.6635 28.4683 5.29921
vn -0.948187 0.317714 -1.3098e-012
vt 0 0
v 41.6635 28.4683 5.25984
vn -0.948187 0.317714 -1.3098e-012
vt 0 0
v 41.6635 28.4683 5.29921
vn -0.948187 0.317714 -1.3098e-012
vt 0 0
v 41.578 28.0295 5.25984
vn -0.998108 0.0614791 -1.36397e-012
vt 0 0
v 41.578 28.0295 5.29921
vn -0.998108 0.0614791 -1.36397e-012
vt 0 0
v 41.578 28.0295 5.25984
vn 0.132304 -0.00814931 0.991176
vt 0 0
v 41.5992 27.5815 5.26118
vn 0.26725 0.0542526 0.962099
vt 0 0
v 41.609 27.5835 5.25984
vn 0.129905 0.026371 0.991176
vt 0 0
v 41.5992 27.5815 5.26118
vn 0.26725 0.0542526 0.962099
vt 0 0
v 41.578 28.0295 5.25984
vn 0.132304 -0.00814931 0.991176
vt 0 0
v 41.568 28.0301 5.26118
vn 0.272186 -0.0167654 0.962099
vt 0 0
v 41.588 28.0289 5.26118
vn -0.251703 0.0155038 0.96768
vt 0 0
v 41.609 27.5835 5.25984
vn -0.129905 -0.026371 0.991176
vt 0 0
v 41.6189 27.5855 5.26118
vn -0.247139 -0.05017 0.96768
vt 0 0
v 41.609 27.5835 5.25984
vn -0.129905 -0.026371 0.991176
vt 0 0
v 41.588 28.0289 5.26118
vn -0.251703 0.0155038 0.96768
vt 0 0
v 41.578 28.0295 5.25984
vn -0.132304 0.00814931 0.991176
vt 0 0
v 41.609 27.5835 5.25984
vn -0.980011 -0.198945 -1.347e-012
vt 0 0
v 41.578 28.0295 5.29921
vn -0.998108 0.0614791 -1.36397e-012
vt 0 0
v 41.578 28.0295 5.25984
vn -0.998108 0.0614791 -1.36397e-012
vt 0 0
v 41.578 28.0295 5.29921
vn -0.998108 0.0614791 -1.36397e-012
vt 0 0
v 41.609 27.5835 5.25984
vn -0.980011 -0.198945 -1.347e-012
vt 0 0
v 41.609 27.5835 5.29921
vn -0.980011 -0.198945 -1.347e-012
vt 0 0
v 41.6189 27.5855 5.26118
vn -0.247139 -0.05017 0.96768
vt 0 0
v 41.7544 27.1607 5.25984
vn -0.118653 -0.0590943 0.991176
vt 0 0
v 41.7634 27.1652 5.26118
vn -0.225733 -0.112425 0.96768
vt 0 0
v 41.7544 27.1607 5.25984
vn -0.118653 -0.0590943 0.991176
vt 0 0
v 41.6189 27.5855 5.26118
vn -0.247139 -0.05017 0.96768
vt 0 0
v 41.609 27.5835 5.25984
vn -0.129905 -0.026371 0.991176
vt 0 0
v 41.7544 27.1607 5.25984
vn -0.895127 -0.445812 -1.25252e-012
vt 0 0
v 41.609 27.5835 5.29921
vn -0.980011 -0.198945 -1.347e-012
vt 0 0
v 41.609 27.5835 5.25984
vn -0.980011 -0.198945 -1.347e-012
vt 0 0
v 41.609 27.5835 5.29921
vn -0.980011 -0.198945 -1.347e-012
vt 0 0
v 41.7544 27.1607 5.25984
vn -0.895127 -0.445812 -1.25252e-012
vt 0 0
v 41.7544 27.1607 5.29921
vn -0.895127 -0.445812 -1.25252e-012
vt 0 0
v 44.6871 26.9969 5.3189
vn 0.722435 -0.478618 -0.499011
vt 0 0
v 44.3968 26.6691 5.3094
vn 0.639899 -0.723904 -0.257861
vt 0 0
v 44.6839 26.999 5.3094
vn 0.805456 -0.533619 -0.257861
vt 0 0
v 44.3968 26.6691 5.3094
vn 0.639899 -0.723904 -0.257861
vt 0 0
v 44.6871 26.9969 5.3189
vn 0.722435 -0.478618 -0.499011
vt 0 0
v 44.3994 26.6662 5.3189
vn 0.573944 -0.649289 -0.499011
vt 0 0
v 44.8758 27.392 5.3094
vn 0.916121 -0.306969 -0.257861
vt 0 0
v 44.6828 26.9998 5.29921
vn 0.833648 -0.552297 5.15173e-013
vt 0 0
v 44.8745 27.3924 5.29921
vn 0.948187 -0.317714 6.24278e-013
vt 0 0
v 44.6828 26.9998 5.29921
vn 0.833648 -0.552297 5.15173e-013
vt 0 0
v 44.8758 27.392 5.3094
vn 0.916121 -0.306969 -0.257861
vt 0 0
v 44.6839 26.999 5.3094
vn 0.805456 -0.533619 -0.257861
vt 0 0
v 44.8745 27.3924 5.29921
vn 0.948187 -0.317714 6.24278e-013
vt 0 0
v 44.9594 27.8212 5.28902
vn 0.964355 -0.0594 0.257861
vt 0 0
v 44.9581 27.8213 5.29921
vn 0.998108 -0.0614791 6.56338e-013
vt 0 0
v 44.9594 27.8212 5.28902
vn 0.964355 -0.0594 0.257861
vt 0 0
v 44.8745 27.3924 5.29921
vn 0.948187 -0.317714 6.24278e-013
vt 0 0
v 44.8758 27.392 5.28902
vn 0.916121 -0.306969 0.257861
vt 0 0
v 44.9594 27.8212 5.28902
vn 0.964355 -0.0594 0.257861
vt 0 0
v 44.9329 28.2583 5.27953
vn 0.849273 0.172405 0.499011
vt 0 0
v 44.9291 28.2575 5.28902
vn 0.946869 0.192217 0.257861
vt 0 0
v 44.9329 28.2583 5.27953
vn 0.849273 0.172405 0.499011
vt 0 0
v 44.9594 27.8212 5.28902
vn 0.964355 -0.0594 0.257861
vt 0 0
v 44.9632 27.821 5.27953
vn 0.864956 -0.0532775 0.499011
vt 0 0
v 44.7903 28.6728 5.27953
vn 0.775713 0.386339 0.499011
vt 0 0
v 44.9389 28.2595 5.27137
vn 0.692881 0.140657 0.707199
vt 0 0
v 44.7958 28.6755 5.27137
vn 0.632867 0.315195 0.707199
vt 0 0
v 44.9389 28.2595 5.27137
vn 0.692881 0.140657 0.707199
vt 0 0
v 44.7903 28.6728 5.27953
vn 0.775713 0.386339 0.499011
vt 0 0
v 44.9329 28.2583 5.27953
vn 0.849273 0.172405 0.499011
vt 0 0
v 44.556 29.0456 5.26512
vn 0.372711 0.32946 0.867492
vt 0 0
v 44.7958 28.6755 5.27137
vn 0.632867 0.315195 0.707199
vt 0 0
v 44.803 28.6791 5.26512
vn 0.445282 0.22177 0.867492
vt 0 0
v 44.7958 28.6755 5.27137
vn 0.632867 0.315195 0.707199
vt 0 0
v 44.556 29.0456 5.26512
vn 0.372711 0.32946 0.867492
vt 0 0
v 44.55 29.0403 5.27137
vn 0.529724 0.468253 0.707199
vt 0 0
v 44.2277 29.3436 5.26118
vn 0.139278 0.210229 0.96768
vt 0 0
v 44.556 29.0456 5.26512
vn 0.372711 0.32946 0.867492
vt 0 0
v 44.563 29.0518 5.26118
vn 0.188944 0.167018 0.96768
vt 0 0
v 44.556 29.0456 5.26512
vn 0.372711 0.32946 0.867492
vt 0 0
v 44.2277 29.3436 5.26118
vn 0.139278 0.210229 0.96768
vt 0 0
v 44.2225 29.3358 5.26512
vn 0.274741 0.414699 0.867492
vt 0 0
v 43.8315 29.5481 5.25984
vn 0.0421143 0.125686 0.991176
vt 0 0
v 44.2277 29.3436 5.26118
vn 0.139278 0.210229 0.96768
vt 0 0
v 44.2332 29.3519 5.25984
vn 0.0732093 0.110504 0.991176
vt 0 0
v 44.2277 29.3436 5.26118
vn 0.139278 0.210229 0.96768
vt 0 0
v 43.8315 29.5481 5.25984
vn 0.0421143 0.125686 0.991176
vt 0 0
v 43.8283 29.5386 5.26118
vn 0.080121 0.239114 0.96768
vt 0 0
v 44.2332 29.3519 5.25984
vn 0.552297 0.833648 1.81104e-013
vt 0 0
v 43.8315 29.5481 5.29921
vn 0.317714 0.948187 -6.919e-014
vt 0 0
v 44.2332 29.3519 5.29921
vn 0.552297 0.833648 1.81104e-013
vt 0 0
v 43.8315 29.5481 5.29921
vn 0.317714 0.948187 -6.919e-014
vt 0 0
v 44.2332 29.3519 5.25984
vn 0.552297 0.833648 1.81104e-013
vt 0 0
v 43.8315 29.5481 5.25984
vn 0.317714 0.948187 -6.919e-014
vt 0 0
v 43.3933 29.6436 5.26118
vn -0.0167654 -0.272186 0.962099
vt 0 0
v 43.8315 29.5481 5.25984
vn -0.0421143 -0.125686 0.991176
vt 0 0
v 43.8347 29.5576 5.26118
vn -0.086641 -0.258572 0.962099
vt 0 0
v 43.8315 29.5481 5.25984
vn -0.0421143 -0.125686 0.991176
vt 0 0
v 43.3933 29.6436 5.26118
vn -0.0167654 -0.272186 0.962099
vt 0 0
v 43.3927 29.6336 5.25984
vn -0.00814931 -0.132304 0.991176
vt 0 0
v 43.8377 29.5665 5.26512
vn -0.163227 -0.487136 0.857937
vt 0 0
v 44.2388 29.3603 5.26118
vn -0.150612 -0.227337 0.962099
vt 0 0
v 44.2439 29.3681 5.26512
vn -0.283745 -0.428291 0.857937
vt 0 0
v 44.2388 29.3603 5.26118
vn -0.150612 -0.227337 0.962099
vt 0 0
v 43.8377 29.5665 5.26512
vn -0.163227 -0.487136 0.857937
vt 0 0
v 43.8347 29.5576 5.26118
vn -0.086641 -0.258572 0.962099
vt 0 0
v 44.2484 29.3748 5.27137
vn -0.39639 -0.598319 0.696341
vt 0 0
v 44.5851 29.0713 5.26512
vn -0.384927 -0.340258 0.857937
vt 0 0
v 44.5911 29.0766 5.27137
vn -0.537739 -0.475338 0.696341
vt 0 0
v 44.5851 29.0713 5.26512
vn -0.384927 -0.340258 0.857937
vt 0 0
v 44.2484 29.3748 5.27137
vn -0.39639 -0.598319 0.696341
vt 0 0
v 44.2439 29.3681 5.26512
vn -0.283745 -0.428291 0.857937
vt 0 0
v 44.5911 29.0766 5.27137
vn -0.537739 -0.475338 0.696341
vt 0 0
v 44.8504 28.7027 5.27953
vn -0.780425 -0.388686 0.489755
vt 0 0
v 44.5957 29.0807 5.27953
vn -0.653234 -0.57743 0.489755
vt 0 0
v 44.8504 28.7027 5.27953
vn -0.780425 -0.388686 0.489755
vt 0 0
v 44.5911 29.0766 5.27137
vn -0.537739 -0.475338 0.696341
vt 0 0
v 44.8449 28.6999 5.27137
vn -0.642443 -0.319964 0.696341
vt 0 0
v 44.8504 28.7027 5.27953
vn -0.780425 -0.388686 0.489755
vt 0 0
v 45.0024 28.2724 5.28902
vn -0.948235 -0.192495 0.252577
vt 0 0
v 44.8539 28.7044 5.28902
vn -0.866104 -0.431357 0.252577
vt 0 0
v 45.0024 28.2724 5.28902
vn -0.948235 -0.192495 0.252577
vt 0 0
v 44.8504 28.7027 5.27953
vn -0.780425 -0.388686 0.489755
vt 0 0
v 44.9986 28.2716 5.27953
vn -0.854432 -0.173452 0.489755
vt 0 0
v 45.0341 27.8166 5.28902
vn -0.965746 0.0594857 0.252577
vt 0 0
v 45.0037 28.2726 5.29921
vn -0.980011 -0.198945 -7.26673e-013
vt 0 0
v 45.0024 28.2724 5.28902
vn -0.948235 -0.192495 0.252577
vt 0 0
v 45.0037 28.2726 5.29921
vn -0.980011 -0.198945 -7.26673e-013
vt 0 0
v 45.0341 27.8166 5.28902
vn -0.965746 0.0594857 0.252577
vt 0 0
v 45.0354 27.8165 5.29921
vn -0.998108 0.0614791 -7.48913e-013
vt 0 0
v 45.0354 27.8165 5.29921
vn -0.998108 0.0614791 -7.48913e-013
vt 0 0
v 44.9467 27.3682 5.3094
vn -0.917443 0.307412 -0.252577
vt 0 0
v 45.0341 27.8166 5.3094
vn -0.965746 0.0594857 -0.252577
vt 0 0
v 44.9467 27.3682 5.3094
vn -0.917443 0.307412 -0.252577
vt 0 0
v 45.0354 27.8165 5.29921
vn -0.998108 0.0614791 -7.48913e-013
vt 0 0
v 44.948 27.3678 5.29921
vn -0.948187 0.317714 -6.83359e-013
vt 0 0
v 44.9467 27.3682 5.3094
vn -0.917443 0.307412 -0.252577
vt 0 0
v 44.7431 26.9598 5.3189
vn -0.726824 0.481525 -0.489755
vt 0 0
v 44.9431 27.3694 5.3189
vn -0.826686 0.277002 -0.489755
vt 0 0
v 44.7431 26.9598 5.3189
vn -0.726824 0.481525 -0.489755
vt 0 0
v 44.9467 27.3682 5.3094
vn -0.917443 0.307412 -0.252577
vt 0 0
v 44.7463 26.9577 5.3094
vn -0.806618 0.534389 -0.252577
vt 0 0
v 44.7431 26.9598 5.3189
vn -0.726824 0.481525 -0.489755
vt 0 0
v 44.4398 26.6205 5.32705
vn -0.475338 0.537739 -0.696341
vt 0 0
v 44.7379 26.9632 5.32705
vn -0.598319 0.39639 -0.696341
vt 0 0
v 44.4398 26.6205 5.32705
vn -0.475338 0.537739 -0.696341
vt 0 0
v 44.7431 26.9598 5.3189
vn -0.726824 0.481525 -0.489755
vt 0 0
v 44.4439 26.6159 5.3189
vn -0.57743 0.653234 -0.489755
vt 0 0
v 44.0342 26.4247 5.3094
vn 0.430735 -0.864855 -0.257861
vt 0 0
v 44.396 26.6701 5.29921
vn 0.662297 -0.749241 3.48874e-013
vt 0 0
v 44.3968 26.6691 5.3094
vn 0.639899 -0.723904 -0.257861
vt 0 0
v 44.396 26.6701 5.29921
vn 0.662297 -0.749241 3.48874e-013
vt 0 0
v 44.0342 26.4247 5.3094
vn 0.430735 -0.864855 -0.257861
vt 0 0
v 44.0336 26.4259 5.29921
vn 0.445812 -0.895127 1.27697e-013
vt 0 0
v 44.4464 26.613 5.3094
vn -0.640823 0.724949 -0.252577
vt 0 0
v 44.0658 26.3612 5.3189
vn -0.388686 0.780425 -0.489755
vt 0 0
v 44.4439 26.6159 5.3189
vn -0.57743 0.653234 -0.489755
vt 0 0
v 44.0658 26.3612 5.3189
vn -0.388686 0.780425 -0.489755
vt 0 0
v 44.4464 26.613 5.3094
vn -0.640823 0.724949 -0.252577
vt 0 0
v 44.0676 26.3577 5.3094
vn -0.431357 0.866104 -0.252577
vt 0 0
v 43.6204 26.2838 5.29921
vn 0.198945 -0.980011 -1.66926e-013
vt 0 0
v 44.0342 26.4247 5.28902
vn 0.430735 -0.864855 0.257861
vt 0 0
v 44.0336 26.4259 5.29921
vn 0.445812 -0.895127 1.27697e-013
vt 0 0
v 44.0342 26.4247 5.28902
vn 0.430735 -0.864855 0.257861
vt 0 0
v 43.6204 26.2838 5.29921
vn 0.198945 -0.980011 -1.66926e-013
vt 0 0
v 43.6206 26.2825 5.28902
vn 0.192217 -0.946869 0.257861
vt 0 0
v 44.0682 26.3565 5.29921
vn -0.445812 0.895127 -1.33755e-013
vt 0 0
v 43.6355 26.2092 5.3094
vn -0.192495 0.948235 -0.252577
vt 0 0
v 44.0676 26.3577 5.3094
vn -0.431357 0.866104 -0.252577
vt 0 0
v 43.6355 26.2092 5.3094
vn -0.192495 0.948235 -0.252577
vt 0 0
v 44.0682 26.3565 5.29921
vn -0.445812 0.895127 -1.33755e-013
vt 0 0
v 43.6358 26.2079 5.29921
vn -0.198945 0.980011 1.30063e-013
vt 0 0
v 43.1844 26.2522 5.28902
vn -0.0594 -0.964355 0.257861
vt 0 0
v 43.6214 26.2787 5.27953
vn 0.172405 -0.849273 0.499011
vt 0 0
v 43.6206 26.2825 5.28902
vn 0.192217 -0.946869 0.257861
vt 0 0
v 43.6214 26.2787 5.27953
vn 0.172405 -0.849273 0.499011
vt 0 0
v 43.1844 26.2522 5.28902
vn -0.0594 -0.964355 0.257861
vt 0 0
v 43.1842 26.2484 5.27953
vn -0.0532775 -0.864956 0.499011
vt 0 0
v 43.6355 26.2092 5.28902
vn -0.192495 0.948235 0.252577
vt 0 0
v 43.1797 26.1762 5.29921
vn 0.0614791 0.998108 3.94776e-013
vt 0 0
v 43.6358 26.2079 5.29921
vn -0.198945 0.980011 1.30063e-013
vt 0 0
v 43.1797 26.1762 5.29921
vn 0.0614791 0.998108 3.94776e-013
vt 0 0
v 43.6355 26.2092 5.28902
vn -0.192495 0.948235 0.252577
vt 0 0
v 43.1798 26.1775 5.28902
vn 0.0594857 0.965746 0.252577
vt 0 0
v 42.7539 26.3322 5.27953
vn -0.275329 -0.821694 0.499011
vt 0 0
v 43.1838 26.2422 5.27137
vn -0.0434666 -0.705677 0.707199
vt 0 0
v 43.1842 26.2484 5.27953
vn -0.0532775 -0.864956 0.499011
vt 0 0
v 43.1838 26.2422 5.27137
vn -0.0434666 -0.705677 0.707199
vt 0 0
v 42.7539 26.3322 5.27953
vn -0.275329 -0.821694 0.499011
vt 0 0
v 42.752 26.3263 5.27137
vn -0.224628 -0.670381 0.707199
vt 0 0
v 43.18 26.1814 5.27953
vn 0.0536011 0.870211 0.489755
vt 0 0
v 42.7314 26.2649 5.28902
vn 0.307412 0.917443 0.252577
vt 0 0
v 43.1798 26.1775 5.28902
vn 0.0594857 0.965746 0.252577
vt 0 0
v 42.7314 26.2649 5.28902
vn 0.307412 0.917443 0.252577
vt 0 0
v 43.18 26.1814 5.27953
vn 0.0536011 0.870211 0.489755
vt 0 0
v 42.7326 26.2685 5.27953
vn 0.277002 0.826686 0.489755
vt 0 0
v 42.3567 26.5194 5.27137
vn -0.390482 -0.589401 0.707199
vt 0 0
v 42.7494 26.3187 5.26512
vn -0.158047 -0.471677 0.867492
vt 0 0
v 42.752 26.3263 5.27137
vn -0.224628 -0.670381 0.707199
vt 0 0
v 42.7494 26.3187 5.26512
vn -0.158047 -0.471677 0.867492
vt 0 0
v 42.3567 26.5194 5.27137
vn -0.390482 -0.589401 0.707199
vt 0 0
v 42.3522 26.5127 5.26512
vn -0.274741 -0.414699 0.867492
vt 0 0
v 42.7346 26.2744 5.27137
vn 0.228027 0.680525 0.696341
vt 0 0
v 42.323 26.4685 5.27953
vn 0.481525 0.726824 0.489755
vt 0 0
v 42.7326 26.2685 5.27953
vn 0.277002 0.826686 0.489755
vt 0 0
v 42.323 26.4685 5.27953
vn 0.481525 0.726824 0.489755
vt 0 0
v 42.7346 26.2744 5.27137
vn 0.228027 0.680525 0.696341
vt 0 0
v 42.3264 26.4737 5.27137
vn 0.39639 0.598319 0.696341
vt 0 0
v 42.0188 26.8028 5.26512
vn -0.372711 -0.32946 0.867492
vt 0 0
v 42.3471 26.5049 5.26118
vn -0.139278 -0.210229 0.96768
vt 0 0
v 42.3522 26.5127 5.26512
vn -0.274741 -0.414699 0.867492
vt 0 0
v 42.3471 26.5049 5.26118
vn -0.139278 -0.210229 0.96768
vt 0 0
v 42.0188 26.8028 5.26512
vn -0.372711 -0.32946 0.867492
vt 0 0
v 42.0117 26.7966 5.26118
vn -0.188944 -0.167018 0.96768
vt 0 0
v 41.9897 26.7771 5.26512
vn 0.384927 0.340258 0.857937
vt 0 0
v 42.3264 26.4737 5.27137
vn 0.39639 0.598319 0.696341
vt 0 0
v 42.3308 26.4804 5.26512
vn 0.283745 0.428291 0.857937
vt 0 0
v 42.3264 26.4737 5.27137
vn 0.39639 0.598319 0.696341
vt 0 0
v 41.9897 26.7771 5.26512
vn 0.384927 0.340258 0.857937
vt 0 0
v 41.9837 26.7718 5.27137
vn 0.537739 0.475338 0.696341
vt 0 0
v 41.7634 27.1652 5.26118
vn -0.225733 -0.112425 0.96768
vt 0 0
v 42.0042 26.79 5.25984
vn -0.0993152 -0.0877903 0.991176
vt 0 0
v 42.0117 26.7966 5.26118
vn -0.188944 -0.167018 0.96768
vt 0 0
v 42.0042 26.79 5.25984
vn -0.0993152 -0.0877903 0.991176
vt 0 0
v 41.7634 27.1652 5.26118
vn -0.225733 -0.112425 0.96768
vt 0 0
v 41.7544 27.1607 5.25984
vn -0.118653 -0.0590943 0.991176
vt 0 0
v 42.0042 26.79 5.25984
vn -0.749241 -0.662297 -1.09187e-012
vt 0 0
v 41.7544 27.1607 5.29921
vn -0.895127 -0.445812 -1.25252e-012
vt 0 0
v 41.7544 27.1607 5.25984
vn -0.895127 -0.445812 -1.25252e-012
vt 0 0
v 41.7544 27.1607 5.29921
vn -0.895127 -0.445812 -1.25252e-012
vt 0 0
v 42.0042 26.79 5.25984
vn -0.749241 -0.662297 -1.09187e-012
vt 0 0
v 42.0042 26.79 5.29921
vn -0.749241 -0.662297 -1.09187e-012
vt 0 0
v 41.7454 27.1563 5.26118
vn 0.244102 0.121573 0.962099
vt 0 0
v 41.9897 26.7771 5.26512
vn 0.384927 0.340258 0.857937
vt 0 0
v 41.9967 26.7833 5.26118
vn 0.204319 0.180609 0.962099
vt 0 0
v 41.9897 26.7771 5.26512
vn 0.384927 0.340258 0.857937
vt 0 0
v 41.7454 27.1563 5.26118
vn 0.244102 0.121573 0.962099
vt 0 0
v 41.737 27.1521 5.26512
vn 0.459876 0.229038 0.857937
vt 0 0
v 41.609 27.5835 5.25984
vn 0.129905 0.026371 0.991176
vt 0 0
v 41.7454 27.1563 5.26118
vn 0.244102 0.121573 0.962099
vt 0 0
v 41.7544 27.1607 5.25984
vn 0.118653 0.0590943 0.991176
vt 0 0
v 41.7454 27.1563 5.26118
vn 0.244102 0.121573 0.962099
vt 0 0
v 41.609 27.5835 5.25984
vn 0.129905 0.026371 0.991176
vt 0 0
v 41.5992 27.5815 5.26118
vn 0.26725 0.0542526 0.962099
vt 0 0
v 44.2332 29.3519 5.23622
vn 0.552297 0.833648 1.44574e-012
vt 0 0
v 43.8315 29.5481 5.25984
vn 0.317714 0.948187 1.29193e-012
vt 0 0
v 44.2332 29.3519 5.25984
vn 0.552297 0.833648 1.44574e-012
vt 0 0
v 43.8315 29.5481 5.25984
vn 0.317714 0.948187 1.29193e-012
vt 0 0
v 44.2332 29.3519 5.23622
vn 0.552297 0.833648 1.44574e-012
vt 0 0
v 43.8315 29.5481 5.23622
vn 0.317714 0.948187 1.29193e-012
vt 0 0
v 43.8315 29.5481 5.23622
vn 0.317714 0.948187 1.29193e-012
vt 0 0
v 43.3927 29.6336 5.25984
vn 0.0614791 0.998108 9.42968e-013
vt 0 0
v 43.8315 29.5481 5.25984
vn 0.317714 0.948187 1.29193e-012
vt 0 0
v 43.3927 29.6336 5.25984
vn 0.0614791 0.998108 9.42968e-013
vt 0 0
v 43.8315 29.5481 5.23622
vn 0.317714 0.948187 1.29193e-012
vt 0 0
v 43.3927 29.6336 5.23622
vn 0.0614791 0.998108 9.42968e-013
vt 0 0
v 43.3927 29.6336 5.23622
vn 0.0614791 0.998108 9.42968e-013
vt 0 0
v 42.9467 29.6026 5.25984
vn -0.198945 0.980011 6.27478e-013
vt 0 0
v 43.3927 29.6336 5.25984
vn 0.0614791 0.998108 9.42968e-013
vt 0 0
v 42.9467 29.6026 5.25984
vn -0.198945 0.980011 6.27478e-013
vt 0 0
v 43.3927 29.6336 5.23622
vn 0.0614791 0.998108 9.42968e-013
vt 0 0
v 42.9467 29.6026 5.23622
vn -0.198945 0.980011 6.27478e-013
vt 0 0
v 42.9467 29.6026 5.23622
vn -0.198945 0.980011 6.27478e-013
vt 0 0
v 42.5239 29.4572 5.25984
vn -0.445812 0.895127 3.19949e-013
vt 0 0
v 42.9467 29.6026 5.25984
vn -0.198945 0.980011 6.27478e-013
vt 0 0
v 42.5239 29.4572 5.25984
vn -0.445812 0.895127 3.19949e-013
vt 0 0
v 42.9467 29.6026 5.23622
vn -0.198945 0.980011 6.27478e-013
vt 0 0
v 42.5239 29.4572 5.23622
vn -0.445812 0.895127 3.19949e-013
vt 0 0
v 42.5239 29.4572 5.23622
vn -0.445812 0.895127 3.19949e-013
vt 0 0
v 42.1531 29.2074 5.25984
vn -0.662297 0.749241 2.78388e-014
vt 0 0
v 42.5239 29.4572 5.25984
vn -0.445812 0.895127 3.19949e-013
vt 0 0
v 42.1531 29.2074 5.25984
vn -0.662297 0.749241 2.78388e-014
vt 0 0
v 42.5239 29.4572 5.23622
vn -0.445812 0.895127 3.19949e-013
vt 0 0
v 42.1531 29.2074 5.23622
vn -0.662297 0.749241 2.78388e-014
vt 0 0
v 41.8597 28.8701 5.23622
vn -0.833648 0.552297 -2.11737e-013
vt 0 0
v 42.1531 29.2074 5.25984
vn -0.662297 0.749241 2.78388e-014
vt 0 0
v 42.1531 29.2074 5.23622
vn -0.662297 0.749241 2.78388e-014
vt 0 0
v 42.1531 29.2074 5.25984
vn -0.662297 0.749241 2.78388e-014
vt 0 0
v 41.8597 28.8701 5.23622
vn -0.833648 0.552297 -2.11737e-013
vt 0 0
v 41.8597 28.8701 5.25984
vn -0.833648 0.552297 -2.11737e-013
vt 0 0
v 41.6635 28.4683 5.23622
vn -0.948187 0.317714 -3.49074e-013
vt 0 0
v 41.8597 28.8701 5.25984
vn -0.833648 0.552297 -2.11737e-013
vt 0 0
v 41.8597 28.8701 5.23622
vn -0.833648 0.552297 -2.11737e-013
vt 0 0
v 41.8597 28.8701 5.25984
vn -0.833648 0.552297 -2.11737e-013
vt 0 0
v 41.6635 28.4683 5.23622
vn -0.948187 0.317714 -3.49074e-013
vt 0 0
v 41.6635 28.4683 5.25984
vn -0.948187 0.317714 -3.49074e-013
vt 0 0
v 41.578 28.0295 5.23622
vn -0.998108 0.0614791 -3.76682e-013
vt 0 0
v 41.6635 28.4683 5.25984
vn -0.948187 0.317714 -3.49074e-013
vt 0 0
v 41.6635 28.4683 5.23622
vn -0.948187 0.317714 -3.49074e-013
vt 0 0
v 41.6635 28.4683 5.25984
vn -0.948187 0.317714 -3.49074e-013
vt 0 0
v 41.578 28.0295 5.23622
vn -0.998108 0.0614791 -3.76682e-013
vt 0 0
v 41.578 28.0295 5.25984
vn -0.998108 0.0614791 -3.76682e-013
vt 0 0
v 41.578 28.0295 5.23622
vn -0.998108 0.0614791 -3.76682e-013
vt 0 0
v 41.609 27.5835 5.25984
vn -0.980011 -0.198945 -3.46808e-013
vt 0 0
v 41.578 28.0295 5.25984
vn -0.998108 0.0614791 -3.76682e-013
vt 0 0
v 41.609 27.5835 5.25984
vn -0.980011 -0.198945 -3.46808e-013
vt 0 0
v 41.578 28.0295 5.23622
vn -0.998108 0.0614791 -3.76682e-013
vt 0 0
v 41.609 27.5835 5.23622
vn -0.980011 -0.198945 -3.46808e-013
vt 0 0
v 41.609 27.5835 5.23622
vn -0.980011 -0.198945 -3.46808e-013
vt 0 0
v 41.7544 27.1607 5.25984
vn -0.895127 -0.445812 -3.26406e-013
vt 0 0
v 41.609 27.5835 5.25984
vn -0.980011 -0.198945 -3.46808e-013
vt 0 0
v 41.7544 27.1607 5.25984
vn -0.895127 -0.445812 -3.26406e-013
vt 0 0
v 41.609 27.5835 5.23622
vn -0.980011 -0.198945 -3.46808e-013
vt 0 0
v 41.7544 27.1607 5.23622
vn -0.895127 -0.445812 -3.26406e-013
vt 0 0
v 41.7544 27.1607 5.23622
vn -0.895127 -0.445812 -3.26406e-013
vt 0 0
v 42.0042 26.79 5.25984
vn -0.749241 -0.662297 -2.72708e-013
vt 0 0
v 41.7544 27.1607 5.25984
vn -0.895127 -0.445812 -3.26406e-013
vt 0 0
v 42.0042 26.79 5.25984
vn -0.749241 -0.662297 -2.72708e-013
vt 0 0
v 41.7544 27.1607 5.23622
vn -0.895127 -0.445812 -3.26406e-013
vt 0 0
v 42.0042 26.79 5.23622
vn -0.749241 -0.662297 -2.72708e-013
vt 0 0
v 44.6839 26.999 5.3094
vn 0.805456 -0.533619 -0.257861
vt 0 0
v 44.396 26.6701 5.29921
vn 0.662297 -0.749241 3.48874e-013
vt 0 0
v 44.6828 26.9998 5.29921
vn 0.833648 -0.552297 5.15173e-013
vt 0 0
v 44.396 26.6701 5.29921
vn 0.662297 -0.749241 3.48874e-013
vt 0 0
v 44.6839 26.999 5.3094
vn 0.805456 -0.533619 -0.257861
vt 0 0
v 44.3968 26.6691 5.3094
vn 0.639899 -0.723904 -0.257861
vt 0 0
v 44.6828 26.9998 5.29921
vn 0.833648 -0.552297 5.15173e-013
vt 0 0
v 44.8758 27.392 5.28902
vn 0.916121 -0.306969 0.257861
vt 0 0
v 44.8745 27.3924 5.29921
vn 0.948187 -0.317714 6.24278e-013
vt 0 0
v 44.8758 27.392 5.28902
vn 0.916121 -0.306969 0.257861
vt 0 0
v 44.6828 26.9998 5.29921
vn 0.833648 -0.552297 5.15173e-013
vt 0 0
v 44.6839 26.999 5.28902
vn 0.805456 -0.533619 0.257861
vt 0 0
v 44.8758 27.392 5.28902
vn 0.916121 -0.306969 0.257861
vt 0 0
v 44.9632 27.821 5.27953
vn 0.864956 -0.0532775 0.499011
vt 0 0
v 44.9594 27.8212 5.28902
vn 0.964355 -0.0594 0.257861
vt 0 0
v 44.9632 27.821 5.27953
vn 0.864956 -0.0532775 0.499011
vt 0 0
v 44.8758 27.392 5.28902
vn 0.916121 -0.306969 0.257861
vt 0 0
v 44.8794 27.3908 5.27953
vn 0.821694 -0.275329 0.499011
vt 0 0
v 44.9632 27.821 5.27953
vn 0.864956 -0.0532775 0.499011
vt 0 0
v 44.9389 28.2595 5.27137
vn 0.692881 0.140657 0.707199
vt 0 0
v 44.9329 28.2583 5.27953
vn 0.849273 0.172405 0.499011
vt 0 0
v 44.9389 28.2595 5.27137
vn 0.692881 0.140657 0.707199
vt 0 0
v 44.9632 27.821 5.27953
vn 0.864956 -0.0532775 0.499011
vt 0 0
v 44.9694 27.8206 5.27137
vn 0.705677 -0.0434666 0.707199
vt 0 0
v 44.803 28.6791 5.26512
vn 0.445282 0.22177 0.867492
vt 0 0
v 44.9389 28.2595 5.27137
vn 0.692881 0.140657 0.707199
vt 0 0
v 44.9468 28.2611 5.26512
vn 0.487508 0.0989656 0.867492
vt 0 0
v 44.9389 28.2595 5.27137
vn 0.692881 0.140657 0.707199
vt 0 0
v 44.803 28.6791 5.26512
vn 0.445282 0.22177 0.867492
vt 0 0
v 44.7958 28.6755 5.27137
vn 0.632867 0.315195 0.707199
vt 0 0
v 44.563 29.0518 5.26118
vn 0.188944 0.167018 0.96768
vt 0 0
v 44.803 28.6791 5.26512
vn 0.445282 0.22177 0.867492
vt 0 0
v 44.8114 28.6832 5.26118
vn 0.225733 0.112425 0.96768
vt 0 0
v 44.803 28.6791 5.26512
vn 0.445282 0.22177 0.867492
vt 0 0
v 44.563 29.0518 5.26118
vn 0.188944 0.167018 0.96768
vt 0 0
v 44.556 29.0456 5.26512
vn 0.372711 0.32946 0.867492
vt 0 0
v 44.5705 29.0585 5.23622
vn 0.749241 0.662297 1.44457e-012
vt 0 0
v 44.2332 29.3519 5.25984
vn 0.552297 0.833648 1.44574e-012
vt 0 0
v 44.5705 29.0585 5.25984
vn 0.749241 0.662297 1.44457e-012
vt 0 0
v 44.2332 29.3519 5.25984
vn 0.552297 0.833648 1.44574e-012
vt 0 0
v 44.5705 29.0585 5.23622
vn 0.749241 0.662297 1.44457e-012
vt 0 0
v 44.2332 29.3519 5.23622
vn 0.552297 0.833648 1.44574e-012
vt 0 0
v 44.2332 29.3519 5.25984
vn 0.0732093 0.110504 0.991176
vt 0 0
v 44.563 29.0518 5.26118
vn 0.188944 0.167018 0.96768
vt 0 0
v 44.5705 29.0585 5.25984
vn 0.0993152 0.0877903 0.991176
vt 0 0
v 44.563 29.0518 5.26118
vn 0.188944 0.167018 0.96768
vt 0 0
v 44.2332 29.3519 5.25984
vn 0.0732093 0.110504 0.991176
vt 0 0
v 44.2277 29.3436 5.26118
vn 0.139278 0.210229 0.96768
vt 0 0
v 44.5705 29.0585 5.25984
vn 0.749241 0.662297 4.02182e-013
vt 0 0
v 44.2332 29.3519 5.29921
vn 0.552297 0.833648 1.81104e-013
vt 0 0
v 44.5705 29.0585 5.29921
vn 0.749241 0.662297 4.02182e-013
vt 0 0
v 44.2332 29.3519 5.29921
vn 0.552297 0.833648 1.81104e-013
vt 0 0
v 44.5705 29.0585 5.25984
vn 0.749241 0.662297 4.02182e-013
vt 0 0
v 44.2332 29.3519 5.25984
vn 0.552297 0.833648 1.81104e-013
vt 0 0
v 43.8347 29.5576 5.26118
vn -0.086641 -0.258572 0.962099
vt 0 0
v 44.2332 29.3519 5.25984
vn -0.0732093 -0.110504 0.991176
vt 0 0
v 44.2388 29.3603 5.26118
vn -0.150612 -0.227337 0.962099
vt 0 0
v 44.2332 29.3519 5.25984
vn -0.0732093 -0.110504 0.991176
vt 0 0
v 43.8347 29.5576 5.26118
vn -0.086641 -0.258572 0.962099
vt 0 0
v 43.8315 29.5481 5.25984
vn -0.0421143 -0.125686 0.991176
vt 0 0
v 44.2439 29.3681 5.26512
vn -0.283745 -0.428291 0.857937
vt 0 0
v 44.578 29.0651 5.26118
vn -0.204319 -0.180609 0.962099
vt 0 0
v 44.5851 29.0713 5.26512
vn -0.384927 -0.340258 0.857937
vt 0 0
v 44.578 29.0651 5.26118
vn -0.204319 -0.180609 0.962099
vt 0 0
v 44.2439 29.3681 5.26512
vn -0.283745 -0.428291 0.857937
vt 0 0
v 44.2388 29.3603 5.26118
vn -0.150612 -0.227337 0.962099
vt 0 0
v 44.5911 29.0766 5.27137
vn -0.537739 -0.475338 0.696341
vt 0 0
v 44.8377 28.6964 5.26512
vn -0.459876 -0.229038 0.857937
vt 0 0
v 44.8449 28.6999 5.27137
vn -0.642443 -0.319964 0.696341
vt 0 0
v 44.8377 28.6964 5.26512
vn -0.459876 -0.229038 0.857937
vt 0 0
v 44.5911 29.0766 5.27137
vn -0.537739 -0.475338 0.696341
vt 0 0
v 44.5851 29.0713 5.26512
vn -0.384927 -0.340258 0.857937
vt 0 0
v 44.8449 28.6999 5.27137
vn -0.642443 -0.319964 0.696341
vt 0 0
v 44.9986 28.2716 5.27953
vn -0.854432 -0.173452 0.489755
vt 0 0
v 44.8504 28.7027 5.27953
vn -0.780425 -0.388686 0.489755
vt 0 0
v 44.9986 28.2716 5.27953
vn -0.854432 -0.173452 0.489755
vt 0 0
v 44.8449 28.6999 5.27137
vn -0.642443 -0.319964 0.696341
vt 0 0
v 44.9926 28.2704 5.27137
vn -0.703365 -0.142785 0.696341
vt 0 0
v 45.0302 27.8169 5.27953
vn -0.870211 0.0536011 0.489755
vt 0 0
v 45.0024 28.2724 5.28902
vn -0.948235 -0.192495 0.252577
vt 0 0
v 44.9986 28.2716 5.27953
vn -0.854432 -0.173452 0.489755
vt 0 0
v 45.0024 28.2724 5.28902
vn -0.948235 -0.192495 0.252577
vt 0 0
v 45.0302 27.8169 5.27953
vn -0.870211 0.0536011 0.489755
vt 0 0
v 45.0341 27.8166 5.28902
vn -0.965746 0.0594857 0.252577
vt 0 0
v 44.9467 27.3682 5.28902
vn -0.917443 0.307412 0.252577
vt 0 0
v 45.0354 27.8165 5.29921
vn -0.998108 0.0614791 -7.48913e-013
vt 0 0
v 45.0341 27.8166 5.28902
vn -0.965746 0.0594857 0.252577
vt 0 0
v 45.0354 27.8165 5.29921
vn -0.998108 0.0614791 -7.48913e-013
vt 0 0
v 44.9467 27.3682 5.28902
vn -0.917443 0.307412 0.252577
vt 0 0
v 44.948 27.3678 5.29921
vn -0.948187 0.317714 -6.83359e-013
vt 0 0
v 44.948 27.3678 5.29921
vn -0.948187 0.317714 -6.83359e-013
vt 0 0
v 44.7463 26.9577 5.3094
vn -0.806618 0.534389 -0.252577
vt 0 0
v 44.9467 27.3682 5.3094
vn -0.917443 0.307412 -0.252577
vt 0 0
v 44.7463 26.9577 5.3094
vn -0.806618 0.534389 -0.252577
vt 0 0
v 44.948 27.3678 5.29921
vn -0.948187 0.317714 -6.83359e-013
vt 0 0
v 44.7474 26.957 5.29921
vn -0.833648 0.552297 -5.47793e-013
vt 0 0
v 44.7463 26.9577 5.3094
vn -0.806618 0.534389 -0.252577
vt 0 0
v 44.4439 26.6159 5.3189
vn -0.57743 0.653234 -0.489755
vt 0 0
v 44.7431 26.9598 5.3189
vn -0.726824 0.481525 -0.489755
vt 0 0
v 44.4439 26.6159 5.3189
vn -0.57743 0.653234 -0.489755
vt 0 0
v 44.7463 26.9577 5.3094
vn -0.806618 0.534389 -0.252577
vt 0 0
v 44.4464 26.613 5.3094
vn -0.640823 0.724949 -0.252577
vt 0 0
v 44.0336 26.4259 5.29921
vn 0.445812 -0.895127 1.27697e-013
vt 0 0
v 44.3968 26.6691 5.28902
vn 0.639899 -0.723904 0.257861
vt 0 0
v 44.396 26.6701 5.29921
vn 0.662297 -0.749241 3.48874e-013
vt 0 0
v 44.3968 26.6691 5.28902
vn 0.639899 -0.723904 0.257861
vt 0 0
v 44.0336 26.4259 5.29921
vn 0.445812 -0.895127 1.27697e-013
vt 0 0
v 44.0342 26.4247 5.28902
vn 0.430735 -0.864855 0.257861
vt 0 0
v 44.4473 26.612 5.29921
vn -0.662297 0.749241 -3.65003e-013
vt 0 0
v 44.0676 26.3577 5.3094
vn -0.431357 0.866104 -0.252577
vt 0 0
v 44.4464 26.613 5.3094
vn -0.640823 0.724949 -0.252577
vt 0 0
v 44.0676 26.3577 5.3094
vn -0.431357 0.866104 -0.252577
vt 0 0
v 44.4473 26.612 5.29921
vn -0.662297 0.749241 -3.65003e-013
vt 0 0
v 44.0682 26.3565 5.29921
vn -0.445812 0.895127 -1.33755e-013
vt 0 0
v 43.6206 26.2825 5.28902
vn 0.192217 -0.946869 0.257861
vt 0 0
v 44.0359 26.4213 5.27953
vn 0.386339 -0.775713 0.499011
vt 0 0
v 44.0342 26.4247 5.28902
vn 0.430735 -0.864855 0.257861
vt 0 0
v 44.0359 26.4213 5.27953
vn 0.386339 -0.775713 0.499011
vt 0 0
v 43.6206 26.2825 5.28902
vn 0.192217 -0.946869 0.257861
vt 0 0
v 43.6214 26.2787 5.27953
vn 0.172405 -0.849273 0.499011
vt 0 0
v 44.0676 26.3577 5.28902
vn -0.431357 0.866104 0.252577
vt 0 0
v 43.6358 26.2079 5.29921
vn -0.198945 0.980011 1.30063e-013
vt 0 0
v 44.0682 26.3565 5.29921
vn -0.445812 0.895127 -1.33755e-013
vt 0 0
v 43.6358 26.2079 5.29921
vn -0.198945 0.980011 1.30063e-013
vt 0 0
v 44.0676 26.3577 5.28902
vn -0.431357 0.866104 0.252577
vt 0 0
v 43.6355 26.2092 5.28902
vn -0.192495 0.948235 0.252577
vt 0 0
v 43.1842 26.2484 5.27953
vn -0.0532775 -0.864956 0.499011
vt 0 0
v 43.6226 26.2727 5.27137
vn 0.140657 -0.692881 0.707199
vt 0 0
v 43.6214 26.2787 5.27953
vn 0.172405 -0.849273 0.499011
vt 0 0
v 43.6226 26.2727 5.27137
vn 0.140657 -0.692881 0.707199
vt 0 0
v 43.1842 26.2484 5.27953
vn -0.0532775 -0.864956 0.499011
vt 0 0
v 43.1838 26.2422 5.27137
vn -0.0434666 -0.705677 0.707199
vt 0 0
v 43.6348 26.213 5.27953
vn -0.173452 0.854432 0.489755
vt 0 0
v 43.1798 26.1775 5.28902
vn 0.0594857 0.965746 0.252577
vt 0 0
v 43.6355 26.2092 5.28902
vn -0.192495 0.948235 0.252577
vt 0 0
v 43.1798 26.1775 5.28902
vn 0.0594857 0.965746 0.252577
vt 0 0
v 43.6348 26.213 5.27953
vn -0.173452 0.854432 0.489755
vt 0 0
v 43.18 26.1814 5.27953
vn 0.0536011 0.870211 0.489755
vt 0 0
v 42.752 26.3263 5.27137
vn -0.224628 -0.670381 0.707199
vt 0 0
v 43.1833 26.2342 5.26512
vn -0.0305828 -0.49651 0.867492
vt 0 0
v 43.1838 26.2422 5.27137
vn -0.0434666 -0.705677 0.707199
vt 0 0
v 43.1833 26.2342 5.26512
vn -0.0305828 -0.49651 0.867492
vt 0 0
v 42.752 26.3263 5.27137
vn -0.224628 -0.670381 0.707199
vt 0 0
v 42.7494 26.3187 5.26512
vn -0.158047 -0.471677 0.867492
vt 0 0
v 43.1804 26.1875 5.27137
vn 0.0441242 0.716354 0.696341
vt 0 0
v 42.7326 26.2685 5.27953
vn 0.277002 0.826686 0.489755
vt 0 0
v 43.18 26.1814 5.27953
vn 0.0536011 0.870211 0.489755
vt 0 0
v 42.7326 26.2685 5.27953
vn 0.277002 0.826686 0.489755
vt 0 0
v 43.1804 26.1875 5.27137
vn 0.0441242 0.716354 0.696341
vt 0 0
v 42.7346 26.2744 5.27137
vn 0.228027 0.680525 0.696341
vt 0 0
v 42.3522 26.5127 5.26512
vn -0.274741 -0.414699 0.867492
vt 0 0
v 42.7465 26.3099 5.26118
vn -0.080121 -0.239114 0.96768
vt 0 0
v 42.7494 26.3187 5.26512
vn -0.158047 -0.471677 0.867492
vt 0 0
v 42.7465 26.3099 5.26118
vn -0.080121 -0.239114 0.96768
vt 0 0
v 42.3522 26.5127 5.26512
vn -0.274741 -0.414699 0.867492
vt 0 0
v 42.3471 26.5049 5.26118
vn -0.139278 -0.210229 0.96768
vt 0 0
v 42.3308 26.4804 5.26512
vn 0.283745 0.428291 0.857937
vt 0 0
v 42.7346 26.2744 5.27137
vn 0.228027 0.680525 0.696341
vt 0 0
v 42.7371 26.282 5.26512
vn 0.163227 0.487136 0.857937
vt 0 0
v 42.7346 26.2744 5.27137
vn 0.228027 0.680525 0.696341
vt 0 0
v 42.3308 26.4804 5.26512
vn 0.283745 0.428291 0.857937
vt 0 0
v 42.3264 26.4737 5.27137
vn 0.39639 0.598319 0.696341
vt 0 0
v 42.0117 26.7966 5.26118
vn -0.188944 -0.167018 0.96768
vt 0 0
v 42.3415 26.4965 5.25984
vn -0.0732093 -0.110504 0.991176
vt 0 0
v 42.3471 26.5049 5.26118
vn -0.139278 -0.210229 0.96768
vt 0 0
v 42.3415 26.4965 5.25984
vn -0.0732093 -0.110504 0.991176
vt 0 0
v 42.0117 26.7966 5.26118
vn -0.188944 -0.167018 0.96768
vt 0 0
v 42.0042 26.79 5.25984
vn -0.0993152 -0.0877903 0.991176
vt 0 0
v 42.0042 26.79 5.25984
vn -0.749241 -0.662297 -2.72708e-013
vt 0 0
v 42.3415 26.4965 5.23622
vn -0.552297 -0.833648 -1.92265e-014
vt 0 0
v 42.3415 26.4965 5.25984
vn -0.552297 -0.833648 -1.92265e-014
vt 0 0
v 42.3415 26.4965 5.23622
vn -0.552297 -0.833648 -1.92265e-014
vt 0 0
v 42.0042 26.79 5.25984
vn -0.749241 -0.662297 -2.72708e-013
vt 0 0
v 42.0042 26.79 5.23622
vn -0.749241 -0.662297 -2.72708e-013
vt 0 0
v 42.0042 26.79 5.29921
vn -0.749241 -0.662297 -1.09187e-012
vt 0 0
v 42.3415 26.4965 5.25984
vn -0.552297 -0.833648 -8.95909e-013
vt 0 0
v 42.3415 26.4965 5.29921
vn -0.552297 -0.833648 -8.95909e-013
vt 0 0
v 42.3415 26.4965 5.25984
vn -0.552297 -0.833648 -8.95909e-013
vt 0 0
v 42.0042 26.79 5.29921
vn -0.749241 -0.662297 -1.09187e-012
vt 0 0
v 42.0042 26.79 5.25984
vn -0.749241 -0.662297 -1.09187e-012
vt 0 0
v 41.9967 26.7833 5.26118
vn 0.204319 0.180609 0.962099
vt 0 0
v 42.3308 26.4804 5.26512
vn 0.283745 0.428291 0.857937
vt 0 0
v 42.336 26.4882 5.26118
vn 0.150612 0.227337 0.962099
vt 0 0
v 42.3308 26.4804 5.26512
vn 0.283745 0.428291 0.857937
vt 0 0
v 41.9967 26.7833 5.26118
vn 0.204319 0.180609 0.962099
vt 0 0
v 41.9897 26.7771 5.26512
vn 0.384927 0.340258 0.857937
vt 0 0
v 41.7544 27.1607 5.25984
vn 0.118653 0.0590943 0.991176
vt 0 0
v 41.9967 26.7833 5.26118
vn 0.204319 0.180609 0.962099
vt 0 0
v 42.0042 26.79 5.25984
vn 0.0993152 0.0877903 0.991176
vt 0 0
v 41.9967 26.7833 5.26118
vn 0.204319 0.180609 0.962099
vt 0 0
v 41.7544 27.1607 5.25984
vn 0.118653 0.0590943 0.991176
vt 0 0
v 41.7454 27.1563 5.26118
vn 0.244102 0.121573 0.962099
vt 0 0
v 44.1723 28.7065 4.76839e-007
vn 0.745411 0.658911 -0.100985
vt 0 0
v 44.2332 29.3519 5.23622
vn 0.549473 0.829386 -0.100985
vt 0 0
v 44.5705 29.0585 5.23622
vn 0.745411 0.658911 -0.100985
vt 0 0
v 44.2332 29.3519 5.23622
vn 0.549473 0.829386 -0.100985
vt 0 0
v 44.1723 28.7065 4.76839e-007
vn 0.745411 0.658911 -0.100985
vt 0 0
v 43.9397 28.9088 4.76839e-007
vn 0.549473 0.829386 -0.100985
vt 0 0
v 43.9397 28.9088 4.76839e-007
vn 0.549473 0.829386 -0.100985
vt 0 0
v 43.8315 29.5481 5.23622
vn 0.31609 0.94334 -0.100985
vt 0 0
v 44.2332 29.3519 5.23622
vn 0.549473 0.829386 -0.100985
vt 0 0
v 43.8315 29.5481 5.23622
vn 0.31609 0.94334 -0.100985
vt 0 0
v 43.9397 28.9088 4.76839e-007
vn 0.549473 0.829386 -0.100985
vt 0 0
v 43.6626 29.0441 4.76839e-007
vn 0.31609 0.94334 -0.100985
vt 0 0
v 43.6626 29.0441 4.76839e-007
vn 0.31609 0.94334 -0.100985
vt 0 0
v 43.3927 29.6336 5.23622
vn 0.0611648 0.993006 -0.100985
vt 0 0
v 43.8315 29.5481 5.23622
vn 0.31609 0.94334 -0.100985
vt 0 0
v 43.3927 29.6336 5.23622
vn 0.0611648 0.993006 -0.100985
vt 0 0
v 43.6626 29.0441 4.76839e-007
vn 0.31609 0.94334 -0.100985
vt 0 0
v 43.36 29.1031 4.76838e-007
vn 0.0611648 0.993006 -0.100985
vt 0 0
v 43.36 29.1031 4.76838e-007
vn 0.0611648 0.993006 -0.100985
vt 0 0
v 42.9467 29.6026 5.23622
vn -0.197928 0.975001 -0.100985
vt 0 0
v 43.3927 29.6336 5.23622
vn 0.0611648 0.993006 -0.100985
vt 0 0
v 42.9467 29.6026 5.23622
vn -0.197928 0.975001 -0.100985
vt 0 0
v 43.36 29.1031 4.76838e-007
vn 0.0611648 0.993006 -0.100985
vt 0 0
v 43.0524 29.0817 4.76838e-007
vn -0.197928 0.975001 -0.100985
vt 0 0
v 43.0524 29.0817 4.76838e-007
vn -0.197928 0.975001 -0.100985
vt 0 0
v 42.5239 29.4572 5.23622
vn -0.443533 0.890551 -0.100985
vt 0 0
v 42.9467 29.6026 5.23622
vn -0.197928 0.975001 -0.100985
vt 0 0
v 42.5239 29.4572 5.23622
vn -0.443533 0.890551 -0.100985
vt 0 0
v 43.0524 29.0817 4.76838e-007
vn -0.197928 0.975001 -0.100985
vt 0 0
v 42.7608 28.9815 4.76838e-007
vn -0.443533 0.890551 -0.100985
vt 0 0
v 42.7608 28.9815 4.76838e-007
vn -0.443533 0.890551 -0.100985
vt 0 0
v 42.1531 29.2074 5.23622
vn -0.658911 0.745411 -0.100985
vt 0 0
v 42.5239 29.4572 5.23622
vn -0.443533 0.890551 -0.100985
vt 0 0
v 42.1531 29.2074 5.23622
vn -0.658911 0.745411 -0.100985
vt 0 0
v 42.7608 28.9815 4.76838e-007
vn -0.443533 0.890551 -0.100985
vt 0 0
v 42.5051 28.8092 4.76838e-007
vn -0.658911 0.745411 -0.100985
vt 0 0
v 42.5051 28.8092 4.76838e-007
vn -0.658911 0.745411 -0.100985
vt 0 0
v 41.8597 28.8701 5.23622
vn -0.829386 0.549473 -0.100985
vt 0 0
v 42.1531 29.2074 5.23622
vn -0.658911 0.745411 -0.100985
vt 0 0
v 41.8597 28.8701 5.23622
vn -0.829386 0.549473 -0.100985
vt 0 0
v 42.5051 28.8092 4.76838e-007
vn -0.658911 0.745411 -0.100985
vt 0 0
v 42.3028 28.5765 4.76837e-007
vn -0.829386 0.549473 -0.100985
vt 0 0
v 42.3028 28.5765 4.76837e-007
vn -0.829386 0.549473 -0.100985
vt 0 0
v 41.6635 28.4683 5.23622
vn -0.94334 0.31609 -0.100985
vt 0 0
v 41.8597 28.8701 5.23622
vn -0.829386 0.549473 -0.100985
vt 0 0
v 41.6635 28.4683 5.23622
vn -0.94334 0.31609 -0.100985
vt 0 0
v 42.3028 28.5765 4.76837e-007
vn -0.829386 0.549473 -0.100985
vt 0 0
v 42.1675 28.2995 4.76837e-007
vn -0.94334 0.31609 -0.100985
vt 0 0
v 42.1675 28.2995 4.76837e-007
vn -0.94334 0.31609 -0.100985
vt 0 0
v 41.578 28.0295 5.23622
vn -0.993006 0.0611648 -0.100985
vt 0 0
v 41.6635 28.4683 5.23622
vn -0.94334 0.31609 -0.100985
vt 0 0
v 41.578 28.0295 5.23622
vn -0.993006 0.0611648 -0.100985
vt 0 0
v 42.1675 28.2995 4.76837e-007
vn -0.94334 0.31609 -0.100985
vt 0 0
v 42.1085 27.9968 4.76837e-007
vn -0.993006 0.0611648 -0.100985
vt 0 0
v 42.1299 27.6892 4.76837e-007
vn -0.975001 -0.197928 -0.100985
vt 0 0
v 41.578 28.0295 5.23622
vn -0.993006 0.0611648 -0.100985
vt 0 0
v 42.1085 27.9968 4.76837e-007
vn -0.993006 0.0611648 -0.100985
vt 0 0
v 41.578 28.0295 5.23622
vn -0.993006 0.0611648 -0.100985
vt 0 0
v 42.1299 27.6892 4.76837e-007
vn -0.975001 -0.197928 -0.100985
vt 0 0
v 41.609 27.5835 5.23622
vn -0.975001 -0.197928 -0.100985
vt 0 0
v 42.2301 27.3977 4.76837e-007
vn -0.890551 -0.443533 -0.100985
vt 0 0
v 41.609 27.5835 5.23622
vn -0.975001 -0.197928 -0.100985
vt 0 0
v 42.1299 27.6892 4.76837e-007
vn -0.975001 -0.197928 -0.100985
vt 0 0
v 41.609 27.5835 5.23622
vn -0.975001 -0.197928 -0.100985
vt 0 0
v 42.2301 27.3977 4.76837e-007
vn -0.890551 -0.443533 -0.100985
vt 0 0
v 41.7544 27.1607 5.23622
vn -0.890551 -0.443533 -0.100985
vt 0 0
v 42.4025 27.142 4.76837e-007
vn -0.745411 -0.658911 -0.100985
vt 0 0
v 41.7544 27.1607 5.23622
vn -0.890551 -0.443533 -0.100985
vt 0 0
v 42.2301 27.3977 4.76837e-007
vn -0.890551 -0.443533 -0.100985
vt 0 0
v 41.7544 27.1607 5.23622
vn -0.890551 -0.443533 -0.100985
vt 0 0
v 42.4025 27.142 4.76837e-007
vn -0.745411 -0.658911 -0.100985
vt 0 0
v 42.0042 26.79 5.23622
vn -0.745411 -0.658911 -0.100985
vt 0 0
v 42.0042 26.79 5.23622
vn -0.745411 -0.658911 -0.100985
vt 0 0
v 42.6351 26.9396 4.76838e-007
vn -0.549473 -0.829386 -0.100985
vt 0 0
v 42.3415 26.4965 5.23622
vn -0.549473 -0.829386 -0.100985
vt 0 0
v 42.6351 26.9396 4.76838e-007
vn -0.549473 -0.829386 -0.100985
vt 0 0
v 42.0042 26.79 5.23622
vn -0.745411 -0.658911 -0.100985
vt 0 0
v 42.4025 27.142 4.76837e-007
vn -0.745411 -0.658911 -0.100985
vt 0 0
v 42.3415 26.4965 5.23622
vn -0.549473 -0.829386 -0.100985
vt 0 0
v 42.9121 26.8043 4.76838e-007
vn -0.31609 -0.94334 -0.100985
vt 0 0
v 42.7433 26.3004 5.23622
vn -0.31609 -0.94334 -0.100985
vt 0 0
v 42.9121 26.8043 4.76838e-007
vn -0.31609 -0.94334 -0.100985
vt 0 0
v 42.3415 26.4965 5.23622
vn -0.549473 -0.829386 -0.100985
vt 0 0
v 42.6351 26.9396 4.76838e-007
vn -0.549473 -0.829386 -0.100985
vt 0 0
v 44.8204 28.6877 5.23622
vn 0.890551 0.443533 -0.100985
vt 0 0
v 44.1723 28.7065 4.76839e-007
vn 0.745411 0.658911 -0.100985
vt 0 0
v 44.5705 29.0585 5.23622
vn 0.745411 0.658911 -0.100985
vt 0 0
v 44.1723 28.7065 4.76839e-007
vn 0.745411 0.658911 -0.100985
vt 0 0
v 44.8204 28.6877 5.23622
vn 0.890551 0.443533 -0.100985
vt 0 0
v 44.3446 28.4508 4.76839e-007
vn 0.890551 0.443533 -0.100985
vt 0 0
v 44.396 26.6701 5.29921
vn 0.662297 -0.749241 3.48874e-013
vt 0 0
v 44.6839 26.999 5.28902
vn 0.805456 -0.533619 0.257861
vt 0 0
v 44.6828 26.9998 5.29921
vn 0.833648 -0.552297 5.15173e-013
vt 0 0
v 44.6839 26.999 5.28902
vn 0.805456 -0.533619 0.257861
vt 0 0
v 44.396 26.6701 5.29921
vn 0.662297 -0.749241 3.48874e-013
vt 0 0
v 44.3968 26.6691 5.28902
vn 0.639899 -0.723904 0.257861
vt 0 0
v 44.6839 26.999 5.28902
vn 0.805456 -0.533619 0.257861
vt 0 0
v 44.8794 27.3908 5.27953
vn 0.821694 -0.275329 0.499011
vt 0 0
v 44.8758 27.392 5.28902
vn 0.916121 -0.306969 0.257861
vt 0 0
v 44.8794 27.3908 5.27953
vn 0.821694 -0.275329 0.499011
vt 0 0
v 44.6839 26.999 5.28902
vn 0.805456 -0.533619 0.257861
vt 0 0
v 44.6871 26.9969 5.27953
vn 0.722435 -0.478618 0.499011
vt 0 0
v 44.8794 27.3908 5.27953
vn 0.821694 -0.275329 0.499011
vt 0 0
v 44.9694 27.8206 5.27137
vn 0.705677 -0.0434666 0.707199
vt 0 0
v 44.9632 27.821 5.27953
vn 0.864956 -0.0532775 0.499011
vt 0 0
v 44.9694 27.8206 5.27137
vn 0.705677 -0.0434666 0.707199
vt 0 0
v 44.8794 27.3908 5.27953
vn 0.821694 -0.275329 0.499011
vt 0 0
v 44.8853 27.3888 5.27137
vn 0.670381 -0.224628 0.707199
vt 0 0
v 44.9468 28.2611 5.26512
vn 0.487508 0.0989656 0.867492
vt 0 0
v 44.9694 27.8206 5.27137
vn 0.705677 -0.0434666 0.707199
vt 0 0
v 44.9774 27.8201 5.26512
vn 0.49651 -0.0305828 0.867492
vt 0 0
v 44.9694 27.8206 5.27137
vn 0.705677 -0.0434666 0.707199
vt 0 0
v 44.9468 28.2611 5.26512
vn 0.487508 0.0989656 0.867492
vt 0 0
v 44.9389 28.2595 5.27137
vn 0.692881 0.140657 0.707199
vt 0 0
v 44.9657 28.2649 5.23622
vn 0.975001 0.197928 -0.100985
vt 0 0
v 44.3446 28.4508 4.76839e-007
vn 0.890551 0.443533 -0.100985
vt 0 0
v 44.8204 28.6877 5.23622
vn 0.890551 0.443533 -0.100985
vt 0 0
v 44.3446 28.4508 4.76839e-007
vn 0.890551 0.443533 -0.100985
vt 0 0
v 44.9657 28.2649 5.23622
vn 0.975001 0.197928 -0.100985
vt 0 0
v 44.4449 28.1592 4.76839e-007
vn 0.975001 0.197928 -0.100985
vt 0 0
v 44.8114 28.6832 5.26118
vn 0.225733 0.112425 0.96768
vt 0 0
v 44.9468 28.2611 5.26512
vn 0.487508 0.0989656 0.867492
vt 0 0
v 44.9559 28.2629 5.26118
vn 0.247139 0.05017 0.96768
vt 0 0
v 44.9468 28.2611 5.26512
vn 0.487508 0.0989656 0.867492
vt 0 0
v 44.8114 28.6832 5.26118
vn 0.225733 0.112425 0.96768
vt 0 0
v 44.803 28.6791 5.26512
vn 0.445282 0.22177 0.867492
vt 0 0
v 44.5705 29.0585 5.25984
vn 0.749241 0.662297 1.44457e-012
vt 0 0
v 44.8204 28.6877 5.23622
vn 0.895127 0.445812 1.55049e-012
vt 0 0
v 44.5705 29.0585 5.23622
vn 0.749241 0.662297 1.44457e-012
vt 0 0
v 44.8204 28.6877 5.23622
vn 0.895127 0.445812 1.55049e-012
vt 0 0
v 44.5705 29.0585 5.25984
vn 0.749241 0.662297 1.44457e-012
vt 0 0
v 44.8204 28.6877 5.25984
vn 0.895127 0.445812 1.55049e-012
vt 0 0
v 44.8204 28.6877 5.29921
vn 0.895127 0.445812 5.58661e-013
vt 0 0
v 44.5705 29.0585 5.25984
vn 0.749241 0.662297 4.02182e-013
vt 0 0
v 44.5705 29.0585 5.29921
vn 0.749241 0.662297 4.02182e-013
vt 0 0
v 44.5705 29.0585 5.25984
vn 0.749241 0.662297 4.02182e-013
vt 0 0
v 44.8204 28.6877 5.29921
vn 0.895127 0.445812 5.58661e-013
vt 0 0
v 44.8204 28.6877 5.25984
vn 0.895127 0.445812 5.58661e-013
vt 0 0
v 44.5705 29.0585 5.25984
vn 0.0993152 0.0877903 0.991176
vt 0 0
v 44.8114 28.6832 5.26118
vn 0.225733 0.112425 0.96768
vt 0 0
v 44.8204 28.6877 5.25984
vn 0.118653 0.0590943 0.991176
vt 0 0
v 44.8114 28.6832 5.26118
vn 0.225733 0.112425 0.96768
vt 0 0
v 44.5705 29.0585 5.25984
vn 0.0993152 0.0877903 0.991176
vt 0 0
v 44.563 29.0518 5.26118
vn 0.188944 0.167018 0.96768
vt 0 0
v 44.2388 29.3603 5.26118
vn -0.150612 -0.227337 0.962099
vt 0 0
v 44.5705 29.0585 5.25984
vn -0.0993152 -0.0877903 0.991176
vt 0 0
v 44.578 29.0651 5.26118
vn -0.204319 -0.180609 0.962099
vt 0 0
v 44.5705 29.0585 5.25984
vn -0.0993152 -0.0877903 0.991176
vt 0 0
v 44.2388 29.3603 5.26118
vn -0.150612 -0.227337 0.962099
vt 0 0
v 44.2332 29.3519 5.25984
vn -0.0732093 -0.110504 0.991176
vt 0 0
v 44.5851 29.0713 5.26512
vn -0.384927 -0.340258 0.857937
vt 0 0
v 44.8294 28.6922 5.26118
vn -0.244102 -0.121573 0.962099
vt 0 0
v 44.8377 28.6964 5.26512
vn -0.459876 -0.229038 0.857937
vt 0 0
v 44.8294 28.6922 5.26118
vn -0.244102 -0.121573 0.962099
vt 0 0
v 44.5851 29.0713 5.26512
vn -0.384927 -0.340258 0.857937
vt 0 0
v 44.578 29.0651 5.26118
vn -0.204319 -0.180609 0.962099
vt 0 0
v 44.8449 28.6999 5.27137
vn -0.642443 -0.319964 0.696341
vt 0 0
v 44.9847 28.2688 5.26512
vn -0.503485 -0.102209 0.857937
vt 0 0
v 44.9926 28.2704 5.27137
vn -0.703365 -0.142785 0.696341
vt 0 0
v 44.9847 28.2688 5.26512
vn -0.503485 -0.102209 0.857937
vt 0 0
v 44.8449 28.6999 5.27137
vn -0.642443 -0.319964 0.696341
vt 0 0
v 44.8377 28.6964 5.26512
vn -0.459876 -0.229038 0.857937
vt 0 0
v 45.0241 27.8172 5.27137
vn -0.716354 0.0441242 0.696341
vt 0 0
v 44.9986 28.2716 5.27953
vn -0.854432 -0.173452 0.489755
vt 0 0
v 44.9926 28.2704 5.27137
vn -0.703365 -0.142785 0.696341
vt 0 0
v 44.9986 28.2716 5.27953
vn -0.854432 -0.173452 0.489755
vt 0 0
v 45.0241 27.8172 5.27137
vn -0.716354 0.0441242 0.696341
vt 0 0
v 45.0302 27.8169 5.27953
vn -0.870211 0.0536011 0.489755
vt 0 0
v 44.9431 27.3694 5.27953
vn -0.826686 0.277002 0.489755
vt 0 0
v 45.0341 27.8166 5.28902
vn -0.965746 0.0594857 0.252577
vt 0 0
v 45.0302 27.8169 5.27953
vn -0.870211 0.0536011 0.489755
vt 0 0
v 45.0341 27.8166 5.28902
vn -0.965746 0.0594857 0.252577
vt 0 0
v 44.9431 27.3694 5.27953
vn -0.826686 0.277002 0.489755
vt 0 0
v 44.9467 27.3682 5.28902
vn -0.917443 0.307412 0.252577
vt 0 0
v 44.7463 26.9577 5.28902
vn -0.806618 0.534389 0.252577
vt 0 0
v 44.948 27.3678 5.29921
vn -0.948187 0.317714 -6.83359e-013
vt 0 0
v 44.9467 27.3682 5.28902
vn -0.917443 0.307412 0.252577
vt 0 0
v 44.948 27.3678 5.29921
vn -0.948187 0.317714 -6.83359e-013
vt 0 0
v 44.7463 26.9577 5.28902
vn -0.806618 0.534389 0.252577
vt 0 0
v 44.7474 26.957 5.29921
vn -0.833648 0.552297 -5.47793e-013
vt 0 0
v 44.7474 26.957 5.29921
vn -0.833648 0.552297 -5.47793e-013
vt 0 0
v 44.4464 26.613 5.3094
vn -0.640823 0.724949 -0.252577
vt 0 0
v 44.7463 26.9577 5.3094
vn -0.806618 0.534389 -0.252577
vt 0 0
v 44.4464 26.613 5.3094
vn -0.640823 0.724949 -0.252577
vt 0 0
v 44.7474 26.957 5.29921
vn -0.833648 0.552297 -5.47793e-013
vt 0 0
v 44.4473 26.612 5.29921
vn -0.662297 0.749241 -3.65003e-013
vt 0 0
v 44.0342 26.4247 5.28902
vn 0.430735 -0.864855 0.257861
vt 0 0
v 44.3994 26.6662 5.27953
vn 0.573944 -0.649289 0.499011
vt 0 0
v 44.3968 26.6691 5.28902
vn 0.639899 -0.723904 0.257861
vt 0 0
v 44.3994 26.6662 5.27953
vn 0.573944 -0.649289 0.499011
vt 0 0
v 44.0342 26.4247 5.28902
vn 0.430735 -0.864855 0.257861
vt 0 0
v 44.0359 26.4213 5.27953
vn 0.386339 -0.775713 0.499011
vt 0 0
v 44.4464 26.613 5.28902
vn -0.640823 0.724949 0.252577
vt 0 0
v 44.0682 26.3565 5.29921
vn -0.445812 0.895127 -1.33755e-013
vt 0 0
v 44.4473 26.612 5.29921
vn -0.662297 0.749241 -3.65003e-013
vt 0 0
v 44.0682 26.3565 5.29921
vn -0.445812 0.895127 -1.33755e-013
vt 0 0
v 44.4464 26.613 5.28902
vn -0.640823 0.724949 0.252577
vt 0 0
v 44.0676 26.3577 5.28902
vn -0.431357 0.866104 0.252577
vt 0 0
v 43.6214 26.2787 5.27953
vn 0.172405 -0.849273 0.499011
vt 0 0
v 44.0387 26.4158 5.27137
vn 0.315195 -0.632867 0.707199
vt 0 0
v 44.0359 26.4213 5.27953
vn 0.386339 -0.775713 0.499011
vt 0 0
v 44.0387 26.4158 5.27137
vn 0.315195 -0.632867 0.707199
vt 0 0
v 43.6214 26.2787 5.27953
vn 0.172405 -0.849273 0.499011
vt 0 0
v 43.6226 26.2727 5.27137
vn 0.140657 -0.692881 0.707199
vt 0 0
v 44.0658 26.3612 5.27953
vn -0.388686 0.780425 0.489755
vt 0 0
v 43.6355 26.2092 5.28902
vn -0.192495 0.948235 0.252577
vt 0 0
v 44.0676 26.3577 5.28902
vn -0.431357 0.866104 0.252577
vt 0 0
v 43.6355 26.2092 5.28902
vn -0.192495 0.948235 0.252577
vt 0 0
v 44.0658 26.3612 5.27953
vn -0.388686 0.780425 0.489755
vt 0 0
v 43.6348 26.213 5.27953
vn -0.173452 0.854432 0.489755
vt 0 0
v 43.1838 26.2422 5.27137
vn -0.0434666 -0.705677 0.707199
vt 0 0
v 43.6242 26.2648 5.26512
vn 0.0989656 -0.487508 0.867492
vt 0 0
v 43.6226 26.2727 5.27137
vn 0.140657 -0.692881 0.707199
vt 0 0
v 43.6242 26.2648 5.26512
vn 0.0989656 -0.487508 0.867492
vt 0 0
v 43.1838 26.2422 5.27137
vn -0.0434666 -0.705677 0.707199
vt 0 0
v 43.1833 26.2342 5.26512
vn -0.0305828 -0.49651 0.867492
vt 0 0
v 43.6335 26.219 5.27137
vn -0.142785 0.703365 0.696341
vt 0 0
v 43.18 26.1814 5.27953
vn 0.0536011 0.870211 0.489755
vt 0 0
v 43.6348 26.213 5.27953
vn -0.173452 0.854432 0.489755
vt 0 0
v 43.18 26.1814 5.27953
vn 0.0536011 0.870211 0.489755
vt 0 0
v 43.6335 26.219 5.27137
vn -0.142785 0.703365 0.696341
vt 0 0
v 43.1804 26.1875 5.27137
vn 0.0441242 0.716354 0.696341
vt 0 0
v 42.7494 26.3187 5.26512
vn -0.158047 -0.471677 0.867492
vt 0 0
v 43.1827 26.2249 5.26118
vn -0.0155038 -0.251703 0.96768
vt 0 0
v 43.1833 26.2342 5.26512
vn -0.0305828 -0.49651 0.867492
vt 0 0
v 43.1827 26.2249 5.26118
vn -0.0155038 -0.251703 0.96768
vt 0 0
v 42.7494 26.3187 5.26512
vn -0.158047 -0.471677 0.867492
vt 0 0
v 42.7465 26.3099 5.26118
vn -0.080121 -0.239114 0.96768
vt 0 0
v 42.7433 26.3004 5.23622
vn -0.31609 -0.94334 -0.100985
vt 0 0
v 43.2148 26.7454 4.76838e-007
vn -0.0611648 -0.993006 -0.100985
vt 0 0
v 43.1821 26.2149 5.23622
vn -0.0611648 -0.993006 -0.100985
vt 0 0
v 43.2148 26.7454 4.76838e-007
vn -0.0611648 -0.993006 -0.100985
vt 0 0
v 42.7433 26.3004 5.23622
vn -0.31609 -0.94334 -0.100985
vt 0 0
v 42.9121 26.8043 4.76838e-007
vn -0.31609 -0.94334 -0.100985
vt 0 0
v 42.7371 26.282 5.26512
vn 0.163227 0.487136 0.857937
vt 0 0
v 43.1804 26.1875 5.27137
vn 0.0441242 0.716354 0.696341
vt 0 0
v 43.1809 26.1955 5.26512
vn 0.0315852 0.512783 0.857937
vt 0 0
v 43.1804 26.1875 5.27137
vn 0.0441242 0.716354 0.696341
vt 0 0
v 42.7371 26.282 5.26512
vn 0.163227 0.487136 0.857937
vt 0 0
v 42.7346 26.2744 5.27137
vn 0.228027 0.680525 0.696341
vt 0 0
v 42.3471 26.5049 5.26118
vn -0.139278 -0.210229 0.96768
vt 0 0
v 42.7433 26.3004 5.25984
vn -0.0421143 -0.125686 0.991176
vt 0 0
v 42.7465 26.3099 5.26118
vn -0.080121 -0.239114 0.96768
vt 0 0
v 42.7433 26.3004 5.25984
vn -0.0421143 -0.125686 0.991176
vt 0 0
v 42.3471 26.5049 5.26118
vn -0.139278 -0.210229 0.96768
vt 0 0
v 42.3415 26.4965 5.25984
vn -0.0732093 -0.110504 0.991176
vt 0 0
v 42.3415 26.4965 5.25984
vn -0.552297 -0.833648 -1.92265e-014
vt 0 0
v 42.7433 26.3004 5.23622
vn -0.317714 -0.948187 2.97181e-013
vt 0 0
v 42.7433 26.3004 5.25984
vn -0.317714 -0.948187 2.97181e-013
vt 0 0
v 42.7433 26.3004 5.23622
vn -0.317714 -0.948187 2.97181e-013
vt 0 0
v 42.3415 26.4965 5.25984
vn -0.552297 -0.833648 -1.92265e-014
vt 0 0
v 42.3415 26.4965 5.23622
vn -0.552297 -0.833648 -1.92265e-014
vt 0 0
v 42.3415 26.4965 5.29921
vn -0.552297 -0.833648 -8.95909e-013
vt 0 0
v 42.7433 26.3004 5.25984
vn -0.317714 -0.948187 -6.63868e-013
vt 0 0
v 42.7433 26.3004 5.29921
vn -0.317714 -0.948187 -6.63868e-013
vt 0 0
v 42.7433 26.3004 5.25984
vn -0.317714 -0.948187 -6.63868e-013
vt 0 0
v 42.3415 26.4965 5.29921
vn -0.552297 -0.833648 -8.95909e-013
vt 0 0
v 42.3415 26.4965 5.25984
vn -0.552297 -0.833648 -8.95909e-013
vt 0 0
v 42.336 26.4882 5.26118
vn 0.150612 0.227337 0.962099
vt 0 0
v 42.7371 26.282 5.26512
vn 0.163227 0.487136 0.857937
vt 0 0
v 42.7401 26.2908 5.26118
vn 0.086641 0.258572 0.962099
vt 0 0
v 42.7371 26.282 5.26512
vn 0.163227 0.487136 0.857937
vt 0 0
v 42.336 26.4882 5.26118
vn 0.150612 0.227337 0.962099
vt 0 0
v 42.3308 26.4804 5.26512
vn 0.283745 0.428291 0.857937
vt 0 0
v 42.0042 26.79 5.25984
vn 0.0993152 0.0877903 0.991176
vt 0 0
v 42.336 26.4882 5.26118
vn 0.150612 0.227337 0.962099
vt 0 0
v 42.3415 26.4965 5.25984
vn 0.0732093 0.110504 0.991176
vt 0 0
v 42.336 26.4882 5.26118
vn 0.150612 0.227337 0.962099
vt 0 0
v 42.0042 26.79 5.25984
vn 0.0993152 0.0877903 0.991176
vt 0 0
v 41.9967 26.7833 5.26118
vn 0.204319 0.180609 0.962099
vt 0 0
v 43.9397 28.9088 0.393701
vn -0.552297 -0.833648 -5.51706e-013
vt 0 0
v 44.1723 28.7065 4.76839e-007
vn -0.749241 -0.662297 -7.5005e-013
vt 0 0
v 44.1723 28.7065 0.393701
vn -0.749241 -0.662297 -7.5005e-013
vt 0 0
v 44.1723 28.7065 4.76839e-007
vn -0.749241 -0.662297 -7.5005e-013
vt 0 0
v 43.9397 28.9088 0.393701
vn -0.552297 -0.833648 -5.51706e-013
vt 0 0
v 43.9397 28.9088 4.76839e-007
vn -0.552297 -0.833648 -5.51706e-013
vt 0 0
v 43.6626 29.0441 0.393701
vn -0.317714 -0.948187 -3.15764e-013
vt 0 0
v 43.9397 28.9088 4.76839e-007
vn -0.552297 -0.833648 -5.51706e-013
vt 0 0
v 43.9397 28.9088 0.393701
vn -0.552297 -0.833648 -5.51706e-013
vt 0 0
v 43.9397 28.9088 4.76839e-007
vn -0.552297 -0.833648 -5.51706e-013
vt 0 0
v 43.6626 29.0441 0.393701
vn -0.317714 -0.948187 -3.15764e-013
vt 0 0
v 43.6626 29.0441 4.76839e-007
vn -0.317714 -0.948187 -3.15764e-013
vt 0 0
v 43.36 29.1031 0.393701
vn -0.0614791 -0.998108 -5.83031e-014
vt 0 0
v 43.6626 29.0441 4.76839e-007
vn -0.317714 -0.948187 -3.15764e-013
vt 0 0
v 43.6626 29.0441 0.393701
vn -0.317714 -0.948187 -3.15764e-013
vt 0 0
v 43.6626 29.0441 4.76839e-007
vn -0.317714 -0.948187 -3.15764e-013
vt 0 0
v 43.36 29.1031 0.393701
vn -0.0614791 -0.998108 -5.83031e-014
vt 0 0
v 43.36 29.1031 4.76838e-007
vn -0.0614791 -0.998108 -5.83031e-014
vt 0 0
v 43.0524 29.0817 0.393701
vn 0.198945 -0.980011 2.03131e-013
vt 0 0
v 43.36 29.1031 4.76838e-007
vn -0.0614791 -0.998108 -5.83031e-014
vt 0 0
v 43.36 29.1031 0.393701
vn -0.0614791 -0.998108 -5.83031e-014
vt 0 0
v 43.36 29.1031 4.76838e-007
vn -0.0614791 -0.998108 -5.83031e-014
vt 0 0
v 43.0524 29.0817 0.393701
vn 0.198945 -0.980011 2.03131e-013
vt 0 0
v 43.0524 29.0817 4.76838e-007
vn 0.198945 -0.980011 2.03131e-013
vt 0 0
v 42.7608 28.9815 0.393701
vn 0.445812 -0.895127 4.50722e-013
vt 0 0
v 43.0524 29.0817 4.76838e-007
vn 0.198945 -0.980011 2.03131e-013
vt 0 0
v 43.0524 29.0817 0.393701
vn 0.198945 -0.980011 2.03131e-013
vt 0 0
v 43.0524 29.0817 4.76838e-007
vn 0.198945 -0.980011 2.03131e-013
vt 0 0
v 42.7608 28.9815 0.393701
vn 0.445812 -0.895127 4.50722e-013
vt 0 0
v 42.7608 28.9815 4.76838e-007
vn 0.445812 -0.895127 4.50722e-013
vt 0 0
v 42.5051 28.8092 0.393701
vn 0.662297 -0.749241 6.67597e-013
vt 0 0
v 42.7608 28.9815 4.76838e-007
vn 0.445812 -0.895127 4.50722e-013
vt 0 0
v 42.7608 28.9815 0.393701
vn 0.445812 -0.895127 4.50722e-013
vt 0 0
v 42.7608 28.9815 4.76838e-007
vn 0.445812 -0.895127 4.50722e-013
vt 0 0
v 42.5051 28.8092 0.393701
vn 0.662297 -0.749241 6.67597e-013
vt 0 0
v 42.5051 28.8092 4.76838e-007
vn 0.662297 -0.749241 6.67597e-013
vt 0 0
v 42.3028 28.5765 0.393701
vn 0.833648 -0.552297 8.38976e-013
vt 0 0
v 42.5051 28.8092 4.76838e-007
vn 0.662297 -0.749241 6.67597e-013
vt 0 0
v 42.5051 28.8092 0.393701
vn 0.662297 -0.749241 6.67597e-013
vt 0 0
v 42.5051 28.8092 4.76838e-007
vn 0.662297 -0.749241 6.67597e-013
vt 0 0
v 42.3028 28.5765 0.393701
vn 0.833648 -0.552297 8.38976e-013
vt 0 0
v 42.3028 28.5765 4.76837e-007
vn 0.833648 -0.552297 8.38976e-013
vt 0 0
v 42.1675 28.2995 0.393701
vn 0.948187 -0.317714 9.53181e-013
vt 0 0
v 42.3028 28.5765 4.76837e-007
vn 0.833648 -0.552297 8.38976e-013
vt 0 0
v 42.3028 28.5765 0.393701
vn 0.833648 -0.552297 8.38976e-013
vt 0 0
v 42.3028 28.5765 4.76837e-007
vn 0.833648 -0.552297 8.38976e-013
vt 0 0
v 42.1675 28.2995 0.393701
vn 0.948187 -0.317714 9.53181e-013
vt 0 0
v 42.1675 28.2995 4.76837e-007
vn 0.948187 -0.317714 9.53181e-013
vt 0 0
v 42.1085 27.9968 0.393701
vn 0.998108 -0.0614791 1.00243e-012
vt 0 0
v 42.1675 28.2995 4.76837e-007
vn 0.948187 -0.317714 9.53181e-013
vt 0 0
v 42.1675 28.2995 0.393701
vn 0.948187 -0.317714 9.53181e-013
vt 0 0
v 42.1675 28.2995 4.76837e-007
vn 0.948187 -0.317714 9.53181e-013
vt 0 0
v 42.1085 27.9968 0.393701
vn 0.998108 -0.0614791 1.00243e-012
vt 0 0
v 42.1085 27.9968 4.76837e-007
vn 0.998108 -0.0614791 1.00243e-012
vt 0 0
v 42.1299 27.6892 0.393701
vn 0.980011 0.198945 9.83361e-013
vt 0 0
v 42.1085 27.9968 4.76837e-007
vn 0.998108 -0.0614791 1.00243e-012
vt 0 0
v 42.1085 27.9968 0.393701
vn 0.998108 -0.0614791 1.00243e-012
vt 0 0
v 42.1085 27.9968 4.76837e-007
vn 0.998108 -0.0614791 1.00243e-012
vt 0 0
v 42.1299 27.6892 0.393701
vn 0.980011 0.198945 9.83361e-013
vt 0 0
v 42.1299 27.6892 4.76837e-007
vn 0.980011 0.198945 9.83361e-013
vt 0 0
v 42.2301 27.3977 0.393701
vn 0.895127 0.445812 8.97279e-013
vt 0 0
v 42.1299 27.6892 4.76837e-007
vn 0.980011 0.198945 9.83361e-013
vt 0 0
v 42.1299 27.6892 0.393701
vn 0.980011 0.198945 9.83361e-013
vt 0 0
v 42.1299 27.6892 4.76837e-007
vn 0.980011 0.198945 9.83361e-013
vt 0 0
v 42.2301 27.3977 0.393701
vn 0.895127 0.445812 8.97279e-013
vt 0 0
v 42.2301 27.3977 4.76837e-007
vn 0.895127 0.445812 8.97279e-013
vt 0 0
v 42.4025 27.142 0.393701
vn 0.749241 0.662297 7.5005e-013
vt 0 0
v 42.2301 27.3977 4.76837e-007
vn 0.895127 0.445812 8.97279e-013
vt 0 0
v 42.2301 27.3977 0.393701
vn 0.895127 0.445812 8.97279e-013
vt 0 0
v 42.2301 27.3977 4.76837e-007
vn 0.895127 0.445812 8.97279e-013
vt 0 0
v 42.4025 27.142 0.393701
vn 0.749241 0.662297 7.5005e-013
vt 0 0
v 42.4025 27.142 4.76837e-007
vn 0.749241 0.662297 7.5005e-013
vt 0 0
v 42.6351 26.9396 4.76838e-007
vn 0.552297 0.833648 5.51706e-013
vt 0 0
v 42.4025 27.142 0.393701
vn 0.749241 0.662297 7.5005e-013
vt 0 0
v 42.6351 26.9396 0.393701
vn 0.552297 0.833648 5.51706e-013
vt 0 0
v 42.4025 27.142 0.393701
vn 0.749241 0.662297 7.5005e-013
vt 0 0
v 42.6351 26.9396 4.76838e-007
vn 0.552297 0.833648 5.51706e-013
vt 0 0
v 42.4025 27.142 4.76837e-007
vn 0.749241 0.662297 7.5005e-013
vt 0 0
v 42.9121 26.8043 4.76838e-007
vn 0.317714 0.948187 3.15764e-013
vt 0 0
v 42.6351 26.9396 0.393701
vn 0.552297 0.833648 5.51706e-013
vt 0 0
v 42.9121 26.8043 0.393701
vn 0.317714 0.948187 3.15764e-013
vt 0 0
v 42.6351 26.9396 0.393701
vn 0.552297 0.833648 5.51706e-013
vt 0 0
v 42.9121 26.8043 4.76838e-007
vn 0.317714 0.948187 3.15764e-013
vt 0 0
v 42.6351 26.9396 4.76838e-007
vn 0.552297 0.833648 5.51706e-013
vt 0 0
v 43.2148 26.7454 4.76838e-007
vn 0.0614791 0.998108 5.83031e-014
vt 0 0
v 42.9121 26.8043 0.393701
vn 0.317714 0.948187 3.15764e-013
vt 0 0
v 43.2148 26.7454 0.393701
vn 0.0614791 0.998108 5.83031e-014
vt 0 0
v 42.9121 26.8043 0.393701
vn 0.317714 0.948187 3.15764e-013
vt 0 0
v 43.2148 26.7454 4.76838e-007
vn 0.0614791 0.998108 5.83031e-014
vt 0 0
v 42.9121 26.8043 4.76838e-007
vn 0.317714 0.948187 3.15764e-013
vt 0 0
v 43.5224 26.7667 4.76839e-007
vn -0.198945 0.980011 -2.03131e-013
vt 0 0
v 43.2148 26.7454 0.393701
vn 0.0614791 0.998108 5.83031e-014
vt 0 0
v 43.5224 26.7667 0.393701
vn -0.198945 0.980011 -2.03131e-013
vt 0 0
v 43.2148 26.7454 0.393701
vn 0.0614791 0.998108 5.83031e-014
vt 0 0
v 43.5224 26.7667 4.76839e-007
vn -0.198945 0.980011 -2.03131e-013
vt 0 0
v 43.2148 26.7454 4.76838e-007
vn 0.0614791 0.998108 5.83031e-014
vt 0 0
v 44.4449 28.1592 4.76839e-007
vn -0.980011 -0.198945 -9.83361e-013
vt 0 0
v 44.4663 27.8516 0.393701
vn -0.998108 0.0614791 -1.00243e-012
vt 0 0
v 44.4449 28.1592 0.393701
vn -0.980011 -0.198945 -9.83361e-013
vt 0 0
v 44.4663 27.8516 0.393701
vn -0.998108 0.0614791 -1.00243e-012
vt 0 0
v 44.4449 28.1592 4.76839e-007
vn -0.980011 -0.198945 -9.83361e-013
vt 0 0
v 44.4663 27.8516 4.76839e-007
vn -0.998108 0.0614791 -1.00243e-012
vt 0 0
v 44.3446 28.4508 4.76839e-007
vn -0.895127 -0.445812 -8.97279e-013
vt 0 0
v 44.4449 28.1592 0.393701
vn -0.980011 -0.198945 -9.83361e-013
vt 0 0
v 44.3446 28.4508 0.393701
vn -0.895127 -0.445812 -8.97279e-013
vt 0 0
v 44.4449 28.1592 0.393701
vn -0.980011 -0.198945 -9.83361e-013
vt 0 0
v 44.3446 28.4508 4.76839e-007
vn -0.895127 -0.445812 -8.97279e-013
vt 0 0
v 44.4449 28.1592 4.76839e-007
vn -0.980011 -0.198945 -9.83361e-013
vt 0 0
v 44.1723 28.7065 4.76839e-007
vn -0.749241 -0.662297 -7.5005e-013
vt 0 0
v 44.3446 28.4508 0.393701
vn -0.895127 -0.445812 -8.97279e-013
vt 0 0
v 44.1723 28.7065 0.393701
vn -0.749241 -0.662297 -7.5005e-013
vt 0 0
v 44.3446 28.4508 0.393701
vn -0.895127 -0.445812 -8.97279e-013
vt 0 0
v 44.1723 28.7065 4.76839e-007
vn -0.749241 -0.662297 -7.5005e-013
vt 0 0
v 44.3446 28.4508 4.76839e-007
vn -0.895127 -0.445812 -8.97279e-013
vt 0 0
v 44.3968 26.6691 5.28902
vn 0.639899 -0.723904 0.257861
vt 0 0
v 44.6871 26.9969 5.27953
vn 0.722435 -0.478618 0.499011
vt 0 0
v 44.6839 26.999 5.28902
vn 0.805456 -0.533619 0.257861
vt 0 0
v 44.6871 26.9969 5.27953
vn 0.722435 -0.478618 0.499011
vt 0 0
v 44.3968 26.6691 5.28902
vn 0.639899 -0.723904 0.257861
vt 0 0
v 44.3994 26.6662 5.27953
vn 0.573944 -0.649289 0.499011
vt 0 0
v 44.6871 26.9969 5.27953
vn 0.722435 -0.478618 0.499011
vt 0 0
v 44.8853 27.3888 5.27137
vn 0.670381 -0.224628 0.707199
vt 0 0
v 44.8794 27.3908 5.27953
vn 0.821694 -0.275329 0.499011
vt 0 0
v 44.8853 27.3888 5.27137
vn 0.670381 -0.224628 0.707199
vt 0 0
v 44.6871 26.9969 5.27953
vn 0.722435 -0.478618 0.499011
vt 0 0
v 44.6922 26.9935 5.27137
vn 0.589401 -0.390482 0.707199
vt 0 0
v 44.4663 27.8516 4.76839e-007
vn -0.998108 0.0614791 -1.00243e-012
vt 0 0
v 44.4073 27.549 0.393701
vn -0.948187 0.317714 -9.53181e-013
vt 0 0
v 44.4663 27.8516 0.393701
vn -0.998108 0.0614791 -1.00243e-012
vt 0 0
v 44.4073 27.549 0.393701
vn -0.948187 0.317714 -9.53181e-013
vt 0 0
v 44.4663 27.8516 4.76839e-007
vn -0.998108 0.0614791 -1.00243e-012
vt 0 0
v 44.4073 27.549 4.76839e-007
vn -0.948187 0.317714 -9.53181e-013
vt 0 0
v 44.9694 27.8206 5.27137
vn 0.705677 -0.0434666 0.707199
vt 0 0
v 44.8929 27.3863 5.26512
vn 0.471677 -0.158047 0.867492
vt 0 0
v 44.9774 27.8201 5.26512
vn 0.49651 -0.0305828 0.867492
vt 0 0
v 44.8929 27.3863 5.26512
vn 0.471677 -0.158047 0.867492
vt 0 0
v 44.9694 27.8206 5.27137
vn 0.705677 -0.0434666 0.707199
vt 0 0
v 44.8853 27.3888 5.27137
vn 0.670381 -0.224628 0.707199
vt 0 0
v 44.9657 28.2649 5.23622
vn 0.975001 0.197928 -0.100985
vt 0 0
v 44.4663 27.8516 4.76839e-007
vn 0.993006 -0.0611648 -0.100985
vt 0 0
v 44.4449 28.1592 4.76839e-007
vn 0.975001 0.197928 -0.100985
vt 0 0
v 44.4663 27.8516 4.76839e-007
vn 0.993006 -0.0611648 -0.100985
vt 0 0
v 44.9657 28.2649 5.23622
vn 0.975001 0.197928 -0.100985
vt 0 0
v 44.9967 27.8189 5.23622
vn 0.993006 -0.0611648 -0.100985
vt 0 0
v 44.9559 28.2629 5.26118
vn 0.247139 0.05017 0.96768
vt 0 0
v 44.9774 27.8201 5.26512
vn 0.49651 -0.0305828 0.867492
vt 0 0
v 44.9867 27.8195 5.26118
vn 0.251703 -0.0155038 0.96768
vt 0 0
v 44.9774 27.8201 5.26512
vn 0.49651 -0.0305828 0.867492
vt 0 0
v 44.9559 28.2629 5.26118
vn 0.247139 0.05017 0.96768
vt 0 0
v 44.9468 28.2611 5.26512
vn 0.487508 0.0989656 0.867492
vt 0 0
v 44.8204 28.6877 5.25984
vn 0.895127 0.445812 1.55049e-012
vt 0 0
v 44.9657 28.2649 5.23622
vn 0.980011 0.198945 1.6894e-012
vt 0 0
v 44.8204 28.6877 5.23622
vn 0.895127 0.445812 1.55049e-012
vt 0 0
v 44.9657 28.2649 5.23622
vn 0.980011 0.198945 1.6894e-012
vt 0 0
v 44.8204 28.6877 5.25984
vn 0.895127 0.445812 1.55049e-012
vt 0 0
v 44.9657 28.2649 5.25984
vn 0.980011 0.198945 1.6894e-012
vt 0 0
v 44.9657 28.2649 5.29921
vn 0.980011 0.198945 6.35631e-013
vt 0 0
v 44.8204 28.6877 5.25984
vn 0.895127 0.445812 5.58661e-013
vt 0 0
v 44.8204 28.6877 5.29921
vn 0.895127 0.445812 5.58661e-013
vt 0 0
v 44.8204 28.6877 5.25984
vn 0.895127 0.445812 5.58661e-013
vt 0 0
v 44.9657 28.2649 5.29921
vn 0.980011 0.198945 6.35631e-013
vt 0 0
v 44.9657 28.2649 5.25984
vn 0.980011 0.198945 6.35631e-013
vt 0 0
v 44.8204 28.6877 5.25984
vn 0.118653 0.0590943 0.991176
vt 0 0
v 44.9559 28.2629 5.26118
vn 0.247139 0.05017 0.96768
vt 0 0
v 44.9657 28.2649 5.25984
vn 0.129905 0.026371 0.991176
vt 0 0
v 44.9559 28.2629 5.26118
vn 0.247139 0.05017 0.96768
vt 0 0
v 44.8204 28.6877 5.25984
vn 0.118653 0.0590943 0.991176
vt 0 0
v 44.8114 28.6832 5.26118
vn 0.225733 0.112425 0.96768
vt 0 0
v 44.578 29.0651 5.26118
vn -0.204319 -0.180609 0.962099
vt 0 0
v 44.8204 28.6877 5.25984
vn -0.118653 -0.0590943 0.991176
vt 0 0
v 44.8294 28.6922 5.26118
vn -0.244102 -0.121573 0.962099
vt 0 0
v 44.8204 28.6877 5.25984
vn -0.118653 -0.0590943 0.991176
vt 0 0
v 44.578 29.0651 5.26118
vn -0.204319 -0.180609 0.962099
vt 0 0
v 44.5705 29.0585 5.25984
vn -0.0993152 -0.0877903 0.991176
vt 0 0
v 44.8377 28.6964 5.26512
vn -0.459876 -0.229038 0.857937
vt 0 0
v 44.9756 28.2669 5.26118
vn -0.26725 -0.0542526 0.962099
vt 0 0
v 44.9847 28.2688 5.26512
vn -0.503485 -0.102209 0.857937
vt 0 0
v 44.9756 28.2669 5.26118
vn -0.26725 -0.0542526 0.962099
vt 0 0
v 44.8377 28.6964 5.26512
vn -0.459876 -0.229038 0.857937
vt 0 0
v 44.8294 28.6922 5.26118
vn -0.244102 -0.121573 0.962099
vt 0 0
v 44.9926 28.2704 5.27137
vn -0.703365 -0.142785 0.696341
vt 0 0
v 45.0161 27.8177 5.26512
vn -0.512783 0.0315852 0.857937
vt 0 0
v 45.0241 27.8172 5.27137
vn -0.716354 0.0441242 0.696341
vt 0 0
v 45.0161 27.8177 5.26512
vn -0.512783 0.0315852 0.857937
vt 0 0
v 44.9926 28.2704 5.27137
vn -0.703365 -0.142785 0.696341
vt 0 0
v 44.9847 28.2688 5.26512
vn -0.503485 -0.102209 0.857937
vt 0 0
v 44.9372 27.3714 5.27137
vn -0.680525 0.228027 0.696341
vt 0 0
v 45.0302 27.8169 5.27953
vn -0.870211 0.0536011 0.489755
vt 0 0
v 45.0241 27.8172 5.27137
vn -0.716354 0.0441242 0.696341
vt 0 0
v 45.0302 27.8169 5.27953
vn -0.870211 0.0536011 0.489755
vt 0 0
v 44.9372 27.3714 5.27137
vn -0.680525 0.228027 0.696341
vt 0 0
v 44.9431 27.3694 5.27953
vn -0.826686 0.277002 0.489755
vt 0 0
v 44.7431 26.9598 5.27953
vn -0.726824 0.481525 0.489755
vt 0 0
v 44.9467 27.3682 5.28902
vn -0.917443 0.307412 0.252577
vt 0 0
v 44.9431 27.3694 5.27953
vn -0.826686 0.277002 0.489755
vt 0 0
v 44.9467 27.3682 5.28902
vn -0.917443 0.307412 0.252577
vt 0 0
v 44.7431 26.9598 5.27953
vn -0.726824 0.481525 0.489755
vt 0 0
v 44.7463 26.9577 5.28902
vn -0.806618 0.534389 0.252577
vt 0 0
v 44.4464 26.613 5.28902
vn -0.640823 0.724949 0.252577
vt 0 0
v 44.7474 26.957 5.29921
vn -0.833648 0.552297 -5.47793e-013
vt 0 0
v 44.7463 26.9577 5.28902
vn -0.806618 0.534389 0.252577
vt 0 0
v 44.7474 26.957 5.29921
vn -0.833648 0.552297 -5.47793e-013
vt 0 0
v 44.4464 26.613 5.28902
vn -0.640823 0.724949 0.252577
vt 0 0
v 44.4473 26.612 5.29921
vn -0.662297 0.749241 -3.65003e-013
vt 0 0
v 44.0359 26.4213 5.27953
vn 0.386339 -0.775713 0.499011
vt 0 0
v 44.4035 26.6616 5.27137
vn 0.468253 -0.529724 0.707199
vt 0 0
v 44.3994 26.6662 5.27953
vn 0.573944 -0.649289 0.499011
vt 0 0
v 44.4035 26.6616 5.27137
vn 0.468253 -0.529724 0.707199
vt 0 0
v 44.0359 26.4213 5.27953
vn 0.386339 -0.775713 0.499011
vt 0 0
v 44.0387 26.4158 5.27137
vn 0.315195 -0.632867 0.707199
vt 0 0
v 44.4439 26.6159 5.27953
vn -0.57743 0.653234 0.489755
vt 0 0
v 44.0676 26.3577 5.28902
vn -0.431357 0.866104 0.252577
vt 0 0
v 44.4464 26.613 5.28902
vn -0.640823 0.724949 0.252577
vt 0 0
v 44.0676 26.3577 5.28902
vn -0.431357 0.866104 0.252577
vt 0 0
v 44.4439 26.6159 5.27953
vn -0.57743 0.653234 0.489755
vt 0 0
v 44.0658 26.3612 5.27953
vn -0.388686 0.780425 0.489755
vt 0 0
v 43.8139 26.867 4.76839e-007
vn -0.445812 0.895127 -4.50722e-013
vt 0 0
v 43.5224 26.7667 0.393701
vn -0.198945 0.980011 -2.03131e-013
vt 0 0
v 43.8139 26.867 0.393701
vn -0.445812 0.895127 -4.50722e-013
vt 0 0
v 43.5224 26.7667 0.393701
vn -0.198945 0.980011 -2.03131e-013
vt 0 0
v 43.8139 26.867 4.76839e-007
vn -0.445812 0.895127 -4.50722e-013
vt 0 0
v 43.5224 26.7667 4.76839e-007
vn -0.198945 0.980011 -2.03131e-013
vt 0 0
v 44.0387 26.4158 5.27137
vn 0.315195 -0.632867 0.707199
vt 0 0
v 43.6242 26.2648 5.26512
vn 0.0989656 -0.487508 0.867492
vt 0 0
v 44.0422 26.4086 5.26512
vn 0.22177 -0.445282 0.867492
vt 0 0
v 43.6242 26.2648 5.26512
vn 0.0989656 -0.487508 0.867492
vt 0 0
v 44.0387 26.4158 5.27137
vn 0.315195 -0.632867 0.707199
vt 0 0
v 43.6226 26.2727 5.27137
vn 0.140657 -0.692881 0.707199
vt 0 0
v 44.0631 26.3667 5.27137
vn -0.319964 0.642443 0.696341
vt 0 0
v 43.6348 26.213 5.27953
vn -0.173452 0.854432 0.489755
vt 0 0
v 44.0658 26.3612 5.27953
vn -0.388686 0.780425 0.489755
vt 0 0
v 43.6348 26.213 5.27953
vn -0.173452 0.854432 0.489755
vt 0 0
v 44.0631 26.3667 5.27137
vn -0.319964 0.642443 0.696341
vt 0 0
v 43.6335 26.219 5.27137
vn -0.142785 0.703365 0.696341
vt 0 0
v 43.2844 26.222 5.23622
vn 0.0689778 -0.992581 -0.10013
vt 0 0
v 43.5224 26.7667 4.76839e-007
vn 0.197928 -0.975001 -0.100985
vt 0 0
v 43.6281 26.2459 5.23622
vn 0.197928 -0.975001 -0.100985
vt 0 0
v 43.1821 26.2149 5.23622
vn -0.0611648 -0.993006 -0.100985
vt 0 0
v 43.5224 26.7667 4.76839e-007
vn 0.197928 -0.975001 -0.100985
vt 0 0
v 43.2844 26.222 5.23622
vn 0.0689778 -0.992581 -0.10013
vt 0 0
v 43.5224 26.7667 4.76839e-007
vn 0.197928 -0.975001 -0.100985
vt 0 0
v 43.1821 26.2149 5.23622
vn -0.0611648 -0.993006 -0.100985
vt 0 0
v 43.2148 26.7454 4.76838e-007
vn -0.0611648 -0.993006 -0.100985
vt 0 0
v 43.1833 26.2342 5.26512
vn -0.0305828 -0.49651 0.867492
vt 0 0
v 43.6261 26.2557 5.26118
vn 0.05017 -0.247139 0.96768
vt 0 0
v 43.6242 26.2648 5.26512
vn 0.0989656 -0.487508 0.867492
vt 0 0
v 43.6261 26.2557 5.26118
vn 0.05017 -0.247139 0.96768
vt 0 0
v 43.1833 26.2342 5.26512
vn -0.0305828 -0.49651 0.867492
vt 0 0
v 43.1827 26.2249 5.26118
vn -0.0155038 -0.251703 0.96768
vt 0 0
v 43.1809 26.1955 5.26512
vn 0.0315852 0.512783 0.857937
vt 0 0
v 43.6335 26.219 5.27137
vn -0.142785 0.703365 0.696341
vt 0 0
v 43.632 26.2269 5.26512
vn -0.102209 0.503485 0.857937
vt 0 0
v 43.6335 26.219 5.27137
vn -0.142785 0.703365 0.696341
vt 0 0
v 43.1809 26.1955 5.26512
vn 0.0315852 0.512783 0.857937
vt 0 0
v 43.1804 26.1875 5.27137
vn 0.0441242 0.716354 0.696341
vt 0 0
v 42.7465 26.3099 5.26118
vn -0.080121 -0.239114 0.96768
vt 0 0
v 43.1821 26.2149 5.25984
vn -0.00814931 -0.132304 0.991176
vt 0 0
v 43.1827 26.2249 5.26118
vn -0.0155038 -0.251703 0.96768
vt 0 0
v 43.1821 26.2149 5.25984
vn -0.00814931 -0.132304 0.991176
vt 0 0
v 42.7465 26.3099 5.26118
vn -0.080121 -0.239114 0.96768
vt 0 0
v 42.7433 26.3004 5.25984
vn -0.0421143 -0.125686 0.991176
vt 0 0
v 42.7433 26.3004 5.25984
vn -0.317714 -0.948187 2.97181e-013
vt 0 0
v 43.1821 26.2149 5.23622
vn -0.0614791 -0.998108 5.38954e-013
vt 0 0
v 43.1821 26.2149 5.25984
vn -0.0614791 -0.998108 5.38954e-013
vt 0 0
v 43.1821 26.2149 5.23622
vn -0.0614791 -0.998108 5.38954e-013
vt 0 0
v 42.7433 26.3004 5.25984
vn -0.317714 -0.948187 2.97181e-013
vt 0 0
v 42.7433 26.3004 5.23622
vn -0.317714 -0.948187 2.97181e-013
vt 0 0
v 42.7433 26.3004 5.29921
vn -0.317714 -0.948187 -6.63868e-013
vt 0 0
v 43.1821 26.2149 5.25984
vn -0.0614791 -0.998108 -4.04357e-013
vt 0 0
v 43.1821 26.2149 5.29921
vn -0.0614791 -0.998108 -4.04357e-013
vt 0 0
v 43.1821 26.2149 5.25984
vn -0.0614791 -0.998108 -4.04357e-013
vt 0 0
v 42.7433 26.3004 5.29921
vn -0.317714 -0.948187 -6.63868e-013
vt 0 0
v 42.7433 26.3004 5.25984
vn -0.317714 -0.948187 -6.63868e-013
vt 0 0
v 42.7401 26.2908 5.26118
vn 0.086641 0.258572 0.962099
vt 0 0
v 43.1809 26.1955 5.26512
vn 0.0315852 0.512783 0.857937
vt 0 0
v 43.1815 26.2048 5.26118
vn 0.0167654 0.272186 0.962099
vt 0 0
v 43.1809 26.1955 5.26512
vn 0.0315852 0.512783 0.857937
vt 0 0
v 42.7401 26.2908 5.26118
vn 0.086641 0.258572 0.962099
vt 0 0
v 42.7371 26.282 5.26512
vn 0.163227 0.487136 0.857937
vt 0 0
v 42.3415 26.4965 5.25984
vn 0.0732093 0.110504 0.991176
vt 0 0
v 42.7401 26.2908 5.26118
vn 0.086641 0.258572 0.962099
vt 0 0
v 42.7433 26.3004 5.25984
vn 0.0421143 0.125686 0.991176
vt 0 0
v 42.7401 26.2908 5.26118
vn 0.086641 0.258572 0.962099
vt 0 0
v 42.3415 26.4965 5.25984
vn 0.0732093 0.110504 0.991176
vt 0 0
v 42.336 26.4882 5.26118
vn 0.150612 0.227337 0.962099
vt 0 0
v 44.4073 27.549 0.393701
vn 1.00412e-012 -3.43549e-015 -1
vt 0 0
v 44.4449 28.1592 0.393701
vn 1.00412e-012 -3.43549e-015 -1
vt 0 0
v 44.4663 27.8516 0.393701
vn 1.00412e-012 -3.43549e-015 -1
vt 0 0
v 44.4073 27.549 0.393701
vn 1.00412e-012 -3.43549e-015 -1
vt 0 0
v 44.3446 28.4508 0.393701
vn 1.00412e-012 -3.43549e-015 -1
vt 0 0
v 44.4449 28.1592 0.393701
vn 1.00412e-012 -3.43549e-015 -1
vt 0 0
v 44.272 27.2719 0.393701
vn 1.00412e-012 -3.43549e-015 -1
vt 0 0
v 44.3446 28.4508 0.393701
vn 1.00412e-012 -3.43549e-015 -1
vt 0 0
v 44.4073 27.549 0.393701
vn 1.00412e-012 -3.43549e-015 -1
vt 0 0
v 44.272 27.2719 0.393701
vn 1.00412e-012 -3.43549e-015 -1
vt 0 0
v 44.1723 28.7065 0.393701
vn 1.00412e-012 -3.43549e-015 -1
vt 0 0
v 44.3446 28.4508 0.393701
vn 1.00412e-012 -3.43549e-015 -1
vt 0 0
v 44.0696 27.0393 0.393701
vn 1.00412e-012 -3.43549e-015 -1
vt 0 0
v 44.1723 28.7065 0.393701
vn 1.00412e-012 -3.43549e-015 -1
vt 0 0
v 44.272 27.2719 0.393701
vn 1.00412e-012 -3.43549e-015 -1
vt 0 0
v 44.0696 27.0393 0.393701
vn 1.00412e-012 -3.43549e-015 -1
vt 0 0
v 43.9397 28.9088 0.393701
vn 1.00412e-012 -3.43549e-015 -1
vt 0 0
v 44.1723 28.7065 0.393701
vn 1.00412e-012 -3.43549e-015 -1
vt 0 0
v 43.8139 26.867 0.393701
vn 1.00412e-012 -3.43549e-015 -1
vt 0 0
v 43.9397 28.9088 0.393701
vn 1.00412e-012 -3.43549e-015 -1
vt 0 0
v 44.0696 27.0393 0.393701
vn 1.00412e-012 -3.43549e-015 -1
vt 0 0
v 43.8139 26.867 0.393701
vn 1.00412e-012 -3.43549e-015 -1
vt 0 0
v 43.6626 29.0441 0.393701
vn 1.00412e-012 -3.43549e-015 -1
vt 0 0
v 43.9397 28.9088 0.393701
vn 1.00412e-012 -3.43549e-015 -1
vt 0 0
v 43.5224 26.7667 0.393701
vn 1.00412e-012 -3.43549e-015 -1
vt 0 0
v 43.6626 29.0441 0.393701
vn 1.00412e-012 -3.43549e-015 -1
vt 0 0
v 43.8139 26.867 0.393701
vn 1.00412e-012 -3.43549e-015 -1
vt 0 0
v 43.5224 26.7667 0.393701
vn 1.00412e-012 -3.43549e-015 -1
vt 0 0
v 43.36 29.1031 0.393701
vn 1.00412e-012 -3.43549e-015 -1
vt 0 0
v 43.6626 29.0441 0.393701
vn 1.00412e-012 -3.43549e-015 -1
vt 0 0
v 43.2148 26.7454 0.393701
vn 1.00412e-012 -3.43549e-015 -1
vt 0 0
v 43.36 29.1031 0.393701
vn 1.00412e-012 -3.43549e-015 -1
vt 0 0
v 43.5224 26.7667 0.393701
vn 1.00412e-012 -3.43549e-015 -1
vt 0 0
v 43.2148 26.7454 0.393701
vn 1.00412e-012 -3.43549e-015 -1
vt 0 0
v 43.0524 29.0817 0.393701
vn 1.00412e-012 -3.43549e-015 -1
vt 0 0
v 43.36 29.1031 0.393701
vn 1.00412e-012 -3.43549e-015 -1
vt 0 0
v 42.9121 26.8043 0.393701
vn 1.00412e-012 -3.43549e-015 -1
vt 0 0
v 43.0524 29.0817 0.393701
vn 1.00412e-012 -3.43549e-015 -1
vt 0 0
v 43.2148 26.7454 0.393701
vn 1.00412e-012 -3.43549e-015 -1
vt 0 0
v 42.9121 26.8043 0.393701
vn 1.00412e-012 -3.43549e-015 -1
vt 0 0
v 42.7608 28.9815 0.393701
vn 1.00412e-012 -3.43549e-015 -1
vt 0 0
v 43.0524 29.0817 0.393701
vn 1.00412e-012 -3.43549e-015 -1
vt 0 0
v 42.6351 26.9396 0.393701
vn 1.00412e-012 -3.43549e-015 -1
vt 0 0
v 42.7608 28.9815 0.393701
vn 1.00412e-012 -3.43549e-015 -1
vt 0 0
v 42.9121 26.8043 0.393701
vn 1.00412e-012 -3.43549e-015 -1
vt 0 0
v 42.6351 26.9396 0.393701
vn 1.00412e-012 -3.43549e-015 -1
vt 0 0
v 42.5051 28.8092 0.393701
vn 1.00412e-012 -3.43549e-015 -1
vt 0 0
v 42.7608 28.9815 0.393701
vn 1.00412e-012 -3.43549e-015 -1
vt 0 0
v 42.4025 27.142 0.393701
vn 1.00412e-012 -3.43549e-015 -1
vt 0 0
v 42.5051 28.8092 0.393701
vn 1.00412e-012 -3.43549e-015 -1
vt 0 0
v 42.6351 26.9396 0.393701
vn 1.00412e-012 -3.43549e-015 -1
vt 0 0
v 42.4025 27.142 0.393701
vn 1.00412e-012 -3.43549e-015 -1
vt 0 0
v 42.3028 28.5765 0.393701
vn 1.00412e-012 -3.43549e-015 -1
vt 0 0
v 42.5051 28.8092 0.393701
vn 1.00412e-012 -3.43549e-015 -1
vt 0 0
v 42.2301 27.3977 0.393701
vn 1.00412e-012 -3.43549e-015 -1
vt 0 0
v 42.3028 28.5765 0.393701
vn 1.00412e-012 -3.43549e-015 -1
vt 0 0
v 42.4025 27.142 0.393701
vn 1.00412e-012 -3.43549e-015 -1
vt 0 0
v 42.2301 27.3977 0.393701
vn 1.00412e-012 -3.43549e-015 -1
vt 0 0
v 42.1675 28.2995 0.393701
vn 1.00412e-012 -3.43549e-015 -1
vt 0 0
v 42.3028 28.5765 0.393701
vn 1.00412e-012 -3.43549e-015 -1
vt 0 0
v 42.1299 27.6892 0.393701
vn 1.00412e-012 -3.43549e-015 -1
vt 0 0
v 42.1675 28.2995 0.393701
vn 1.00412e-012 -3.43549e-015 -1
vt 0 0
v 42.2301 27.3977 0.393701
vn 1.00412e-012 -3.43549e-015 -1
vt 0 0
v 42.1675 28.2995 0.393701
vn 1.00412e-012 -3.43549e-015 -1
vt 0 0
v 42.1299 27.6892 0.393701
vn 1.00412e-012 -3.43549e-015 -1
vt 0 0
v 42.1085 27.9968 0.393701
vn 1.00412e-012 -3.43549e-015 -1
vt 0 0
v 44.3994 26.6662 5.27953
vn 0.573944 -0.649289 0.499011
vt 0 0
v 44.6922 26.9935 5.27137
vn 0.589401 -0.390482 0.707199
vt 0 0
v 44.6871 26.9969 5.27953
vn 0.722435 -0.478618 0.499011
vt 0 0
v 44.6922 26.9935 5.27137
vn 0.589401 -0.390482 0.707199
vt 0 0
v 44.3994 26.6662 5.27953
vn 0.573944 -0.649289 0.499011
vt 0 0
v 44.4035 26.6616 5.27137
vn 0.468253 -0.529724 0.707199
vt 0 0
v 44.4073 27.549 4.76839e-007
vn -0.948187 0.317714 -9.53181e-013
vt 0 0
v 44.272 27.2719 0.393701
vn -0.833648 0.552297 -8.38976e-013
vt 0 0
v 44.4073 27.549 0.393701
vn -0.948187 0.317714 -9.53181e-013
vt 0 0
v 44.272 27.2719 0.393701
vn -0.833648 0.552297 -8.38976e-013
vt 0 0
v 44.4073 27.549 4.76839e-007
vn -0.948187 0.317714 -9.53181e-013
vt 0 0
v 44.272 27.2719 4.76839e-007
vn -0.833648 0.552297 -8.38976e-013
vt 0 0
v 44.8853 27.3888 5.27137
vn 0.670381 -0.224628 0.707199
vt 0 0
v 44.6989 26.9891 5.26512
vn 0.414699 -0.274741 0.867492
vt 0 0
v 44.8929 27.3863 5.26512
vn 0.471677 -0.158047 0.867492
vt 0 0
v 44.6989 26.9891 5.26512
vn 0.414699 -0.274741 0.867492
vt 0 0
v 44.8853 27.3888 5.27137
vn 0.670381 -0.224628 0.707199
vt 0 0
v 44.6922 26.9935 5.27137
vn 0.589401 -0.390482 0.707199
vt 0 0
v 44.9967 27.8189 5.23622
vn 0.993006 -0.0611648 -0.100985
vt 0 0
v 44.4073 27.549 4.76839e-007
vn 0.94334 -0.31609 -0.100985
vt 0 0
v 44.4663 27.8516 4.76839e-007
vn 0.993006 -0.0611648 -0.100985
vt 0 0
v 44.4073 27.549 4.76839e-007
vn 0.94334 -0.31609 -0.100985
vt 0 0
v 44.9967 27.8189 5.23622
vn 0.993006 -0.0611648 -0.100985
vt 0 0
v 44.9112 27.3801 5.23622
vn 0.94334 -0.31609 -0.100985
vt 0 0
v 44.9774 27.8201 5.26512
vn 0.49651 -0.0305828 0.867492
vt 0 0
v 44.9017 27.3833 5.26118
vn 0.239114 -0.080121 0.96768
vt 0 0
v 44.9867 27.8195 5.26118
vn 0.251703 -0.0155038 0.96768
vt 0 0
v 44.9017 27.3833 5.26118
vn 0.239114 -0.080121 0.96768
vt 0 0
v 44.9774 27.8201 5.26512
vn 0.49651 -0.0305828 0.867492
vt 0 0
v 44.8929 27.3863 5.26512
vn 0.471677 -0.158047 0.867492
vt 0 0
v 44.9967 27.8189 5.25984
vn 0.998108 -0.0614791 1.70622e-012
vt 0 0
v 44.9657 28.2649 5.23622
vn 0.980011 0.198945 1.6894e-012
vt 0 0
v 44.9657 28.2649 5.25984
vn 0.980011 0.198945 1.6894e-012
vt 0 0
v 44.9657 28.2649 5.23622
vn 0.980011 0.198945 1.6894e-012
vt 0 0
v 44.9967 27.8189 5.25984
vn 0.998108 -0.0614791 1.70622e-012
vt 0 0
v 44.9967 27.8189 5.23622
vn 0.998108 -0.0614791 1.70622e-012
vt 0 0
v 44.9967 27.8189 5.29921
vn 0.998108 -0.0614791 6.48862e-013
vt 0 0
v 44.9657 28.2649 5.25984
vn 0.980011 0.198945 6.35631e-013
vt 0 0
v 44.9657 28.2649 5.29921
vn 0.980011 0.198945 6.35631e-013
vt 0 0
v 44.9657 28.2649 5.25984
vn 0.980011 0.198945 6.35631e-013
vt 0 0
v 44.9967 27.8189 5.29921
vn 0.998108 -0.0614791 6.48862e-013
vt 0 0
v 44.9967 27.8189 5.25984
vn 0.998108 -0.0614791 6.48862e-013
vt 0 0
v 44.9657 28.2649 5.25984
vn 0.129905 0.026371 0.991176
vt 0 0
v 44.9867 27.8195 5.26118
vn 0.251703 -0.0155038 0.96768
vt 0 0
v 44.9967 27.8189 5.25984
vn 0.132304 -0.00814931 0.991176
vt 0 0
v 44.9867 27.8195 5.26118
vn 0.251703 -0.0155038 0.96768
vt 0 0
v 44.9657 28.2649 5.25984
vn 0.129905 0.026371 0.991176
vt 0 0
v 44.9559 28.2629 5.26118
vn 0.247139 0.05017 0.96768
vt 0 0
v 44.8294 28.6922 5.26118
vn -0.244102 -0.121573 0.962099
vt 0 0
v 44.9657 28.2649 5.25984
vn -0.129905 -0.026371 0.991176
vt 0 0
v 44.9756 28.2669 5.26118
vn -0.26725 -0.0542526 0.962099
vt 0 0
v 44.9657 28.2649 5.25984
vn -0.129905 -0.026371 0.991176
vt 0 0
v 44.8294 28.6922 5.26118
vn -0.244102 -0.121573 0.962099
vt 0 0
v 44.8204 28.6877 5.25984
vn -0.118653 -0.0590943 0.991176
vt 0 0
v 44.9847 28.2688 5.26512
vn -0.503485 -0.102209 0.857937
vt 0 0
v 45.0068 27.8183 5.26118
vn -0.272186 0.0167654 0.962099
vt 0 0
v 45.0161 27.8177 5.26512
vn -0.512783 0.0315852 0.857937
vt 0 0
v 45.0068 27.8183 5.26118
vn -0.272186 0.0167654 0.962099
vt 0 0
v 44.9847 28.2688 5.26512
vn -0.503485 -0.102209 0.857937
vt 0 0
v 44.9756 28.2669 5.26118
vn -0.26725 -0.0542526 0.962099
vt 0 0
v 45.0161 27.8177 5.26512
vn -0.512783 0.0315852 0.857937
vt 0 0
v 44.9372 27.3714 5.27137
vn -0.680525 0.228027 0.696341
vt 0 0
v 45.0241 27.8172 5.27137
vn -0.716354 0.0441242 0.696341
vt 0 0
v 44.9372 27.3714 5.27137
vn -0.680525 0.228027 0.696341
vt 0 0
v 45.0161 27.8177 5.26512
vn -0.512783 0.0315852 0.857937
vt 0 0
v 44.9296 27.3739 5.26512
vn -0.487136 0.163227 0.857937
vt 0 0
v 44.7379 26.9632 5.27137
vn -0.598319 0.39639 0.696341
vt 0 0
v 44.9431 27.3694 5.27953
vn -0.826686 0.277002 0.489755
vt 0 0
v 44.9372 27.3714 5.27137
vn -0.680525 0.228027 0.696341
vt 0 0
v 44.9431 27.3694 5.27953
vn -0.826686 0.277002 0.489755
vt 0 0
v 44.7379 26.9632 5.27137
vn -0.598319 0.39639 0.696341
vt 0 0
v 44.7431 26.9598 5.27953
vn -0.726824 0.481525 0.489755
vt 0 0
v 44.4439 26.6159 5.27953
vn -0.57743 0.653234 0.489755
vt 0 0
v 44.7463 26.9577 5.28902
vn -0.806618 0.534389 0.252577
vt 0 0
v 44.7431 26.9598 5.27953
vn -0.726824 0.481525 0.489755
vt 0 0
v 44.7463 26.9577 5.28902
vn -0.806618 0.534389 0.252577
vt 0 0
v 44.4439 26.6159 5.27953
vn -0.57743 0.653234 0.489755
vt 0 0
v 44.4464 26.613 5.28902
vn -0.640823 0.724949 0.252577
vt 0 0
v 44.0696 27.0393 4.76839e-007
vn -0.662297 0.749241 -6.67597e-013
vt 0 0
v 43.8139 26.867 0.393701
vn -0.445812 0.895127 -4.50722e-013
vt 0 0
v 44.0696 27.0393 0.393701
vn -0.662297 0.749241 -6.67597e-013
vt 0 0
v 43.8139 26.867 0.393701
vn -0.445812 0.895127 -4.50722e-013
vt 0 0
v 44.0696 27.0393 4.76839e-007
vn -0.662297 0.749241 -6.67597e-013
vt 0 0
v 43.8139 26.867 4.76839e-007
vn -0.445812 0.895127 -4.50722e-013
vt 0 0
v 44.4035 26.6616 5.27137
vn 0.468253 -0.529724 0.707199
vt 0 0
v 44.0422 26.4086 5.26512
vn 0.22177 -0.445282 0.867492
vt 0 0
v 44.4088 26.6556 5.26512
vn 0.32946 -0.372711 0.867492
vt 0 0
v 44.0422 26.4086 5.26512
vn 0.22177 -0.445282 0.867492
vt 0 0
v 44.4035 26.6616 5.27137
vn 0.468253 -0.529724 0.707199
vt 0 0
v 44.0387 26.4158 5.27137
vn 0.315195 -0.632867 0.707199
vt 0 0
v 44.4398 26.6205 5.27137
vn -0.475338 0.537739 0.696341
vt 0 0
v 44.0658 26.3612 5.27953
vn -0.388686 0.780425 0.489755
vt 0 0
v 44.4439 26.6159 5.27953
vn -0.57743 0.653234 0.489755
vt 0 0
v 44.0658 26.3612 5.27953
vn -0.388686 0.780425 0.489755
vt 0 0
v 44.4398 26.6205 5.27137
vn -0.475338 0.537739 0.696341
vt 0 0
v 44.0631 26.3667 5.27137
vn -0.319964 0.642443 0.696341
vt 0 0
v 43.6281 26.2459 5.23622
vn 0.197928 -0.975001 -0.100985
vt 0 0
v 43.8139 26.867 4.76839e-007
vn 0.443533 -0.890551 -0.100985
vt 0 0
v 44.0509 26.3912 5.23622
vn 0.443533 -0.890551 -0.100985
vt 0 0
v 43.8139 26.867 4.76839e-007
vn 0.443533 -0.890551 -0.100985
vt 0 0
v 43.6281 26.2459 5.23622
vn 0.197928 -0.975001 -0.100985
vt 0 0
v 43.5224 26.7667 4.76839e-007
vn 0.197928 -0.975001 -0.100985
vt 0 0
v 44.0422 26.4086 5.26512
vn 0.22177 -0.445282 0.867492
vt 0 0
v 43.6261 26.2557 5.26118
vn 0.05017 -0.247139 0.96768
vt 0 0
v 44.0464 26.4002 5.26118
vn 0.112425 -0.225733 0.96768
vt 0 0
v 43.6261 26.2557 5.26118
vn 0.05017 -0.247139 0.96768
vt 0 0
v 44.0422 26.4086 5.26512
vn 0.22177 -0.445282 0.867492
vt 0 0
v 43.6242 26.2648 5.26512
vn 0.0989656 -0.487508 0.867492
vt 0 0
v 44.0595 26.3739 5.26512
vn -0.229038 0.459876 0.857937
vt 0 0
v 43.6335 26.219 5.27137
vn -0.142785 0.703365 0.696341
vt 0 0
v 44.0631 26.3667 5.27137
vn -0.319964 0.642443 0.696341
vt 0 0
v 43.6335 26.219 5.27137
vn -0.142785 0.703365 0.696341
vt 0 0
v 44.0595 26.3739 5.26512
vn -0.229038 0.459876 0.857937
vt 0 0
v 43.632 26.2269 5.26512
vn -0.102209 0.503485 0.857937
vt 0 0
v 43.1821 26.2149 5.25984
vn -0.0614791 -0.998108 5.38954e-013
vt 0 0
v 43.6281 26.2459 5.23622
vn 0.198945 -0.980011 8.47212e-013
vt 0 0
v 43.6281 26.2459 5.25984
vn 0.198945 -0.980011 8.47212e-013
vt 0 0
v 43.1821 26.2149 5.25984
vn -0.0614791 -0.998108 5.38954e-013
vt 0 0
v 43.2844 26.222 5.23622
vn 0.0693262 -0.997594 6.4751e-013
vt 0 0
v 43.6281 26.2459 5.23622
vn 0.198945 -0.980011 8.47212e-013
vt 0 0
v 43.2844 26.222 5.23622
vn 0.0693262 -0.997594 6.4751e-013
vt 0 0
v 43.1821 26.2149 5.25984
vn -0.0614791 -0.998108 5.38954e-013
vt 0 0
v 43.1821 26.2149 5.23622
vn -0.0614791 -0.998108 5.38954e-013
vt 0 0
v 43.1827 26.2249 5.26118
vn -0.0155038 -0.251703 0.96768
vt 0 0
v 43.6281 26.2459 5.25984
vn 0.026371 -0.129905 0.991176
vt 0 0
v 43.6261 26.2557 5.26118
vn 0.05017 -0.247139 0.96768
vt 0 0
v 43.6281 26.2459 5.25984
vn 0.026371 -0.129905 0.991176
vt 0 0
v 43.1827 26.2249 5.26118
vn -0.0155038 -0.251703 0.96768
vt 0 0
v 43.1821 26.2149 5.25984
vn -0.00814931 -0.132304 0.991176
vt 0 0
v 43.1821 26.2149 5.29921
vn -0.0614791 -0.998108 -4.04357e-013
vt 0 0
v 43.6281 26.2459 5.25984
vn 0.198945 -0.980011 -1.74578e-013
vt 0 0
v 43.6281 26.2459 5.29921
vn 0.198945 -0.980011 -1.74578e-013
vt 0 0
v 43.6281 26.2459 5.25984
vn 0.198945 -0.980011 -1.74578e-013
vt 0 0
v 43.1821 26.2149 5.29921
vn -0.0614791 -0.998108 -4.04357e-013
vt 0 0
v 43.1821 26.2149 5.25984
vn -0.0614791 -0.998108 -4.04357e-013
vt 0 0
v 43.1815 26.2048 5.26118
vn 0.0167654 0.272186 0.962099
vt 0 0
v 43.632 26.2269 5.26512
vn -0.102209 0.503485 0.857937
vt 0 0
v 43.6301 26.236 5.26118
vn -0.0542526 0.26725 0.962099
vt 0 0
v 43.632 26.2269 5.26512
vn -0.102209 0.503485 0.857937
vt 0 0
v 43.1815 26.2048 5.26118
vn 0.0167654 0.272186 0.962099
vt 0 0
v 43.1809 26.1955 5.26512
vn 0.0315852 0.512783 0.857937
vt 0 0
v 42.7433 26.3004 5.25984
vn 0.0421143 0.125686 0.991176
vt 0 0
v 43.1815 26.2048 5.26118
vn 0.0167654 0.272186 0.962099
vt 0 0
v 43.1821 26.2149 5.25984
vn 0.00814931 0.132304 0.991176
vt 0 0
v 43.1815 26.2048 5.26118
vn 0.0167654 0.272186 0.962099
vt 0 0
v 42.7433 26.3004 5.25984
vn 0.0421143 0.125686 0.991176
vt 0 0
v 42.7401 26.2908 5.26118
vn 0.086641 0.258572 0.962099
vt 0 0
v 44.272 27.2719 4.76839e-007
vn -0.833648 0.552297 -8.38976e-013
vt 0 0
v 44.0696 27.0393 0.393701
vn -0.662297 0.749241 -6.67597e-013
vt 0 0
v 44.272 27.2719 0.393701
vn -0.833648 0.552297 -8.38976e-013
vt 0 0
v 44.0696 27.0393 0.393701
vn -0.662297 0.749241 -6.67597e-013
vt 0 0
v 44.272 27.2719 4.76839e-007
vn -0.833648 0.552297 -8.38976e-013
vt 0 0
v 44.0696 27.0393 4.76839e-007
vn -0.662297 0.749241 -6.67597e-013
vt 0 0
v 44.6922 26.9935 5.27137
vn 0.589401 -0.390482 0.707199
vt 0 0
v 44.4088 26.6556 5.26512
vn 0.32946 -0.372711 0.867492
vt 0 0
v 44.6989 26.9891 5.26512
vn 0.414699 -0.274741 0.867492
vt 0 0
v 44.4088 26.6556 5.26512
vn 0.32946 -0.372711 0.867492
vt 0 0
v 44.6922 26.9935 5.27137
vn 0.589401 -0.390482 0.707199
vt 0 0
v 44.4035 26.6616 5.27137
vn 0.468253 -0.529724 0.707199
vt 0 0
v 44.9112 27.3801 5.23622
vn 0.94334 -0.31609 -0.100985
vt 0 0
v 44.272 27.2719 4.76839e-007
vn 0.829386 -0.549473 -0.100985
vt 0 0
v 44.4073 27.549 4.76839e-007
vn 0.94334 -0.31609 -0.100985
vt 0 0
v 44.272 27.2719 4.76839e-007
vn 0.829386 -0.549473 -0.100985
vt 0 0
v 44.9112 27.3801 5.23622
vn 0.94334 -0.31609 -0.100985
vt 0 0
v 44.7151 26.9784 5.23622
vn 0.829386 -0.549473 -0.100985
vt 0 0
v 44.8929 27.3863 5.26512
vn 0.471677 -0.158047 0.867492
vt 0 0
v 44.7067 26.9839 5.26118
vn 0.210229 -0.139278 0.96768
vt 0 0
v 44.9017 27.3833 5.26118
vn 0.239114 -0.080121 0.96768
vt 0 0
v 44.7067 26.9839 5.26118
vn 0.210229 -0.139278 0.96768
vt 0 0
v 44.8929 27.3863 5.26512
vn 0.471677 -0.158047 0.867492
vt 0 0
v 44.6989 26.9891 5.26512
vn 0.414699 -0.274741 0.867492
vt 0 0
v 44.9112 27.3801 5.25984
vn 0.948187 -0.317714 1.59259e-012
vt 0 0
v 44.9967 27.8189 5.23622
vn 0.998108 -0.0614791 1.70622e-012
vt 0 0
v 44.9967 27.8189 5.25984
vn 0.998108 -0.0614791 1.70622e-012
vt 0 0
v 44.9967 27.8189 5.23622
vn 0.998108 -0.0614791 1.70622e-012
vt 0 0
v 44.9112 27.3801 5.25984
vn 0.948187 -0.317714 1.59259e-012
vt 0 0
v 44.9112 27.3801 5.23622
vn 0.948187 -0.317714 1.59259e-012
vt 0 0
v 44.9967 27.8189 5.29921
vn 0.998108 -0.0614791 6.48862e-013
vt 0 0
v 44.9112 27.3801 5.25984
vn 0.948187 -0.317714 6.09436e-013
vt 0 0
v 44.9967 27.8189 5.25984
vn 0.998108 -0.0614791 6.48862e-013
vt 0 0
v 44.9112 27.3801 5.25984
vn 0.948187 -0.317714 6.09436e-013
vt 0 0
v 44.9967 27.8189 5.29921
vn 0.998108 -0.0614791 6.48862e-013
vt 0 0
v 44.9112 27.3801 5.29921
vn 0.948187 -0.317714 6.09436e-013
vt 0 0
v 44.9867 27.8195 5.26118
vn 0.251703 -0.0155038 0.96768
vt 0 0
v 44.9112 27.3801 5.25984
vn 0.125686 -0.0421143 0.991176
vt 0 0
v 44.9967 27.8189 5.25984
vn 0.132304 -0.00814931 0.991176
vt 0 0
v 44.9112 27.3801 5.25984
vn 0.125686 -0.0421143 0.991176
vt 0 0
v 44.9867 27.8195 5.26118
vn 0.251703 -0.0155038 0.96768
vt 0 0
v 44.9017 27.3833 5.26118
vn 0.239114 -0.080121 0.96768
vt 0 0
v 44.9756 28.2669 5.26118
vn -0.26725 -0.0542526 0.962099
vt 0 0
v 44.9967 27.8189 5.25984
vn -0.132304 0.00814931 0.991176
vt 0 0
v 45.0068 27.8183 5.26118
vn -0.272186 0.0167654 0.962099
vt 0 0
v 44.9967 27.8189 5.25984
vn -0.132304 0.00814931 0.991176
vt 0 0
v 44.9756 28.2669 5.26118
vn -0.26725 -0.0542526 0.962099
vt 0 0
v 44.9657 28.2649 5.25984
vn -0.129905 -0.026371 0.991176
vt 0 0
v 45.0068 27.8183 5.26118
vn -0.272186 0.0167654 0.962099
vt 0 0
v 44.9296 27.3739 5.26512
vn -0.487136 0.163227 0.857937
vt 0 0
v 45.0161 27.8177 5.26512
vn -0.512783 0.0315852 0.857937
vt 0 0
v 44.9296 27.3739 5.26512
vn -0.487136 0.163227 0.857937
vt 0 0
v 45.0068 27.8183 5.26118
vn -0.272186 0.0167654 0.962099
vt 0 0
v 44.9208 27.3769 5.26118
vn -0.258572 0.086641 0.962099
vt 0 0
v 44.9296 27.3739 5.26512
vn -0.487136 0.163227 0.857937
vt 0 0
v 44.7379 26.9632 5.27137
vn -0.598319 0.39639 0.696341
vt 0 0
v 44.9372 27.3714 5.27137
vn -0.680525 0.228027 0.696341
vt 0 0
v 44.7379 26.9632 5.27137
vn -0.598319 0.39639 0.696341
vt 0 0
v 44.9296 27.3739 5.26512
vn -0.487136 0.163227 0.857937
vt 0 0
v 44.7312 26.9677 5.26512
vn -0.428291 0.283745 0.857937
vt 0 0
v 44.4398 26.6205 5.27137
vn -0.475338 0.537739 0.696341
vt 0 0
v 44.7431 26.9598 5.27953
vn -0.726824 0.481525 0.489755
vt 0 0
v 44.7379 26.9632 5.27137
vn -0.598319 0.39639 0.696341
vt 0 0
v 44.7431 26.9598 5.27953
vn -0.726824 0.481525 0.489755
vt 0 0
v 44.4398 26.6205 5.27137
vn -0.475338 0.537739 0.696341
vt 0 0
v 44.4439 26.6159 5.27953
vn -0.57743 0.653234 0.489755
vt 0 0
v 44.0509 26.3912 5.23622
vn 0.443533 -0.890551 -0.100985
vt 0 0
v 44.0696 27.0393 4.76839e-007
vn 0.658911 -0.745411 -0.100985
vt 0 0
v 44.4216 26.6411 5.23622
vn 0.658911 -0.745411 -0.100985
vt 0 0
v 44.0696 27.0393 4.76839e-007
vn 0.658911 -0.745411 -0.100985
vt 0 0
v 44.0509 26.3912 5.23622
vn 0.443533 -0.890551 -0.100985
vt 0 0
v 43.8139 26.867 4.76839e-007
vn 0.443533 -0.890551 -0.100985
vt 0 0
v 44.4088 26.6556 5.26512
vn 0.32946 -0.372711 0.867492
vt 0 0
v 44.0464 26.4002 5.26118
vn 0.112425 -0.225733 0.96768
vt 0 0
v 44.415 26.6486 5.26118
vn 0.167018 -0.188944 0.96768
vt 0 0
v 44.0464 26.4002 5.26118
vn 0.112425 -0.225733 0.96768
vt 0 0
v 44.4088 26.6556 5.26512
vn 0.32946 -0.372711 0.867492
vt 0 0
v 44.0422 26.4086 5.26512
vn 0.22177 -0.445282 0.867492
vt 0 0
v 44.4345 26.6266 5.26512
vn -0.340258 0.384927 0.857937
vt 0 0
v 44.0631 26.3667 5.27137
vn -0.319964 0.642443 0.696341
vt 0 0
v 44.4398 26.6205 5.27137
vn -0.475338 0.537739 0.696341
vt 0 0
v 44.0631 26.3667 5.27137
vn -0.319964 0.642443 0.696341
vt 0 0
v 44.4345 26.6266 5.26512
vn -0.340258 0.384927 0.857937
vt 0 0
v 44.0595 26.3739 5.26512
vn -0.229038 0.459876 0.857937
vt 0 0
v 43.6281 26.2459 5.25984
vn 0.198945 -0.980011 8.47212e-013
vt 0 0
v 44.0509 26.3912 5.23622
vn 0.445812 -0.895127 1.08314e-012
vt 0 0
v 44.0509 26.3912 5.25984
vn 0.445812 -0.895127 1.08314e-012
vt 0 0
v 44.0509 26.3912 5.23622
vn 0.445812 -0.895127 1.08314e-012
vt 0 0
v 43.6281 26.2459 5.25984
vn 0.198945 -0.980011 8.47212e-013
vt 0 0
v 43.6281 26.2459 5.23622
vn 0.198945 -0.980011 8.47212e-013
vt 0 0
v 44.0464 26.4002 5.26118
vn 0.112425 -0.225733 0.96768
vt 0 0
v 43.6281 26.2459 5.25984
vn 0.026371 -0.129905 0.991176
vt 0 0
v 44.0509 26.3912 5.25984
vn 0.0590943 -0.118653 0.991176
vt 0 0
v 43.6281 26.2459 5.25984
vn 0.026371 -0.129905 0.991176
vt 0 0
v 44.0464 26.4002 5.26118
vn 0.112425 -0.225733 0.96768
vt 0 0
v 43.6261 26.2557 5.26118
vn 0.05017 -0.247139 0.96768
vt 0 0
v 43.6281 26.2459 5.29921
vn 0.198945 -0.980011 -1.74578e-013
vt 0 0
v 44.0509 26.3912 5.25984
vn 0.445812 -0.895127 3.19077e-014
vt 0 0
v 44.0509 26.3912 5.29921
vn 0.445812 -0.895127 3.19077e-014
vt 0 0
v 44.0509 26.3912 5.25984
vn 0.445812 -0.895127 3.19077e-014
vt 0 0
v 43.6281 26.2459 5.29921
vn 0.198945 -0.980011 -1.74578e-013
vt 0 0
v 43.6281 26.2459 5.25984
vn 0.198945 -0.980011 -1.74578e-013
vt 0 0
v 44.0554 26.3822 5.26118
vn -0.121573 0.244102 0.962099
vt 0 0
v 43.632 26.2269 5.26512
vn -0.102209 0.503485 0.857937
vt 0 0
v 44.0595 26.3739 5.26512
vn -0.229038 0.459876 0.857937
vt 0 0
v 43.632 26.2269 5.26512
vn -0.102209 0.503485 0.857937
vt 0 0
v 44.0554 26.3822 5.26118
vn -0.121573 0.244102 0.962099
vt 0 0
v 43.6301 26.236 5.26118
vn -0.0542526 0.26725 0.962099
vt 0 0
v 43.1821 26.2149 5.25984
vn 0.00814931 0.132304 0.991176
vt 0 0
v 43.6301 26.236 5.26118
vn -0.0542526 0.26725 0.962099
vt 0 0
v 43.6281 26.2459 5.25984
vn -0.026371 0.129905 0.991176
vt 0 0
v 43.6301 26.236 5.26118
vn -0.0542526 0.26725 0.962099
vt 0 0
v 43.1821 26.2149 5.25984
vn 0.00814931 0.132304 0.991176
vt 0 0
v 43.1815 26.2048 5.26118
vn 0.0167654 0.272186 0.962099
vt 0 0
v 44.7151 26.9784 5.23622
vn 0.829386 -0.549473 -0.100985
vt 0 0
v 44.0696 27.0393 4.76839e-007
vn 0.658911 -0.745411 -0.100985
vt 0 0
v 44.272 27.2719 4.76839e-007
vn 0.829386 -0.549473 -0.100985
vt 0 0
v 44.0696 27.0393 4.76839e-007
vn 0.658911 -0.745411 -0.100985
vt 0 0
v 44.7151 26.9784 5.23622
vn 0.829386 -0.549473 -0.100985
vt 0 0
v 44.4216 26.6411 5.23622
vn 0.658911 -0.745411 -0.100985
vt 0 0
v 44.6989 26.9891 5.26512
vn 0.414699 -0.274741 0.867492
vt 0 0
v 44.415 26.6486 5.26118
vn 0.167018 -0.188944 0.96768
vt 0 0
v 44.7067 26.9839 5.26118
vn 0.210229 -0.139278 0.96768
vt 0 0
v 44.415 26.6486 5.26118
vn 0.167018 -0.188944 0.96768
vt 0 0
v 44.6989 26.9891 5.26512
vn 0.414699 -0.274741 0.867492
vt 0 0
v 44.4088 26.6556 5.26512
vn 0.32946 -0.372711 0.867492
vt 0 0
v 44.7151 26.9784 5.25984
vn 0.833648 -0.552297 1.36285e-012
vt 0 0
v 44.9112 27.3801 5.23622
vn 0.948187 -0.317714 1.59259e-012
vt 0 0
v 44.9112 27.3801 5.25984
vn 0.948187 -0.317714 1.59259e-012
vt 0 0
v 44.9112 27.3801 5.23622
vn 0.948187 -0.317714 1.59259e-012
vt 0 0
v 44.7151 26.9784 5.25984
vn 0.833648 -0.552297 1.36285e-012
vt 0 0
v 44.7151 26.9784 5.23622
vn 0.833648 -0.552297 1.36285e-012
vt 0 0
v 44.9112 27.3801 5.29921
vn 0.948187 -0.317714 6.09436e-013
vt 0 0
v 44.7151 26.9784 5.25984
vn 0.833648 -0.552297 5.03738e-013
vt 0 0
v 44.9112 27.3801 5.25984
vn 0.948187 -0.317714 6.09436e-013
vt 0 0
v 44.7151 26.9784 5.25984
vn 0.833648 -0.552297 5.03738e-013
vt 0 0
v 44.9112 27.3801 5.29921
vn 0.948187 -0.317714 6.09436e-013
vt 0 0
v 44.7151 26.9784 5.29921
vn 0.833648 -0.552297 5.03738e-013
vt 0 0
v 44.9017 27.3833 5.26118
vn 0.239114 -0.080121 0.96768
vt 0 0
v 44.7151 26.9784 5.25984
vn 0.110504 -0.0732093 0.991176
vt 0 0
v 44.9112 27.3801 5.25984
vn 0.125686 -0.0421143 0.991176
vt 0 0
v 44.7151 26.9784 5.25984
vn 0.110504 -0.0732093 0.991176
vt 0 0
v 44.9017 27.3833 5.26118
vn 0.239114 -0.080121 0.96768
vt 0 0
v 44.7067 26.9839 5.26118
vn 0.210229 -0.139278 0.96768
vt 0 0
v 44.9967 27.8189 5.25984
vn -0.132304 0.00814931 0.991176
vt 0 0
v 44.9208 27.3769 5.26118
vn -0.258572 0.086641 0.962099
vt 0 0
v 45.0068 27.8183 5.26118
vn -0.272186 0.0167654 0.962099
vt 0 0
v 44.9208 27.3769 5.26118
vn -0.258572 0.086641 0.962099
vt 0 0
v 44.9967 27.8189 5.25984
vn -0.132304 0.00814931 0.991176
vt 0 0
v 44.9112 27.3801 5.25984
vn -0.125686 0.0421143 0.991176
vt 0 0
v 44.9208 27.3769 5.26118
vn -0.258572 0.086641 0.962099
vt 0 0
v 44.7312 26.9677 5.26512
vn -0.428291 0.283745 0.857937
vt 0 0
v 44.9296 27.3739 5.26512
vn -0.487136 0.163227 0.857937
vt 0 0
v 44.7312 26.9677 5.26512
vn -0.428291 0.283745 0.857937
vt 0 0
v 44.9208 27.3769 5.26118
vn -0.258572 0.086641 0.962099
vt 0 0
v 44.7234 26.9728 5.26118
vn -0.227337 0.150612 0.962099
vt 0 0
v 44.7312 26.9677 5.26512
vn -0.428291 0.283745 0.857937
vt 0 0
v 44.4398 26.6205 5.27137
vn -0.475338 0.537739 0.696341
vt 0 0
v 44.7379 26.9632 5.27137
vn -0.598319 0.39639 0.696341
vt 0 0
v 44.4398 26.6205 5.27137
vn -0.475338 0.537739 0.696341
vt 0 0
v 44.7312 26.9677 5.26512
vn -0.428291 0.283745 0.857937
vt 0 0
v 44.4345 26.6266 5.26512
vn -0.340258 0.384927 0.857937
vt 0 0
v 44.0509 26.3912 5.25984
vn 0.445812 -0.895127 1.08314e-012
vt 0 0
v 44.4216 26.6411 5.23622
vn 0.662297 -0.749241 1.16667e-012
vt 0 0
v 44.4216 26.6411 5.25984
vn 0.662297 -0.749241 1.16667e-012
vt 0 0
v 44.4216 26.6411 5.23622
vn 0.662297 -0.749241 1.16667e-012
vt 0 0
v 44.0509 26.3912 5.25984
vn 0.445812 -0.895127 1.08314e-012
vt 0 0
v 44.0509 26.3912 5.23622
vn 0.445812 -0.895127 1.08314e-012
vt 0 0
v 44.415 26.6486 5.26118
vn 0.167018 -0.188944 0.96768
vt 0 0
v 44.0509 26.3912 5.25984
vn 0.0590943 -0.118653 0.991176
vt 0 0
v 44.4216 26.6411 5.25984
vn 0.0877903 -0.0993152 0.991176
vt 0 0
v 44.0509 26.3912 5.25984
vn 0.0590943 -0.118653 0.991176
vt 0 0
v 44.415 26.6486 5.26118
vn 0.167018 -0.188944 0.96768
vt 0 0
v 44.0464 26.4002 5.26118
vn 0.112425 -0.225733 0.96768
vt 0 0
v 44.0509 26.3912 5.29921
vn 0.445812 -0.895127 3.19077e-014
vt 0 0
v 44.4216 26.6411 5.25984
vn 0.662297 -0.749241 2.86017e-013
vt 0 0
v 44.4216 26.6411 5.29921
vn 0.662297 -0.749241 2.86017e-013
vt 0 0
v 44.4216 26.6411 5.25984
vn 0.662297 -0.749241 2.86017e-013
vt 0 0
v 44.0509 26.3912 5.29921
vn 0.445812 -0.895127 3.19077e-014
vt 0 0
v 44.0509 26.3912 5.25984
vn 0.445812 -0.895127 3.19077e-014
vt 0 0
v 44.4283 26.6336 5.26118
vn -0.180609 0.204319 0.962099
vt 0 0
v 44.0595 26.3739 5.26512
vn -0.229038 0.459876 0.857937
vt 0 0
v 44.4345 26.6266 5.26512
vn -0.340258 0.384927 0.857937
vt 0 0
v 44.0595 26.3739 5.26512
vn -0.229038 0.459876 0.857937
vt 0 0
v 44.4283 26.6336 5.26118
vn -0.180609 0.204319 0.962099
vt 0 0
v 44.0554 26.3822 5.26118
vn -0.121573 0.244102 0.962099
vt 0 0
v 44.0509 26.3912 5.25984
vn -0.0590943 0.118653 0.991176
vt 0 0
v 43.6301 26.236 5.26118
vn -0.0542526 0.26725 0.962099
vt 0 0
v 44.0554 26.3822 5.26118
vn -0.121573 0.244102 0.962099
vt 0 0
v 43.6301 26.236 5.26118
vn -0.0542526 0.26725 0.962099
vt 0 0
v 44.0509 26.3912 5.25984
vn -0.0590943 0.118653 0.991176
vt 0 0
v 43.6281 26.2459 5.25984
vn -0.026371 0.129905 0.991176
vt 0 0
v 44.4216 26.6411 5.25984
vn 0.662297 -0.749241 1.16667e-012
vt 0 0
v 44.7151 26.9784 5.23622
vn 0.833648 -0.552297 1.36285e-012
vt 0 0
v 44.7151 26.9784 5.25984
vn 0.833648 -0.552297 1.36285e-012
vt 0 0
v 44.7151 26.9784 5.23622
vn 0.833648 -0.552297 1.36285e-012
vt 0 0
v 44.4216 26.6411 5.25984
vn 0.662297 -0.749241 1.16667e-012
vt 0 0
v 44.4216 26.6411 5.23622
vn 0.662297 -0.749241 1.16667e-012
vt 0 0
v 44.7067 26.9839 5.26118
vn 0.210229 -0.139278 0.96768
vt 0 0
v 44.4216 26.6411 5.25984
vn 0.0877903 -0.0993152 0.991176
vt 0 0
v 44.7151 26.9784 5.25984
vn 0.110504 -0.0732093 0.991176
vt 0 0
v 44.4216 26.6411 5.25984
vn 0.0877903 -0.0993152 0.991176
vt 0 0
v 44.7067 26.9839 5.26118
vn 0.210229 -0.139278 0.96768
vt 0 0
v 44.415 26.6486 5.26118
vn 0.167018 -0.188944 0.96768
vt 0 0
v 44.7151 26.9784 5.29921
vn 0.833648 -0.552297 5.03738e-013
vt 0 0
v 44.4216 26.6411 5.25984
vn 0.662297 -0.749241 2.86017e-013
vt 0 0
v 44.7151 26.9784 5.25984
vn 0.833648 -0.552297 5.03738e-013
vt 0 0
v 44.4216 26.6411 5.25984
vn 0.662297 -0.749241 2.86017e-013
vt 0 0
v 44.7151 26.9784 5.29921
vn 0.833648 -0.552297 5.03738e-013
vt 0 0
v 44.4216 26.6411 5.29921
vn 0.662297 -0.749241 2.86017e-013
vt 0 0
v 44.9112 27.3801 5.25984
vn -0.125686 0.0421143 0.991176
vt 0 0
v 44.7234 26.9728 5.26118
vn -0.227337 0.150612 0.962099
vt 0 0
v 44.9208 27.3769 5.26118
vn -0.258572 0.086641 0.962099
vt 0 0
v 44.7234 26.9728 5.26118
vn -0.227337 0.150612 0.962099
vt 0 0
v 44.9112 27.3801 5.25984
vn -0.125686 0.0421143 0.991176
vt 0 0
v 44.7151 26.9784 5.25984
vn -0.110504 0.0732093 0.991176
vt 0 0
v 44.7234 26.9728 5.26118
vn -0.227337 0.150612 0.962099
vt 0 0
v 44.4345 26.6266 5.26512
vn -0.340258 0.384927 0.857937
vt 0 0
v 44.7312 26.9677 5.26512
vn -0.428291 0.283745 0.857937
vt 0 0
v 44.4345 26.6266 5.26512
vn -0.340258 0.384927 0.857937
vt 0 0
v 44.7234 26.9728 5.26118
vn -0.227337 0.150612 0.962099
vt 0 0
v 44.4283 26.6336 5.26118
vn -0.180609 0.204319 0.962099
vt 0 0
v 44.4216 26.6411 5.25984
vn -0.0877903 0.0993152 0.991176
vt 0 0
v 44.0554 26.3822 5.26118
vn -0.121573 0.244102 0.962099
vt 0 0
v 44.4283 26.6336 5.26118
vn -0.180609 0.204319 0.962099
vt 0 0
v 44.0554 26.3822 5.26118
vn -0.121573 0.244102 0.962099
vt 0 0
v 44.4216 26.6411 5.25984
vn -0.0877903 0.0993152 0.991176
vt 0 0
v 44.0509 26.3912 5.25984
vn -0.0590943 0.118653 0.991176
vt 0 0
v 44.7151 26.9784 5.25984
vn -0.110504 0.0732093 0.991176
vt 0 0
v 44.4283 26.6336 5.26118
vn -0.180609 0.204319 0.962099
vt 0 0
v 44.7234 26.9728 5.26118
vn -0.227337 0.150612 0.962099
vt 0 0
v 44.4283 26.6336 5.26118
vn -0.180609 0.204319 0.962099
vt 0 0
v 44.7151 26.9784 5.25984
vn -0.110504 0.0732093 0.991176
vt 0 0
v 44.4216 26.6411 5.25984
vn -0.0877903 0.0993152 0.991176
vt 0 0
g solo disposable coffee cup    oz
usemtl m0
f 1/1/1 2/2/2 3/3/3
f 4/4/4 5/5/5 6/6/6
f 7/7/7 8/8/8 9/9/9
f 10/10/10 11/11/11 12/12/12
f 13/13/13 14/14/14 15/15/15
f 16/16/16 17/17/17 18/18/18
f 19/19/19 20/20/20 21/21/21
f 22/22/22 23/23/23 24/24/24
f 25/25/25 26/26/26 27/27/27
f 28/28/28 29/29/29 30/30/30
f 31/31/31 32/32/32 33/33/33
f 34/34/34 35/35/35 36/36/36
f 37/37/37 38/38/38 39/39/39
f 40/40/40 41/41/41 42/42/42
f 43/43/43 44/44/44 45/45/45
f 46/46/46 47/47/47 48/48/48
f 49/49/49 50/50/50 51/51/51
f 52/52/52 53/53/53 54/54/54
f 55/55/55 56/56/56 57/57/57
f 58/58/58 59/59/59 60/60/60
f 61/61/61 62/62/62 63/63/63
f 64/64/64 65/65/65 66/66/66
f 67/67/67 68/68/68 69/69/69
f 70/70/70 71/71/71 72/72/72
f 73/73/73 74/74/74 75/75/75
f 76/76/76 77/77/77 78/78/78
f 79/79/79 80/80/80 81/81/81
f 82/82/82 83/83/83 84/84/84
f 85/85/85 86/86/86 87/87/87
f 88/88/88 89/89/89 90/90/90
f 91/91/91 92/92/92 93/93/93
f 94/94/94 95/95/95 96/96/96
f 97/97/97 98/98/98 99/99/99
f 100/100/100 101/101/101 102/102/102
f 103/103/103 104/104/104 105/105/105
f 106/106/106 107/107/107 108/108/108
f 109/109/109 110/110/110 111/111/111
f 112/112/112 113/113/113 114/114/114
f 115/115/115 116/116/116 117/117/117
f 118/118/118 119/119/119 120/120/120
f 121/121/121 122/122/122 123/123/123
f 124/124/124 125/125/125 126/126/126
f 127/127/127 128/128/128 129/129/129
f 130/130/130 131/131/131 132/132/132
f 133/133/133 134/134/134 135/135/135
f 136/136/136 137/137/137 138/138/138
f 139/139/139 140/140/140 141/141/141
f 142/142/142 143/143/143 144/144/144
f 145/145/145 146/146/146 147/147/147
f 148/148/148 149/149/149 150/150/150
f 151/151/151 152/152/152 153/153/153
f 154/154/154 155/155/155 156/156/156
f 157/157/157 158/158/158 159/159/159
f 160/160/160 161/161/161 162/162/162
f 163/163/163 164/164/164 165/165/165
f 166/166/166 167/167/167 168/168/168
f 169/169/169 170/170/170 171/171/171
f 172/172/172 173/173/173 174/174/174
f 175/175/175 176/176/176 177/177/177
f 178/178/178 179/179/179 180/180/180
f 181/181/181 182/182/182 183/183/183
f 184/184/184 185/185/185 186/186/186
f 187/187/187 188/188/188 189/189/189
f 190/190/190 191/191/191 192/192/192
f 193/193/193 194/194/194 195/195/195
f 196/196/196 197/197/197 198/198/198
f 199/199/199 200/200/200 201/201/201
f 202/202/202 203/203/203 204/204/204
f 205/205/205 206/206/206 207/207/207
f 208/208/208 209/209/209 210/210/210
f 211/211/211 212/212/212 213/213/213
f 214/214/214 215/215/215 216/216/216
f 217/217/217 218/218/218 219/219/219
f 220/220/220 221/221/221 222/222/222
f 223/223/223 224/224/224 225/225/225
f 226/226/226 227/227/227 228/228/228
f 229/229/229 230/230/230 231/231/231
f 232/232/232 233/233/233 234/234/234
f 235/235/235 236/236/236 237/237/237
f 238/238/238 239/239/239 240/240/240
f 241/241/241 242/242/242 243/243/243
f 244/244/244 245/245/245 246/246/246
f 247/247/247 248/248/248 249/249/249
f 250/250/250 251/251/251 252/252/252
f 253/253/253 254/254/254 255/255/255
f 256/256/256 257/257/257 258/258/258
f 259/259/259 260/260/260 261/261/261
f 262/262/262 263/263/263 264/264/264
f 265/265/265 266/266/266 267/267/267
f 268/268/268 269/269/269 270/270/270
f 271/271/271 272/272/272 273/273/273
f 274/274/274 275/275/275 276/276/276
f 277/277/277 278/278/278 279/279/279
f 280/280/280 281/281/281 282/282/282
f 283/283/283 284/284/284 285/285/285
f 286/286/286 287/287/287 288/288/288
f 289/289/289 290/290/290 291/291/291
f 292/292/292 293/293/293 294/294/294
f 295/295/295 296/296/296 297/297/297
f 298/298/298 299/299/299 300/300/300
f 301/301/301 302/302/302 303/303/303
f 304/304/304 305/305/305 306/306/306
f 307/307/307 308/308/308 309/309/309
f 310/310/310 311/311/311 312/312/312
f 313/313/313 314/314/314 315/315/315
f 316/316/316 317/317/317 318/318/318
f 319/319/319 320/320/320 321/321/321
f 322/322/322 323/323/323 324/324/324
f 325/325/325 326/326/326 327/327/327
f 328/328/328 329/329/329 330/330/330
f 331/331/331 332/332/332 333/333/333
f 334/334/334 335/335/335 336/336/336
f 337/337/337 338/338/338 339/339/339
f 340/340/340 341/341/341 342/342/342
f 343/343/343 344/344/344 345/345/345
f 346/346/346 347/347/347 348/348/348
f 349/349/349 350/350/350 351/351/351
f 352/352/352 353/353/353 354/354/354
f 355/355/355 356/356/356 357/357/357
f 358/358/358 359/359/359 360/360/360
f 361/361/361 362/362/362 363/363/363
f 364/364/364 365/365/365 366/366/366
f 367/367/367 368/368/368 369/369/369
f 370/370/370 371/371/371 372/372/372
f 373/373/373 374/374/374 375/375/375
f 376/376/376 377/377/377 378/378/378
f 379/379/379 380/380/380 381/381/381
f 382/382/382 383/383/383 384/384/384
f 385/385/385 386/386/386 387/387/387
f 388/388/388 389/389/389 390/390/390
f 391/391/391 392/392/392 393/393/393
f 394/394/394 395/395/395 396/396/396
f 397/397/397 398/398/398 399/399/399
f 400/400/400 401/401/401 402/402/402
f 403/403/403 404/404/404 405/405/405
f 406/406/406 407/407/407 408/408/408
f 409/409/409 410/410/410 411/411/411
f 412/412/412 413/413/413 414/414/414
f 415/415/415 416/416/416 417/417/417
f 418/418/418 419/419/419 420/420/420
f 421/421/421 422/422/422 423/423/423
f 424/424/424 425/425/425 426/426/426
f 427/427/427 428/428/428 429/429/429
f 430/430/430 431/431/431 432/432/432
f 433/433/433 434/434/434 435/435/435
f 436/436/436 437/437/437 438/438/438
f 439/439/439 440/440/440 441/441/441
f 442/442/442 443/443/443 444/444/444
f 445/445/445 446/446/446 447/447/447
f 448/448/448 449/449/449 450/450/450
f 451/451/451 452/452/452 453/453/453
f 454/454/454 455/455/455 456/456/456
f 457/457/457 458/458/458 459/459/459
f 460/460/460 461/461/461 462/462/462
f 463/463/463 464/464/464 465/465/465
f 466/466/466 467/467/467 468/468/468
f 469/469/469 470/470/470 471/471/471
f 472/472/472 473/473/473 474/474/474
f 475/475/475 476/476/476 477/477/477
f 478/478/478 479/479/479 480/480/480
f 481/481/481 482/482/482 483/483/483
f 484/484/484 485/485/485 486/486/486
f 487/487/487 488/488/488 489/489/489
f 490/490/490 491/491/491 492/492/492
f 493/493/493 494/494/494 495/495/495
f 496/496/496 497/497/497 498/498/498
f 499/499/499 500/500/500 501/501/501
f 502/502/502 503/503/503 504/504/504
f 505/505/505 506/506/506 507/507/507
f 508/508/508 509/509/509 510/510/510
f 511/511/511 512/512/512 513/513/513
f 514/514/514 515/515/515 516/516/516
f 517/517/517 518/518/518 519/519/519
f 520/520/520 521/521/521 522/522/522
f 523/523/523 524/524/524 525/525/525
f 526/526/526 527/527/527 528/528/528
f 529/529/529 530/530/530 531/531/531
f 532/532/532 533/533/533 534/534/534
f 535/535/535 536/536/536 537/537/537
f 538/538/538 539/539/539 540/540/540
f 541/541/541 542/542/542 543/543/543
f 544/544/544 545/545/545 546/546/546
f 547/547/547 548/548/548 549/549/549
f 550/550/550 551/551/551 552/552/552
f 553/553/553 554/554/554 555/555/555
f 556/556/556 557/557/557 558/558/558
f 559/559/559 560/560/560 561/561/561
f 562/562/562 563/563/563 564/564/564
f 565/565/565 566/566/566 567/567/567
f 568/568/568 569/569/569 570/570/570
f 571/571/571 572/572/572 573/573/573
f 574/574/574 575/575/575 576/576/576
f 577/577/577 578/578/578 579/579/579
f 580/580/580 581/581/581 582/582/582
f 583/583/583 584/584/584 585/585/585
f 586/586/586 587/587/587 588/588/588
f 589/589/589 590/590/590 591/591/591
f 592/592/592 593/593/593 594/594/594
f 595/595/595 596/596/596 597/597/597
f 598/598/598 599/599/599 600/600/600
f 601/601/601 602/602/602 603/603/603
f 604/604/604 605/605/605 606/606/606
f 607/607/607 608/608/608 609/609/609
f 610/610/610 611/611/611 612/612/612
f 613/613/613 614/614/614 615/615/615
f 616/616/616 617/617/617 618/618/618
f 619/619/619 620/620/620 621/621/621
f 622/622/622 623/623/623 624/624/624
f 625/625/625 626/626/626 627/627/627
f 628/628/628 629/629/629 630/630/630
f 631/631/631 632/632/632 633/633/633
f 634/634/634 635/635/635 636/636/636
f 637/637/637 638/638/638 639/639/639
f 640/640/640 641/641/641 642/642/642
f 643/643/643 644/644/644 645/645/645
f 646/646/646 647/647/647 648/648/648
f 649/649/649 650/650/650 651/651/651
f 652/652/652 653/653/653 654/654/654
f 655/655/655 656/656/656 657/657/657
f 658/658/658 659/659/659 660/660/660
f 661/661/661 662/662/662 663/663/663
f 664/664/664 665/665/665 666/666/666
f 667/667/667 668/668/668 669/669/669
f 670/670/670 671/671/671 672/672/672
f 673/673/673 674/674/674 675/675/675
f 676/676/676 677/677/677 678/678/678
f 679/679/679 680/680/680 681/681/681
f 682/682/682 683/683/683 684/684/684
f 685/685/685 686/686/686 687/687/687
f 688/688/688 689/689/689 690/690/690
f 691/691/691 692/692/692 693/693/693
f 694/694/694 695/695/695 696/696/696
f 697/697/697 698/698/698 699/699/699
f 700/700/700 701/701/701 702/702/702
f 703/703/703 704/704/704 705/705/705
f 706/706/706 707/707/707 708/708/708
f 709/709/709 710/710/710 711/711/711
f 712/712/712 713/713/713 714/714/714
f 715/715/715 716/716/716 717/717/717
f 718/718/718 719/719/719 720/720/720
f 721/721/721 722/722/722 723/723/723
f 724/724/724 725/725/725 726/726/726
f 727/727/727 728/728/728 729/729/729
f 730/730/730 731/731/731 732/732/732
f 733/733/733 734/734/734 735/735/735
f 736/736/736 737/737/737 738/738/738
f 739/739/739 740/740/740 741/741/741
f 742/742/742 743/743/743 744/744/744
f 745/745/745 746/746/746 747/747/747
f 748/748/748 749/749/749 750/750/750
f 751/751/751 752/752/752 753/753/753
f 754/754/754 755/755/755 756/756/756
f 757/757/757 758/758/758 759/759/759
f 760/760/760 761/761/761 762/762/762
f 763/763/763 764/764/764 765/765/765
f 766/766/766 767/767/767 768/768/768
f 769/769/769 770/770/770 771/771/771
f 772/772/772 773/773/773 774/774/774
f 775/775/775 776/776/776 777/777/777
f 778/778/778 779/779/779 780/780/780
f 781/781/781 782/782/782 783/783/783
f 784/784/784 785/785/785 786/786/786
f 787/787/787 788/788/788 789/789/789
f 790/790/790 791/791/791 792/792/792
f 793/793/793 794/794/794 795/795/795
f 796/796/796 797/797/797 798/798/798
f 799/799/799 800/800/800 801/801/801
f 802/802/802 803/803/803 804/804/804
f 805/805/805 806/806/806 807/807/807
f 808/808/808 809/809/809 810/810/810
f 811/811/811 812/812/812 813/813/813
f 814/814/814 815/815/815 816/816/816
f 817/817/817 818/818/818 819/819/819
f 820/820/820 821/821/821 822/822/822
f 823/823/823 824/824/824 825/825/825
f 826/826/826 827/827/827 828/828/828
f 829/829/829 830/830/830 831/831/831
f 832/832/832 833/833/833 834/834/834
f 835/835/835 836/836/836 837/837/837
f 838/838/838 839/839/839 840/840/840
f 841/841/841 842/842/842 843/843/843
f 844/844/844 845/845/845 846/846/846
f 847/847/847 848/848/848 849/849/849
f 850/850/850 851/851/851 852/852/852
f 853/853/853 854/854/854 855/855/855
f 856/856/856 857/857/857 858/858/858
f 859/859/859 860/860/860 861/861/861
f 862/862/862 863/863/863 864/864/864
f 865/865/865 866/866/866 867/867/867
f 868/868/868 869/869/869 870/870/870
f 871/871/871 872/872/872 873/873/873
f 874/874/874 875/875/875 876/876/876
f 877/877/877 878/878/878 879/879/879
f 880/880/880 881/881/881 882/882/882
f 883/883/883 884/884/884 885/885/885
f 886/886/886 887/887/887 888/888/888
f 889/889/889 890/890/890 891/891/891
f 892/892/892 893/893/893 894/894/894
f 895/895/895 896/896/896 897/897/897
f 898/898/898 899/899/899 900/900/900
f 901/901/901 902/902/902 903/903/903
f 904/904/904 905/905/905 906/906/906
f 907/907/907 908/908/908 909/909/909
f 910/910/910 911/911/911 912/912/912
f 913/913/913 914/914/914 915/915/915
f 916/916/916 917/917/917 918/918/918
f 919/919/919 920/920/920 921/921/921
f 922/922/922 923/923/923 924/924/924
f 925/925/925 926/926/926 927/927/927
f 928/928/928 929/929/929 930/930/930
f 931/931/931 932/932/932 933/933/933
f 934/934/934 935/935/935 936/936/936
f 937/937/937 938/938/938 939/939/939
f 940/940/940 941/941/941 942/942/942
f 943/943/943 944/944/944 945/945/945
f 946/946/946 947/947/947 948/948/948
f 949/949/949 950/950/950 951/951/951
f 952/952/952 953/953/953 954/954/954
f 955/955/955 956/956/956 957/957/957
f 958/958/958 959/959/959 960/960/960
f 961/961/961 962/962/962 963/963/963
f 964/964/964 965/965/965 966/966/966
f 967/967/967 968/968/968 969/969/969
f 970/970/970 971/971/971 972/972/972
f 973/973/973 974/974/974 975/975/975
f 976/976/976 977/977/977 978/978/978
f 979/979/979 980/980/980 981/981/981
f 982/982/982 983/983/983 984/984/984
f 985/985/985 986/986/986 987/987/987
f 988/988/988 989/989/989 990/990/990
f 991/991/991 992/992/992 993/993/993
f 994/994/994 995/995/995 996/996/996
f 997/997/997 998/998/998 999/999/999
f 1000/1000/1000 1001/1001/1001 1002/1002/1002
f 1003/1003/1003 1004/1004/1004 1005/1005/1005
f 1006/1006/1006 1007/1007/1007 1008/1008/1008
f 1009/1009/1009 1010/1010/1010 1011/1011/1011
f 1012/1012/1012 1013/1013/1013 1014/1014/1014
f 1015/1015/1015 1016/1016/1016 1017/1017/1017
f 1018/1018/1018 1019/1019/1019 1020/1020/1020
f 1021/1021/1021 1022/1022/1022 1023/1023/1023
f 1024/1024/1024 1025/1025/1025 1026/1026/1026
f 1027/1027/1027 1028/1028/1028 1029/1029/1029
f 1030/1030/1030 1031/1031/1031 1032/1032/1032
f 1033/1033/1033 1034/1034/1034 1035/1035/1035
f 1036/1036/1036 1037/1037/1037 1038/1038/1038
f 1039/1039/1039 1040/1040/1040 1041/1041/1041
f 1042/1042/1042 1043/1043/1043 1044/1044/1044
f 1045/1045/1045 1046/1046/1046 1047/1047/1047
f 1048/1048/1048 1049/1049/1049 1050/1050/1050
f 1051/1051/1051 1052/1052/1052 1053/1053/1053
f 1054/1054/1054 1055/1055/1055 1056/1056/1056
f 1057/1057/1057 1058/1058/1058 1059/1059/1059
f 1060/1060/1060 1061/1061/1061 1062/1062/1062
f 1063/1063/1063 1064/1064/1064 1065/1065/1065
f 1066/1066/1066 1067/1067/1067 1068/1068/1068
f 1069/1069/1069 1070/1070/1070 1071/1071/1071
f 1072/1072/1072 1073/1073/1073 1074/1074/1074
f 1075/1075/1075 1076/1076/1076 1077/1077/1077
f 1078/1078/1078 1079/1079/1079 1080/1080/1080
f 1081/1081/1081 1082/1082/1082 1083/1083/1083
f 1084/1084/1084 1085/1085/1085 1086/1086/1086
f 1087/1087/1087 1088/1088/1088 1089/1089/1089
f 1090/1090/1090 1091/1091/1091 1092/1092/1092
f 1093/1093/1093 1094/1094/1094 1095/1095/1095
f 1096/1096/1096 1097/1097/1097 1098/1098/1098
f 1099/1099/1099 1100/1100/1100 1101/1101/1101
f 1102/1102/1102 1103/1103/1103 1104/1104/1104
f 1105/1105/1105 1106/1106/1106 1107/1107/1107
f 1108/1108/1108 1109/1109/1109 1110/1110/1110
f 1111/1111/1111 1112/1112/1112 1113/1113/1113
f 1114/1114/1114 1115/1115/1115 1116/1116/1116
f 1117/1117/1117 1118/1118/1118 1119/1119/1119
f 1120/1120/1120 1121/1121/1121 1122/1122/1122
f 1123/1123/1123 1124/1124/1124 1125/1125/1125
f 1126/1126/1126 1127/1127/1127 1128/1128/1128
f 1129/1129/1129 1130/1130/1130 1131/1131/1131
f 1132/1132/1132 1133/1133/1133 1134/1134/1134
f 1135/1135/1135 1136/1136/1136 1137/1137/1137
f 1138/1138/1138 1139/1139/1139 1140/1140/1140
f 1141/1141/1141 1142/1142/1142 1143/1143/1143
f 1144/1144/1144 1145/1145/1145 1146/1146/1146
f 1147/1147/1147 1148/1148/1148 1149/1149/1149
f 1150/1150/1150 1151/1151/1151 1152/1152/1152
f 1153/1153/1153 1154/1154/1154 1155/1155/1155
f 1156/1156/1156 1157/1157/1157 1158/1158/1158
f 1159/1159/1159 1160/1160/1160 1161/1161/1161
f 1162/1162/1162 1163/1163/1163 1164/1164/1164
f 1165/1165/1165 1166/1166/1166 1167/1167/1167
f 1168/1168/1168 1169/1169/1169 1170/1170/1170
f 1171/1171/1171 1172/1172/1172 1173/1173/1173
f 1174/1174/1174 1175/1175/1175 1176/1176/1176
f 1177/1177/1177 1178/1178/1178 1179/1179/1179
f 1180/1180/1180 1181/1181/1181 1182/1182/1182
f 1183/1183/1183 1184/1184/1184 1185/1185/1185
f 1186/1186/1186 1187/1187/1187 1188/1188/1188
f 1189/1189/1189 1190/1190/1190 1191/1191/1191
f 1192/1192/1192 1193/1193/1193 1194/1194/1194
f 1195/1195/1195 1196/1196/1196 1197/1197/1197
f 1198/1198/1198 1199/1199/1199 1200/1200/1200
f 1201/1201/1201 1202/1202/1202 1203/1203/1203
f 1204/1204/1204 1205/1205/1205 1206/1206/1206
f 1207/1207/1207 1208/1208/1208 1209/1209/1209
f 1210/1210/1210 1211/1211/1211 1212/1212/1212
f 1213/1213/1213 1214/1214/1214 1215/1215/1215
f 1216/1216/1216 1217/1217/1217 1218/1218/1218
f 1219/1219/1219 1220/1220/1220 1221/1221/1221
f 1222/1222/1222 1223/1223/1223 1224/1224/1224
f 1225/1225/1225 1226/1226/1226 1227/1227/1227
f 1228/1228/1228 1229/1229/1229 1230/1230/1230
f 1231/1231/1231 1232/1232/1232 1233/1233/1233
f 1234/1234/1234 1235/1235/1235 1236/1236/1236
f 1237/1237/1237 1238/1238/1238 1239/1239/1239
f 1240/1240/1240 1241/1241/1241 1242/1242/1242
f 1243/1243/1243 1244/1244/1244 1245/1245/1245
f 1246/1246/1246 1247/1247/1247 1248/1248/1248
f 1249/1249/1249 1250/1250/1250 1251/1251/1251
f 1252/1252/1252 1253/1253/1253 1254/1254/1254
f 1255/1255/1255 1256/1256/1256 1257/1257/1257
f 1258/1258/1258 1259/1259/1259 1260/1260/1260
f 1261/1261/1261 1262/1262/1262 1263/1263/1263
f 1264/1264/1264 1265/1265/1265 1266/1266/1266
f 1267/1267/1267 1268/1268/1268 1269/1269/1269
f 1270/1270/1270 1271/1271/1271 1272/1272/1272
f 1273/1273/1273 1274/1274/1274 1275/1275/1275
f 1276/1276/1276 1277/1277/1277 1278/1278/1278
f 1279/1279/1279 1280/1280/1280 1281/1281/1281
f 1282/1282/1282 1283/1283/1283 1284/1284/1284
f 1285/1285/1285 1286/1286/1286 1287/1287/1287
f 1288/1288/1288 1289/1289/1289 1290/1290/1290
f 1291/1291/1291 1292/1292/1292 1293/1293/1293
f 1294/1294/1294 1295/1295/1295 1296/1296/1296
f 1297/1297/1297 1298/1298/1298 1299/1299/1299
f 1300/1300/1300 1301/1301/1301 1302/1302/1302
f 1303/1303/1303 1304/1304/1304 1305/1305/1305
f 1306/1306/1306 1307/1307/1307 1308/1308/1308
f 1309/1309/1309 1310/1310/1310 1311/1311/1311
f 1312/1312/1312 1313/1313/1313 1314/1314/1314
f 1315/1315/1315 1316/1316/1316 1317/1317/1317
f 1318/1318/1318 1319/1319/1319 1320/1320/1320
f 1321/1321/1321 1322/1322/1322 1323/1323/1323
f 1324/1324/1324 1325/1325/1325 1326/1326/1326
f 1327/1327/1327 1328/1328/1328 1329/1329/1329
f 1330/1330/1330 1331/1331/1331 1332/1332/1332
f 1333/1333/1333 1334/1334/1334 1335/1335/1335
f 1336/1336/1336 1337/1337/1337 1338/1338/1338
f 1339/1339/1339 1340/1340/1340 1341/1341/1341
f 1342/1342/1342 1343/1343/1343 1344/1344/1344
f 1345/1345/1345 1346/1346/1346 1347/1347/1347
f 1348/1348/1348 1349/1349/1349 1350/1350/1350
f 1351/1351/1351 1352/1352/1352 1353/1353/1353
f 1354/1354/1354 1355/1355/1355 1356/1356/1356
f 1357/1357/1357 1358/1358/1358 1359/1359/1359
f 1360/1360/1360 1361/1361/1361 1362/1362/1362
f 1363/1363/1363 1364/1364/1364 1365/1365/1365
f 1366/1366/1366 1367/1367/1367 1368/1368/1368
f 1369/1369/1369 1370/1370/1370 1371/1371/1371
f 1372/1372/1372 1373/1373/1373 1374/1374/1374
f 1375/1375/1375 1376/1376/1376 1377/1377/1377
f 1378/1378/1378 1379/1379/1379 1380/1380/1380
f 1381/1381/1381 1382/1382/1382 1383/1383/1383
f 1384/1384/1384 1385/1385/1385 1386/1386/1386
f 1387/1387/1387 1388/1388/1388 1389/1389/1389
f 1390/1390/1390 1391/1391/1391 1392/1392/1392
f 1393/1393/1393 1394/1394/1394 1395/1395/1395
f 1396/1396/1396 1397/1397/1397 1398/1398/1398
f 1399/1399/1399 1400/1400/1400 1401/1401/1401
f 1402/1402/1402 1403/1403/1403 1404/1404/1404
f 1405/1405/1405 1406/1406/1406 1407/1407/1407
f 1408/1408/1408 1409/1409/1409 1410/1410/1410
f 1411/1411/1411 1412/1412/1412 1413/1413/1413
f 1414/1414/1414 1415/1415/1415 1416/1416/1416
f 1417/1417/1417 1418/1418/1418 1419/1419/1419
f 1420/1420/1420 1421/1421/1421 1422/1422/1422
f 1423/1423/1423 1424/1424/1424 1425/1425/1425
f 1426/1426/1426 1427/1427/1427 1428/1428/1428
f 1429/1429/1429 1430/1430/1430 1431/1431/1431
f 1432/1432/1432 1433/1433/1433 1434/1434/1434
f 1435/1435/1435 1436/1436/1436 1437/1437/1437
f 1438/1438/1438 1439/1439/1439 1440/1440/1440
f 1441/1441/1441 1442/1442/1442 1443/1443/1443
f 1444/1444/1444 1445/1445/1445 1446/1446/1446
f 1447/1447/1447 1448/1448/1448 1449/1449/1449
f 1450/1450/1450 1451/1451/1451 1452/1452/1452
f 1453/1453/1453 1454/1454/1454 1455/1455/1455
f 1456/1456/1456 1457/1457/1457 1458/1458/1458
f 1459/1459/1459 1460/1460/1460 1461/1461/1461
f 1462/1462/1462 1463/1463/1463 1464/1464/1464
f 1465/1465/1465 1466/1466/1466 1467/1467/1467
f 1468/1468/1468 1469/1469/1469 1470/1470/1470
f 1471/1471/1471 1472/1472/1472 1473/1473/1473
f 1474/1474/1474 1475/1475/1475 1476/1476/1476
f 1477/1477/1477 1478/1478/1478 1479/1479/1479
f 1480/1480/1480 1481/1481/1481 1482/1482/1482
f 1483/1483/1483 1484/1484/1484 1485/1485/1485
f 1486/1486/1486 1487/1487/1487 1488/1488/1488
f 1489/1489/1489 1490/1490/1490 1491/1491/1491
f 1492/1492/1492 1493/1493/1493 1494/1494/1494
f 1495/1495/1495 1496/1496/1496 1497/1497/1497
f 1498/1498/1498 1499/1499/1499 1500/1500/1500
f 1501/1501/1501 1502/1502/1502 1503/1503/1503
f 1504/1504/1504 1505/1505/1505 1506/1506/1506
f 1507/1507/1507 1508/1508/1508 1509/1509/1509
f 1510/1510/1510 1511/1511/1511 1512/1512/1512
f 1513/1513/1513 1514/1514/1514 1515/1515/1515
f 1516/1516/1516 1517/1517/1517 1518/1518/1518
f 1519/1519/1519 1520/1520/1520 1521/1521/1521
f 1522/1522/1522 1523/1523/1523 1524/1524/1524
f 1525/1525/1525 1526/1526/1526 1527/1527/1527
f 1528/1528/1528 1529/1529/1529 1530/1530/1530
f 1531/1531/1531 1532/1532/1532 1533/1533/1533
f 1534/1534/1534 1535/1535/1535 1536/1536/1536
f 1537/1537/1537 1538/1538/1538 1539/1539/1539
f 1540/1540/1540 1541/1541/1541 1542/1542/1542
f 1543/1543/1543 1544/1544/1544 1545/1545/1545
f 1546/1546/1546 1547/1547/1547 1548/1548/1548
f 1549/1549/1549 1550/1550/1550 1551/1551/1551
f 1552/1552/1552 1553/1553/1553 1554/1554/1554
f 1555/1555/1555 1556/1556/1556 1557/1557/1557
f 1558/1558/1558 1559/1559/1559 1560/1560/1560
f 1561/1561/1561 1562/1562/1562 1563/1563/1563
f 1564/1564/1564 1565/1565/1565 1566/1566/1566
f 1567/1567/1567 1568/1568/1568 1569/1569/1569
f 1570/1570/1570 1571/1571/1571 1572/1572/1572
f 1573/1573/1573 1574/1574/1574 1575/1575/1575
f 1576/1576/1576 1577/1577/1577 1578/1578/1578
f 1579/1579/1579 1580/1580/1580 1581/1581/1581
f 1582/1582/1582 1583/1583/1583 1584/1584/1584
f 1585/1585/1585 1586/1586/1586 1587/1587/1587
f 1588/1588/1588 1589/1589/1589 1590/1590/1590
f 1591/1591/1591 1592/1592/1592 1593/1593/1593
f 1594/1594/1594 1595/1595/1595 1596/1596/1596
f 1597/1597/1597 1598/1598/1598 1599/1599/1599
f 1600/1600/1600 1601/1601/1601 1602/1602/1602
f 1603/1603/1603 1604/1604/1604 1605/1605/1605
f 1606/1606/1606 1607/1607/1607 1608/1608/1608
f 1609/1609/1609 1610/1610/1610 1611/1611/1611
f 1612/1612/1612 1613/1613/1613 1614/1614/1614
f 1615/1615/1615 1616/1616/1616 1617/1617/1617
f 1618/1618/1618 1619/1619/1619 1620/1620/1620
f 1621/1621/1621 1622/1622/1622 1623/1623/1623
f 1624/1624/1624 1625/1625/1625 1626/1626/1626
f 1627/1627/1627 1628/1628/1628 1629/1629/1629
f 1630/1630/1630 1631/1631/1631 1632/1632/1632
f 1633/1633/1633 1634/1634/1634 1635/1635/1635
f 1636/1636/1636 1637/1637/1637 1638/1638/1638
f 1639/1639/1639 1640/1640/1640 1641/1641/1641
f 1642/1642/1642 1643/1643/1643 1644/1644/1644
f 1645/1645/1645 1646/1646/1646 1647/1647/1647
f 1648/1648/1648 1649/1649/1649 1650/1650/1650
f 1651/1651/1651 1652/1652/1652 1653/1653/1653
f 1654/1654/1654 1655/1655/1655 1656/1656/1656
f 1657/1657/1657 1658/1658/1658 1659/1659/1659
f 1660/1660/1660 1661/1661/1661 1662/1662/1662
f 1663/1663/1663 1664/1664/1664 1665/1665/1665
f 1666/1666/1666 1667/1667/1667 1668/1668/1668
f 1669/1669/1669 1670/1670/1670 1671/1671/1671
f 1672/1672/1672 1673/1673/1673 1674/1674/1674
f 1675/1675/1675 1676/1676/1676 1677/1677/1677
f 1678/1678/1678 1679/1679/1679 1680/1680/1680
f 1681/1681/1681 1682/1682/1682 1683/1683/1683
f 1684/1684/1684 1685/1685/1685 1686/1686/1686
f 1687/1687/1687 1688/1688/1688 1689/1689/1689
f 1690/1690/1690 1691/1691/1691 1692/1692/1692
f 1693/1693/1693 1694/1694/1694 1695/1695/1695
f 1696/1696/1696 1697/1697/1697 1698/1698/1698
f 1699/1699/1699 1700/1700/1700 1701/1701/1701
f 1702/1702/1702 1703/1703/1703 1704/1704/1704
f 1705/1705/1705 1706/1706/1706 1707/1707/1707
f 1708/1708/1708 1709/1709/1709 1710/1710/1710
f 1711/1711/1711 1712/1712/1712 1713/1713/1713
f 1714/1714/1714 1715/1715/1715 1716/1716/1716
f 1717/1717/1717 1718/1718/1718 1719/1719/1719
f 1720/1720/1720 1721/1721/1721 1722/1722/1722
f 1723/1723/1723 1724/1724/1724 1725/1725/1725
f 1726/1726/1726 1727/1727/1727 1728/1728/1728
f 1729/1729/1729 1730/1730/1730 1731/1731/1731
f 1732/1732/1732 1733/1733/1733 1734/1734/1734
f 1735/1735/1735 1736/1736/1736 1737/1737/1737
f 1738/1738/1738 1739/1739/1739 1740/1740/1740
f 1741/1741/1741 1742/1742/1742 1743/1743/1743
f 1744/1744/1744 1745/1745/1745 1746/1746/1746
f 1747/1747/1747 1748/1748/1748 1749/1749/1749
f 1750/1750/1750 1751/1751/1751 1752/1752/1752
f 1753/1753/1753 1754/1754/1754 1755/1755/1755
f 1756/1756/1756 1757/1757/1757 1758/1758/1758
f 1759/1759/1759 1760/1760/1760 1761/1761/1761
f 1762/1762/1762 1763/1763/1763 1764/1764/1764
f 1765/1765/1765 1766/1766/1766 1767/1767/1767
f 1768/1768/1768 1769/1769/1769 1770/1770/1770
f 1771/1771/1771 1772/1772/1772 1773/1773/1773
f 1774/1774/1774 1775/1775/1775 1776/1776/1776
f 1777/1777/1777 1778/1778/1778 1779/1779/1779
f 1780/1780/1780 1781/1781/1781 1782/1782/1782
f 1783/1783/1783 1784/1784/1784 1785/1785/1785
f 1786/1786/1786 1787/1787/1787 1788/1788/1788
f 1789/1789/1789 1790/1790/1790 1791/1791/1791
f 1792/1792/1792 1793/1793/1793 1794/1794/1794
f 1795/1795/1795 1796/1796/1796 1797/1797/1797
f 1798/1798/1798 1799/1799/1799 1800/1800/1800
f 1801/1801/1801 1802/1802/1802 1803/1803/1803
f 1804/1804/1804 1805/1805/1805 1806/1806/1806
f 1807/1807/1807 1808/1808/1808 1809/1809/1809
f 1810/1810/1810 1811/1811/1811 1812/1812/1812
f 1813/1813/1813 1814/1814/1814 1815/1815/1815
f 1816/1816/1816 1817/1817/1817 1818/1818/1818
f 1819/1819/1819 1820/1820/1820 1821/1821/1821
f 1822/1822/1822 1823/1823/1823 1824/1824/1824
f 1825/1825/1825 1826/1826/1826 1827/1827/1827
f 1828/1828/1828 1829/1829/1829 1830/1830/1830
f 1831/1831/1831 1832/1832/1832 1833/1833/1833
f 1834/1834/1834 1835/1835/1835 1836/1836/1836
f 1837/1837/1837 1838/1838/1838 1839/1839/1839
f 1840/1840/1840 1841/1841/1841 1842/1842/1842
f 1843/1843/1843 1844/1844/1844 1845/1845/1845
f 1846/1846/1846 1847/1847/1847 1848/1848/1848
f 1849/1849/1849 1850/1850/1850 1851/1851/1851
f 1852/1852/1852 1853/1853/1853 1854/1854/1854
f 1855/1855/1855 1856/1856/1856 1857/1857/1857
f 1858/1858/1858 1859/1859/1859 1860/1860/1860
f 1861/1861/1861 1862/1862/1862 1863/1863/1863
f 1864/1864/1864 1865/1865/1865 1866/1866/1866
f 1867/1867/1867 1868/1868/1868 1869/1869/1869
f 1870/1870/1870 1871/1871/1871 1872/1872/1872
f 1873/1873/1873 1874/1874/1874 1875/1875/1875
f 1876/1876/1876 1877/1877/1877 1878/1878/1878
f 1879/1879/1879 1880/1880/1880 1881/1881/1881
f 1882/1882/1882 1883/1883/1883 1884/1884/1884
f 1885/1885/1885 1886/1886/1886 1887/1887/1887
f 1888/1888/1888 1889/1889/1889 1890/1890/1890
f 1891/1891/1891 1892/1892/1892 1893/1893/1893
f 1894/1894/1894 1895/1895/1895 1896/1896/1896
f 1897/1897/1897 1898/1898/1898 1899/1899/1899
f 1900/1900/1900 1901/1901/1901 1902/1902/1902
f 1903/1903/1903 1904/1904/1904 1905/1905/1905
f 1906/1906/1906 1907/1907/1907 1908/1908/1908
f 1909/1909/1909 1910/1910/1910 1911/1911/1911
f 1912/1912/1912 1913/1913/1913 1914/1914/1914
f 1915/1915/1915 1916/1916/1916 1917/1917/1917
f 1918/1918/1918 1919/1919/1919 1920/1920/1920
f 1921/1921/1921 1922/1922/1922 1923/1923/1923
f 1924/1924/1924 1925/1925/1925 1926/1926/1926
f 1927/1927/1927 1928/1928/1928 1929/1929/1929
f 1930/1930/1930 1931/1931/1931 1932/1932/1932
f 1933/1933/1933 1934/1934/1934 1935/1935/1935
f 1936/1936/1936 1937/1937/1937 1938/1938/1938
f 1939/1939/1939 1940/1940/1940 1941/1941/1941
f 1942/1942/1942 1943/1943/1943 1944/1944/1944
f 1945/1945/1945 1946/1946/1946 1947/1947/1947
f 1948/1948/1948 1949/1949/1949 1950/1950/1950
f 1951/1951/1951 1952/1952/1952 1953/1953/1953
f 1954/1954/1954 1955/1955/1955 1956/1956/1956
f 1957/1957/1957 1958/1958/1958 1959/1959/1959
f 1960/1960/1960 1961/1961/1961 1962/1962/1962
f 1963/1963/1963 1964/1964/1964 1965/1965/1965
f 1966/1966/1966 1967/1967/1967 1968/1968/1968
f 1969/1969/1969 1970/1970/1970 1971/1971/1971
f 1972/1972/1972 1973/1973/1973 1974/1974/1974
f 1975/1975/1975 1976/1976/1976 1977/1977/1977
f 1978/1978/1978 1979/1979/1979 1980/1980/1980
f 1981/1981/1981 1982/1982/1982 1983/1983/1983
f 1984/1984/1984 1985/1985/1985 1986/1986/1986
f 1987/1987/1987 1988/1988/1988 1989/1989/1989
f 1990/1990/1990 1991/1991/1991 1992/1992/1992
f 1993/1993/1993 1994/1994/1994 1995/1995/1995
f 1996/1996/1996 1997/1997/1997 1998/1998/1998
f 1999/1999/1999 2000/2000/2000 2001/2001/2001
f 2002/2002/2002 2003/2003/2003 2004/2004/2004
f 2005/2005/2005 2006/2006/2006 2007/2007/2007
f 2008/2008/2008 2009/2009/2009 2010/2010/2010
f 2011/2011/2011 2012/2012/2012 2013/2013/2013
f 2014/2014/2014 2015/2015/2015 2016/2016/2016
f 2017/2017/2017 2018/2018/2018 2019/2019/2019
f 2020/2020/2020 2021/2021/2021 2022/2022/2022
f 2023/2023/2023 2024/2024/2024 2025/2025/2025
f 2026/2026/2026 2027/2027/2027 2028/2028/2028
f 2029/2029/2029 2030/2030/2030 2031/2031/2031
f 2032/2032/2032 2033/2033/2033 2034/2034/2034
f 2035/2035/2035 2036/2036/2036 2037/2037/2037
f 2038/2038/2038 2039/2039/2039 2040/2040/2040
f 2041/2041/2041 2042/2042/2042 2043/2043/2043
f 2044/2044/2044 2045/2045/2045 2046/2046/2046
f 2047/2047/2047 2048/2048/2048 2049/2049/2049
f 2050/2050/2050 2051/2051/2051 2052/2052/2052
f 2053/2053/2053 2054/2054/2054 2055/2055/2055
f 2056/2056/2056 2057/2057/2057 2058/2058/2058
f 2059/2059/2059 2060/2060/2060 2061/2061/2061
f 2062/2062/2062 2063/2063/2063 2064/2064/2064
f 2065/2065/2065 2066/2066/2066 2067/2067/2067
f 2068/2068/2068 2069/2069/2069 2070/2070/2070
f 2071/2071/2071 2072/2072/2072 2073/2073/2073
f 2074/2074/2074 2075/2075/2075 2076/2076/2076
f 2077/2077/2077 2078/2078/2078 2079/2079/2079
f 2080/2080/2080 2081/2081/2081 2082/2082/2082
f 2083/2083/2083 2084/2084/2084 2085/2085/2085
f 2086/2086/2086 2087/2087/2087 2088/2088/2088
f 2089/2089/2089 2090/2090/2090 2091/2091/2091
f 2092/2092/2092 2093/2093/2093 2094/2094/2094
f 2095/2095/2095 2096/2096/2096 2097/2097/2097
f 2098/2098/2098 2099/2099/2099 2100/2100/2100
f 2101/2101/2101 2102/2102/2102 2103/2103/2103
f 2104/2104/2104 2105/2105/2105 2106/2106/2106
f 2107/2107/2107 2108/2108/2108 2109/2109/2109
f 2110/2110/2110 2111/2111/2111 2112/2112/2112
f 2113/2113/2113 2114/2114/2114 2115/2115/2115
f 2116/2116/2116 2117/2117/2117 2118/2118/2118
f 2119/2119/2119 2120/2120/2120 2121/2121/2121
f 2122/2122/2122 2123/2123/2123 2124/2124/2124
f 2125/2125/2125 2126/2126/2126 2127/2127/2127
f 2128/2128/2128 2129/2129/2129 2130/2130/2130
f 2131/2131/2131 2132/2132/2132 2133/2133/2133
f 2134/2134/2134 2135/2135/2135 2136/2136/2136
f 2137/2137/2137 2138/2138/2138 2139/2139/2139
f 2140/2140/2140 2141/2141/2141 2142/2142/2142
f 2143/2143/2143 2144/2144/2144 2145/2145/2145
f 2146/2146/2146 2147/2147/2147 2148/2148/2148
f 2149/2149/2149 2150/2150/2150 2151/2151/2151
f 2152/2152/2152 2153/2153/2153 2154/2154/2154
f 2155/2155/2155 2156/2156/2156 2157/2157/2157
f 2158/2158/2158 2159/2159/2159 2160/2160/2160
f 2161/2161/2161 2162/2162/2162 2163/2163/2163
f 2164/2164/2164 2165/2165/2165 2166/2166/2166
f 2167/2167/2167 2168/2168/2168 2169/2169/2169
f 2170/2170/2170 2171/2171/2171 2172/2172/2172
f 2173/2173/2173 2174/2174/2174 2175/2175/2175
f 2176/2176/2176 2177/2177/2177 2178/2178/2178
f 2179/2179/2179 2180/2180/2180 2181/2181/2181
f 2182/2182/2182 2183/2183/2183 2184/2184/2184
f 2185/2185/2185 2186/2186/2186 2187/2187/2187
f 2188/2188/2188 2189/2189/2189 2190/2190/2190
f 2191/2191/2191 2192/2192/2192 2193/2193/2193
f 2194/2194/2194 2195/2195/2195 2196/2196/2196
f 2197/2197/2197 2198/2198/2198 2199/2199/2199
f 2200/2200/2200 2201/2201/2201 2202/2202/2202
f 2203/2203/2203 2204/2204/2204 2205/2205/2205
f 2206/2206/2206 2207/2207/2207 2208/2208/2208
f 2209/2209/2209 2210/2210/2210 2211/2211/2211
f 2212/2212/2212 2213/2213/2213 2214/2214/2214
f 2215/2215/2215 2216/2216/2216 2217/2217/2217
f 2218/2218/2218 2219/2219/2219 2220/2220/2220
f 2221/2221/2221 2222/2222/2222 2223/2223/2223
f 2224/2224/2224 2225/2225/2225 2226/2226/2226
f 2227/2227/2227 2228/2228/2228 2229/2229/2229
f 2230/2230/2230 2231/2231/2231 2232/2232/2232
f 2233/2233/2233 2234/2234/2234 2235/2235/2235
f 2236/2236/2236 2237/2237/2237 2238/2238/2238
f 2239/2239/2239 2240/2240/2240 2241/2241/2241
f 2242/2242/2242 2243/2243/2243 2244/2244/2244
f 2245/2245/2245 2246/2246/2246 2247/2247/2247
f 2248/2248/2248 2249/2249/2249 2250/2250/2250
f 2251/2251/2251 2252/2252/2252 2253/2253/2253
f 2254/2254/2254 2255/2255/2255 2256/2256/2256
f 2257/2257/2257 2258/2258/2258 2259/2259/2259
f 2260/2260/2260 2261/2261/2261 2262/2262/2262
f 2263/2263/2263 2264/2264/2264 2265/2265/2265
f 2266/2266/2266 2267/2267/2267 2268/2268/2268
f 2269/2269/2269 2270/2270/2270 2271/2271/2271
f 2272/2272/2272 2273/2273/2273 2274/2274/2274
f 2275/2275/2275 2276/2276/2276 2277/2277/2277
f 2278/2278/2278 2279/2279/2279 2280/2280/2280
f 2281/2281/2281 2282/2282/2282 2283/2283/2283
f 2284/2284/2284 2285/2285/2285 2286/2286/2286
f 2287/2287/2287 2288/2288/2288 2289/2289/2289
f 2290/2290/2290 2291/2291/2291 2292/2292/2292
f 2293/2293/2293 2294/2294/2294 2295/2295/2295
f 2296/2296/2296 2297/2297/2297 2298/2298/2298
f 2299/2299/2299 2300/2300/2300 2301/2301/2301
f 2302/2302/2302 2303/2303/2303 2304/2304/2304
f 2305/2305/2305 2306/2306/2306 2307/2307/2307
f 2308/2308/2308 2309/2309/2309 2310/2310/2310
f 2311/2311/2311 2312/2312/2312 2313/2313/2313
f 2314/2314/2314 2315/2315/2315 2316/2316/2316
f 2317/2317/2317 2318/2318/2318 2319/2319/2319
f 2320/2320/2320 2321/2321/2321 2322/2322/2322
f 2323/2323/2323 2324/2324/2324 2325/2325/2325
f 2326/2326/2326 2327/2327/2327 2328/2328/2328
f 2329/2329/2329 2330/2330/2330 2331/2331/2331
f 2332/2332/2332 2333/2333/2333 2334/2334/2334
f 2335/2335/2335 2336/2336/2336 2337/2337/2337
f 2338/2338/2338 2339/2339/2339 2340/2340/2340
f 2341/2341/2341 2342/2342/2342 2343/2343/2343
f 2344/2344/2344 2345/2345/2345 2346/2346/2346
f 2347/2347/2347 2348/2348/2348 2349/2349/2349
f 2350/2350/2350 2351/2351/2351 2352/2352/2352
f 2353/2353/2353 2354/2354/2354 2355/2355/2355
f 2356/2356/2356 2357/2357/2357 2358/2358/2358
f 2359/2359/2359 2360/2360/2360 2361/2361/2361
f 2362/2362/2362 2363/2363/2363 2364/2364/2364
f 2365/2365/2365 2366/2366/2366 2367/2367/2367
f 2368/2368/2368 2369/2369/2369 2370/2370/2370
f 2371/2371/2371 2372/2372/2372 2373/2373/2373
f 2374/2374/2374 2375/2375/2375 2376/2376/2376
f 2377/2377/2377 2378/2378/2378 2379/2379/2379
f 2380/2380/2380 2381/2381/2381 2382/2382/2382
f 2383/2383/2383 2384/2384/2384 2385/2385/2385
f 2386/2386/2386 2387/2387/2387 2388/2388/2388
f 2389/2389/2389 2390/2390/2390 2391/2391/2391
f 2392/2392/2392 2393/2393/2393 2394/2394/2394
f 2395/2395/2395 2396/2396/2396 2397/2397/2397
f 2398/2398/2398 2399/2399/2399 2400/2400/2400
f 2401/2401/2401 2402/2402/2402 2403/2403/2403
f 2404/2404/2404 2405/2405/2405 2406/2406/2406
f 2407/2407/2407 2408/2408/2408 2409/2409/2409
f 2410/2410/2410 2411/2411/2411 2412/2412/2412
f 2413/2413/2413 2414/2414/2414 2415/2415/2415
f 2416/2416/2416 2417/2417/2417 2418/2418/2418
f 2419/2419/2419 2420/2420/2420 2421/2421/2421
f 2422/2422/2422 2423/2423/2423 2424/2424/2424
f 2425/2425/2425 2426/2426/2426 2427/2427/2427
f 2428/2428/2428 2429/2429/2429 2430/2430/2430
f 2431/2431/2431 2432/2432/2432 2433/2433/2433
f 2434/2434/2434 2435/2435/2435 2436/2436/2436
f 2437/2437/2437 2438/2438/2438 2439/2439/2439
f 2440/2440/2440 2441/2441/2441 2442/2442/2442
f 2443/2443/2443 2444/2444/2444 2445/2445/2445
f 2446/2446/2446 2447/2447/2447 2448/2448/2448
f 2449/2449/2449 2450/2450/2450 2451/2451/2451
f 2452/2452/2452 2453/2453/2453 2454/2454/2454
f 2455/2455/2455 2456/2456/2456 2457/2457/2457
f 2458/2458/2458 2459/2459/2459 2460/2460/2460
f 2461/2461/2461 2462/2462/2462 2463/2463/2463
f 2464/2464/2464 2465/2465/2465 2466/2466/2466
f 2467/2467/2467 2468/2468/2468 2469/2469/2469
f 2470/2470/2470 2471/2471/2471 2472/2472/2472
f 2473/2473/2473 2474/2474/2474 2475/2475/2475
f 2476/2476/2476 2477/2477/2477 2478/2478/2478
f 2479/2479/2479 2480/2480/2480 2481/2481/2481
f 2482/2482/2482 2483/2483/2483 2484/2484/2484
f 2485/2485/2485 2486/2486/2486 2487/2487/2487
f 2488/2488/2488 2489/2489/2489 2490/2490/2490
f 2491/2491/2491 2492/2492/2492 2493/2493/2493
f 2494/2494/2494 2495/2495/2495 2496/2496/2496
f 2497/2497/2497 2498/2498/2498 2499/2499/2499
f 2500/2500/2500 2501/2501/2501 2502/2502/2502
f 2503/2503/2503 2504/2504/2504 2505/2505/2505
f 2506/2506/2506 2507/2507/2507 2508/2508/2508
f 2509/2509/2509 2510/2510/2510 2511/2511/2511
f 2512/2512/2512 2513/2513/2513 2514/2514/2514
f 2515/2515/2515 2516/2516/2516 2517/2517/2517
f 2518/2518/2518 2519/2519/2519 2520/2520/2520
f 2521/2521/2521 2522/2522/2522 2523/2523/2523
f 2524/2524/2524 2525/2525/2525 2526/2526/2526
f 2527/2527/2527 2528/2528/2528 2529/2529/2529
f 2530/2530/2530 2531/2531/2531 2532/2532/2532
f 2533/2533/2533 2534/2534/2534 2535/2535/2535
f 2536/2536/2536 2537/2537/2537 2538/2538/2538
f 2539/2539/2539 2540/2540/2540 2541/2541/2541
f 2542/2542/2542 2543/2543/2543 2544/2544/2544
f 2545/2545/2545 2546/2546/2546 2547/2547/2547
f 2548/2548/2548 2549/2549/2549 2550/2550/2550
f 2551/2551/2551 2552/2552/2552 2553/2553/2553
f 2554/2554/2554 2555/2555/2555 2556/2556/2556
f 2557/2557/2557 2558/2558/2558 2559/2559/2559
f 2560/2560/2560 2561/2561/2561 2562/2562/2562
f 2563/2563/2563 2564/2564/2564 2565/2565/2565
f 2566/2566/2566 2567/2567/2567 2568/2568/2568
f 2569/2569/2569 2570/2570/2570 2571/2571/2571
f 2572/2572/2572 2573/2573/2573 2574/2574/2574
f 2575/2575/2575 2576/2576/2576 2577/2577/2577
f 2578/2578/2578 2579/2579/2579 2580/2580/2580
f 2581/2581/2581 2582/2582/2582 2583/2583/2583
f 2584/2584/2584 2585/2585/2585 2586/2586/2586
f 2587/2587/2587 2588/2588/2588 2589/2589/2589
f 2590/2590/2590 2591/2591/2591 2592/2592/2592
f 2593/2593/2593 2594/2594/2594 2595/2595/2595
f 2596/2596/2596 2597/2597/2597 2598/2598/2598
f 2599/2599/2599 2600/2600/2600 2601/2601/2601
f 2602/2602/2602 2603/2603/2603 2604/2604/2604
f 2605/2605/2605 2606/2606/2606 2607/2607/2607
f 2608/2608/2608 2609/2609/2609 2610/2610/2610
f 2611/2611/2611 2612/2612/2612 2613/2613/2613
f 2614/2614/2614 2615/2615/2615 2616/2616/2616
f 2617/2617/2617 2618/2618/2618 2619/2619/2619
f 2620/2620/2620 2621/2621/2621 2622/2622/2622
f 2623/2623/2623 2624/2624/2624 2625/2625/2625
f 2626/2626/2626 2627/2627/2627 2628/2628/2628
f 2629/2629/2629 2630/2630/2630 2631/2631/2631
f 2632/2632/2632 2633/2633/2633 2634/2634/2634
f 2635/2635/2635 2636/2636/2636 2637/2637/2637
f 2638/2638/2638 2639/2639/2639 2640/2640/2640
f 2641/2641/2641 2642/2642/2642 2643/2643/2643
f 2644/2644/2644 2645/2645/2645 2646/2646/2646
f 2647/2647/2647 2648/2648/2648 2649/2649/2649
f 2650/2650/2650 2651/2651/2651 2652/2652/2652
f 2653/2653/2653 2654/2654/2654 2655/2655/2655
f 2656/2656/2656 2657/2657/2657 2658/2658/2658
f 2659/2659/2659 2660/2660/2660 2661/2661/2661
f 2662/2662/2662 2663/2663/2663 2664/2664/2664
f 2665/2665/2665 2666/2666/2666 2667/2667/2667
f 2668/2668/2668 2669/2669/2669 2670/2670/2670
f 2671/2671/2671 2672/2672/2672 2673/2673/2673
f 2674/2674/2674 2675/2675/2675 2676/2676/2676
f 2677/2677/2677 2678/2678/2678 2679/2679/2679
f 2680/2680/2680 2681/2681/2681 2682/2682/2682
f 2683/2683/2683 2684/2684/2684 2685/2685/2685
f 2686/2686/2686 2687/2687/2687 2688/2688/2688
f 2689/2689/2689 2690/2690/2690 2691/2691/2691
f 2692/2692/2692 2693/2693/2693 2694/2694/2694
f 2695/2695/2695 2696/2696/2696 2697/2697/2697
f 2698/2698/2698 2699/2699/2699 2700/2700/2700
f 2701/2701/2701 2702/2702/2702 2703/2703/2703
f 2704/2704/2704 2705/2705/2705 2706/2706/2706
f 2707/2707/2707 2708/2708/2708 2709/2709/2709
f 2710/2710/2710 2711/2711/2711 2712/2712/2712
f 2713/2713/2713 2714/2714/2714 2715/2715/2715
f 2716/2716/2716 2717/2717/2717 2718/2718/2718
f 2719/2719/2719 2720/2720/2720 2721/2721/2721
f 2722/2722/2722 2723/2723/2723 2724/2724/2724
f 2725/2725/2725 2726/2726/2726 2727/2727/2727
f 2728/2728/2728 2729/2729/2729 2730/2730/2730
f 2731/2731/2731 2732/2732/2732 2733/2733/2733
f 2734/2734/2734 2735/2735/2735 2736/2736/2736
f 2737/2737/2737 2738/2738/2738 2739/2739/2739
f 2740/2740/2740 2741/2741/2741 2742/2742/2742
f 2743/2743/2743 2744/2744/2744 2745/2745/2745
f 2746/2746/2746 2747/2747/2747 2748/2748/2748
f 2749/2749/2749 2750/2750/2750 2751/2751/2751
f 2752/2752/2752 2753/2753/2753 2754/2754/2754
f 2755/2755/2755 2756/2756/2756 2757/2757/2757
f 2758/2758/2758 2759/2759/2759 2760/2760/2760
f 2761/2761/2761 2762/2762/2762 2763/2763/2763
f 2764/2764/2764 2765/2765/2765 2766/2766/2766
f 2767/2767/2767 2768/2768/2768 2769/2769/2769
f 2770/2770/2770 2771/2771/2771 2772/2772/2772
f 2773/2773/2773 2774/2774/2774 2775/2775/2775
f 2776/2776/2776 2777/2777/2777 2778/2778/2778
f 2779/2779/2779 2780/2780/2780 2781/2781/2781
f 2782/2782/2782 2783/2783/2783 2784/2784/2784
f 2785/2785/2785 2786/2786/2786 2787/2787/2787
f 2788/2788/2788 2789/2789/2789 2790/2790/2790
f 2791/2791/2791 2792/2792/2792 2793/2793/2793
f 2794/2794/2794 2795/2795/2795 2796/2796/2796
f 2797/2797/2797 2798/2798/2798 2799/2799/2799
f 2800/2800/2800 2801/2801/2801 2802/2802/2802
f 2803/2803/2803 2804/2804/2804 2805/2805/2805
f 2806/2806/2806 2807/2807/2807 2808/2808/2808
f 2809/2809/2809 2810/2810/2810 2811/2811/2811
f 2812/2812/2812 2813/2813/2813 2814/2814/2814
f 2815/2815/2815 2816/2816/2816 2817/2817/2817
f 2818/2818/2818 2819/2819/2819 2820/2820/2820
f 2821/2821/2821 2822/2822/2822 2823/2823/2823
f 2824/2824/2824 2825/2825/2825 2826/2826/2826
f 2827/2827/2827 2828/2828/2828 2829/2829/2829
f 2830/2830/2830 2831/2831/2831 2832/2832/2832
f 2833/2833/2833 2834/2834/2834 2835/2835/2835
f 2836/2836/2836 2837/2837/2837 2838/2838/2838
f 2839/2839/2839 2840/2840/2840 2841/2841/2841
f 2842/2842/2842 2843/2843/2843 2844/2844/2844
f 2845/2845/2845 2846/2846/2846 2847/2847/2847
f 2848/2848/2848 2849/2849/2849 2850/2850/2850
f 2851/2851/2851 2852/2852/2852 2853/2853/2853
f 2854/2854/2854 2855/2855/2855 2856/2856/2856
f 2857/2857/2857 2858/2858/2858 2859/2859/2859
f 2860/2860/2860 2861/2861/2861 2862/2862/2862
f 2863/2863/2863 2864/2864/2864 2865/2865/2865
f 2866/2866/2866 2867/2867/2867 2868/2868/2868
f 2869/2869/2869 2870/2870/2870 2871/2871/2871
f 2872/2872/2872 2873/2873/2873 2874/2874/2874
f 2875/2875/2875 2876/2876/2876 2877/2877/2877
f 2878/2878/2878 2879/2879/2879 2880/2880/2880
f 2881/2881/2881 2882/2882/2882 2883/2883/2883
f 2884/2884/2884 2885/2885/2885 2886/2886/2886
f 2887/2887/2887 2888/2888/2888 2889/2889/2889
f 2890/2890/2890 2891/2891/2891 2892/2892/2892
f 2893/2893/2893 2894/2894/2894 2895/2895/2895
f 2896/2896/2896 2897/2897/2897 2898/2898/2898
f 2899/2899/2899 2900/2900/2900 2901/2901/2901
f 2902/2902/2902 2903/2903/2903 2904/2904/2904
f 2905/2905/2905 2906/2906/2906 2907/2907/2907
f 2908/2908/2908 2909/2909/2909 2910/2910/2910
f 2911/2911/2911 2912/2912/2912 2913/2913/2913
f 2914/2914/2914 2915/2915/2915 2916/2916/2916
f 2917/2917/2917 2918/2918/2918 2919/2919/2919
f 2920/2920/2920 2921/2921/2921 2922/2922/2922
f 2923/2923/2923 2924/2924/2924 2925/2925/2925
f 2926/2926/2926 2927/2927/2927 2928/2928/2928
f 2929/2929/2929 2930/2930/2930 2931/2931/2931
f 2932/2932/2932 2933/2933/2933 2934/2934/2934
f 2935/2935/2935 2936/2936/2936 2937/2937/2937
f 2938/2938/2938 2939/2939/2939 2940/2940/2940
f 2941/2941/2941 2942/2942/2942 2943/2943/2943
f 2944/2944/2944 2945/2945/2945 2946/2946/2946
f 2947/2947/2947 2948/2948/2948 2949/2949/2949
f 2950/2950/2950 2951/2951/2951 2952/2952/2952
f 2953/2953/2953 2954/2954/2954 2955/2955/2955
f 2956/2956/2956 2957/2957/2957 2958/2958/2958
f 2959/2959/2959 2960/2960/2960 2961/2961/2961
f 2962/2962/2962 2963/2963/2963 2964/2964/2964
f 2965/2965/2965 2966/2966/2966 2967/2967/2967
f 2968/2968/2968 2969/2969/2969 2970/2970/2970
f 2971/2971/2971 2972/2972/2972 2973/2973/2973
f 2974/2974/2974 2975/2975/2975 2976/2976/2976
f 2977/2977/2977 2978/2978/2978 2979/2979/2979
f 2980/2980/2980 2981/2981/2981 2982/2982/2982
f 2983/2983/2983 2984/2984/2984 2985/2985/2985
f 2986/2986/2986 2987/2987/2987 2988/2988/2988
f 2989/2989/2989 2990/2990/2990 2991/2991/2991
f 2992/2992/2992 2993/2993/2993 2994/2994/2994
f 2995/2995/2995 2996/2996/2996 2997/2997/2997
f 2998/2998/2998 2999/2999/2999 3000/3000/3000
f 3001/3001/3001 3002/3002/3002 3003/3003/3003
f 3004/3004/3004 3005/3005/3005 3006/3006/3006
f 3007/3007/3007 3008/3008/3008 3009/3009/3009
f 3010/3010/3010 3011/3011/3011 3012/3012/3012
f 3013/3013/3013 3014/3014/3014 3015/3015/3015
f 3016/3016/3016 3017/3017/3017 3018/3018/3018
f 3019/3019/3019 3020/3020/3020 3021/3021/3021
f 3022/3022/3022 3023/3023/3023 3024/3024/3024
f 3025/3025/3025 3026/3026/3026 3027/3027/3027
f 3028/3028/3028 3029/3029/3029 3030/3030/3030
f 3031/3031/3031 3032/3032/3032 3033/3033/3033
f 3034/3034/3034 3035/3035/3035 3036/3036/3036
f 3037/3037/3037 3038/3038/3038 3039/3039/3039
f 3040/3040/3040 3041/3041/3041 3042/3042/3042
f 3043/3043/3043 3044/3044/3044 3045/3045/3045
f 3046/3046/3046 3047/3047/3047 3048/3048/3048
f 3049/3049/3049 3050/3050/3050 3051/3051/3051
f 3052/3052/3052 3053/3053/3053 3054/3054/3054
f 3055/3055/3055 3056/3056/3056 3057/3057/3057
f 3058/3058/3058 3059/3059/3059 3060/3060/3060
f 3061/3061/3061 3062/3062/3062 3063/3063/3063
f 3064/3064/3064 3065/3065/3065 3066/3066/3066
f 3067/3067/3067 3068/3068/3068 3069/3069/3069
f 3070/3070/3070 3071/3071/3071 3072/3072/3072
f 3073/3073/3073 3074/3074/3074 3075/3075/3075
f 3076/3076/3076 3077/3077/3077 3078/3078/3078
f 3079/3079/3079 3080/3080/3080 3081/3081/3081
f 3082/3082/3082 3083/3083/3083 3084/3084/3084
f 3085/3085/3085 3086/3086/3086 3087/3087/3087
f 3088/3088/3088 3089/3089/3089 3090/3090/3090
f 3091/3091/3091 3092/3092/3092 3093/3093/3093
f 3094/3094/3094 3095/3095/3095 3096/3096/3096
f 3097/3097/3097 3098/3098/3098 3099/3099/3099
f 3100/3100/3100 3101/3101/3101 3102/3102/3102
f 3103/3103/3103 3104/3104/3104 3105/3105/3105
f 3106/3106/3106 3107/3107/3107 3108/3108/3108
f 3109/3109/3109 3110/3110/3110 3111/3111/3111
f 3112/3112/3112 3113/3113/3113 3114/3114/3114
f 3115/3115/3115 3116/3116/3116 3117/3117/3117
f 3118/3118/3118 3119/3119/3119 3120/3120/3120
f 3121/3121/3121 3122/3122/3122 3123/3123/3123
f 3124/3124/3124 3125/3125/3125 3126/3126/3126
f 3127/3127/3127 3128/3128/3128 3129/3129/3129
f 3130/3130/3130 3131/3131/3131 3132/3132/3132
f 3133/3133/3133 3134/3134/3134 3135/3135/3135
f 3136/3136/3136 3137/3137/3137 3138/3138/3138
f 3139/3139/3139 3140/3140/3140 3141/3141/3141
f 3142/3142/3142 3143/3143/3143 3144/3144/3144
f 3145/3145/3145 3146/3146/3146 3147/3147/3147
f 3148/3148/3148 3149/3149/3149 3150/3150/3150
f 3151/3151/3151 3152/3152/3152 3153/3153/3153
f 3154/3154/3154 3155/3155/3155 3156/3156/3156
f 3157/3157/3157 3158/3158/3158 3159/3159/3159
f 3160/3160/3160 3161/3161/3161 3162/3162/3162
f 3163/3163/3163 3164/3164/3164 3165/3165/3165
f 3166/3166/3166 3167/3167/3167 3168/3168/3168
f 3169/3169/3169 3170/3170/3170 3171/3171/3171
f 3172/3172/3172 3173/3173/3173 3174/3174/3174
f 3175/3175/3175 3176/3176/3176 3177/3177/3177
f 3178/3178/3178 3179/3179/3179 3180/3180/3180
f 3181/3181/3181 3182/3182/3182 3183/3183/3183
f 3184/3184/3184 3185/3185/3185 3186/3186/3186
f 3187/3187/3187 3188/3188/3188 3189/3189/3189
f 3190/3190/3190 3191/3191/3191 3192/3192/3192
f 3193/3193/3193 3194/3194/3194 3195/3195/3195
f 3196/3196/3196 3197/3197/3197 3198/3198/3198
f 3199/3199/3199 3200/3200/3200 3201/3201/3201
f 3202/3202/3202 3203/3203/3203 3204/3204/3204
f 3205/3205/3205 3206/3206/3206 3207/3207/3207
f 3208/3208/3208 3209/3209/3209 3210/3210/3210
f 3211/3211/3211 3212/3212/3212 3213/3213/3213
f 3214/3214/3214 3215/3215/3215 3216/3216/3216
f 3217/3217/3217 3218/3218/3218 3219/3219/3219
f 3220/3220/3220 3221/3221/3221 3222/3222/3222
f 3223/3223/3223 3224/3224/3224 3225/3225/3225
f 3226/3226/3226 3227/3227/3227 3228/3228/3228
f 3229/3229/3229 3230/3230/3230 3231/3231/3231
f 3232/3232/3232 3233/3233/3233 3234/3234/3234
f 3235/3235/3235 3236/3236/3236 3237/3237/3237
f 3238/3238/3238 3239/3239/3239 3240/3240/3240
f 3241/3241/3241 3242/3242/3242 3243/3243/3243
f 3244/3244/3244 3245/3245/3245 3246/3246/3246
f 3247/3247/3247 3248/3248/3248 3249/3249/3249
f 3250/3250/3250 3251/3251/3251 3252/3252/3252
f 3253/3253/3253 3254/3254/3254 3255/3255/3255
f 3256/3256/3256 3257/3257/3257 3258/3258/3258
f 3259/3259/3259 3260/3260/3260 3261/3261/3261
f 3262/3262/3262 3263/3263/3263 3264/3264/3264
f 3265/3265/3265 3266/3266/3266 3267/3267/3267
f 3268/3268/3268 3269/3269/3269 3270/3270/3270
f 3271/3271/3271 3272/3272/3272 3273/3273/3273
f 3274/3274/3274 3275/3275/3275 3276/3276/3276
f 3277/3277/3277 3278/3278/3278 3279/3279/3279
f 3280/3280/3280 3281/3281/3281 3282/3282/3282
f 3283/3283/3283 3284/3284/3284 3285/3285/3285
f 3286/3286/3286 3287/3287/3287 3288/3288/3288
f 3289/3289/3289 3290/3290/3290 3291/3291/3291
f 3292/3292/3292 3293/3293/3293 3294/3294/3294
f 3295/3295/3295 3296/3296/3296 3297/3297/3297
f 3298/3298/3298 3299/3299/3299 3300/3300/3300
f 3301/3301/3301 3302/3302/3302 3303/3303/3303
f 3304/3304/3304 3305/3305/3305 3306/3306/3306
f 3307/3307/3307 3308/3308/3308 3309/3309/3309
f 3310/3310/3310 3311/3311/3311 3312/3312/3312
f 3313/3313/3313 3314/3314/3314 3315/3315/3315
f 3316/3316/3316 3317/3317/3317 3318/3318/3318
f 3319/3319/3319 3320/3320/3320 3321/3321/3321
f 3322/3322/3322 3323/3323/3323 3324/3324/3324
f 3325/3325/3325 3326/3326/3326 3327/3327/3327
f 3328/3328/3328 3329/3329/3329 3330/3330/3330
f 3331/3331/3331 3332/3332/3332 3333/3333/3333
f 3334/3334/3334 3335/3335/3335 3336/3336/3336
f 3337/3337/3337 3338/3338/3338 3339/3339/3339
f 3340/3340/3340 3341/3341/3341 3342/3342/3342
f 3343/3343/3343 3344/3344/3344 3345/3345/3345
f 3346/3346/3346 3347/3347/3347 3348/3348/3348
f 3349/3349/3349 3350/3350/3350 3351/3351/3351
f 3352/3352/3352 3353/3353/3353 3354/3354/3354
f 3355/3355/3355 3356/3356/3356 3357/3357/3357
f 3358/3358/3358 3359/3359/3359 3360/3360/3360
f 3361/3361/3361 3362/3362/3362 3363/3363/3363
f 3364/3364/3364 3365/3365/3365 3366/3366/3366
f 3367/3367/3367 3368/3368/3368 3369/3369/3369
f 3370/3370/3370 3371/3371/3371 3372/3372/3372
f 3373/3373/3373 3374/3374/3374 3375/3375/3375
f 3376/3376/3376 3377/3377/3377 3378/3378/3378
f 3379/3379/3379 3380/3380/3380 3381/3381/3381
f 3382/3382/3382 3383/3383/3383 3384/3384/3384
f 3385/3385/3385 3386/3386/3386 3387/3387/3387
f 3388/3388/3388 3389/3389/3389 3390/3390/3390
f 3391/3391/3391 3392/3392/3392 3393/3393/3393
f 3394/3394/3394 3395/3395/3395 3396/3396/3396
f 3397/3397/3397 3398/3398/3398 3399/3399/3399
f 3400/3400/3400 3401/3401/3401 3402/3402/3402
f 3403/3403/3403 3404/3404/3404 3405/3405/3405
f 3406/3406/3406 3407/3407/3407 3408/3408/3408
f 3409/3409/3409 3410/3410/3410 3411/3411/3411
f 3412/3412/3412 3413/3413/3413 3414/3414/3414
f 3415/3415/3415 3416/3416/3416 3417/3417/3417
f 3418/3418/3418 3419/3419/3419 3420/3420/3420
f 3421/3421/3421 3422/3422/3422 3423/3423/3423
f 3424/3424/3424 3425/3425/3425 3426/3426/3426
f 3427/3427/3427 3428/3428/3428 3429/3429/3429
f 3430/3430/3430 3431/3431/3431 3432/3432/3432
f 3433/3433/3433 3434/3434/3434 3435/3435/3435
f 3436/3436/3436 3437/3437/3437 3438/3438/3438
f 3439/3439/3439 3440/3440/3440 3441/3441/3441
f 3442/3442/3442 3443/3443/3443 3444/3444/3444
f 3445/3445/3445 3446/3446/3446 3447/3447/3447
f 3448/3448/3448 3449/3449/3449 3450/3450/3450
f 3451/3451/3451 3452/3452/3452 3453/3453/3453
f 3454/3454/3454 3455/3455/3455 3456/3456/3456
f 3457/3457/3457 3458/3458/3458 3459/3459/3459
f 3460/3460/3460 3461/3461/3461 3462/3462/3462
f 3463/3463/3463 3464/3464/3464 3465/3465/3465
f 3466/3466/3466 3467/3467/3467 3468/3468/3468
f 3469/3469/3469 3470/3470/3470 3471/3471/3471
f 3472/3472/3472 3473/3473/3473 3474/3474/3474
f 3475/3475/3475 3476/3476/3476 3477/3477/3477
f 3478/3478/3478 3479/3479/3479 3480/3480/3480
f 3481/3481/3481 3482/3482/3482 3483/3483/3483
f 3484/3484/3484 3485/3485/3485 3486/3486/3486
f 3487/3487/3487 3488/3488/3488 3489/3489/3489
f 3490/3490/3490 3491/3491/3491 3492/3492/3492
f 3493/3493/3493 3494/3494/3494 3495/3495/3495
f 3496/3496/3496 3497/3497/3497 3498/3498/3498
f 3499/3499/3499 3500/3500/3500 3501/3501/3501
f 3502/3502/3502 3503/3503/3503 3504/3504/3504
f 3505/3505/3505 3506/3506/3506 3507/3507/3507
f 3508/3508/3508 3509/3509/3509 3510/3510/3510
f 3511/3511/3511 3512/3512/3512 3513/3513/3513
f 3514/3514/3514 3515/3515/3515 3516/3516/3516
f 3517/3517/3517 3518/3518/3518 3519/3519/3519
f 3520/3520/3520 3521/3521/3521 3522/3522/3522
f 3523/3523/3523 3524/3524/3524 3525/3525/3525
f 3526/3526/3526 3527/3527/3527 3528/3528/3528
f 3529/3529/3529 3530/3530/3530 3531/3531/3531
f 3532/3532/3532 3533/3533/3533 3534/3534/3534
f 3535/3535/3535 3536/3536/3536 3537/3537/3537
f 3538/3538/3538 3539/3539/3539 3540/3540/3540
f 3541/3541/3541 3542/3542/3542 3543/3543/3543
f 3544/3544/3544 3545/3545/3545 3546/3546/3546
f 3547/3547/3547 3548/3548/3548 3549/3549/3549
f 3550/3550/3550 3551/3551/3551 3552/3552/3552
f 3553/3553/3553 3554/3554/3554 3555/3555/3555
f 3556/3556/3556 3557/3557/3557 3558/3558/3558
f 3559/3559/3559 3560/3560/3560 3561/3561/3561
f 3562/3562/3562 3563/3563/3563 3564/3564/3564
f 3565/3565/3565 3566/3566/3566 3567/3567/3567
f 3568/3568/3568 3569/3569/3569 3570/3570/3570
f 3571/3571/3571 3572/3572/3572 3573/3573/3573
f 3574/3574/3574 3575/3575/3575 3576/3576/3576
f 3577/3577/3577 3578/3578/3578 3579/3579/3579
f 3580/3580/3580 3581/3581/3581 3582/3582/3582
f 3583/3583/3583 3584/3584/3584 3585/3585/3585
f 3586/3586/3586 3587/3587/3587 3588/3588/3588
f 3589/3589/3589 3590/3590/3590 3591/3591/3591
f 3592/3592/3592 3593/3593/3593 3594/3594/3594
f 3595/3595/3595 3596/3596/3596 3597/3597/3597
f 3598/3598/3598 3599/3599/3599 3600/3600/3600
f 3601/3601/3601 3602/3602/3602 3603/3603/3603
f 3604/3604/3604 3605/3605/3605 3606/3606/3606
f 3607/3607/3607 3608/3608/3608 3609/3609/3609
f 3610/3610/3610 3611/3611/3611 3612/3612/3612
f 3613/3613/3613 3614/3614/3614 3615/3615/3615
f 3616/3616/3616 3617/3617/3617 3618/3618/3618
f 3619/3619/3619 3620/3620/3620 3621/3621/3621
f 3622/3622/3622 3623/3623/3623 3624/3624/3624
f 3625/3625/3625 3626/3626/3626 3627/3627/3627
f 3628/3628/3628 3629/3629/3629 3630/3630/3630
f 3631/3631/3631 3632/3632/3632 3633/3633/3633
f 3634/3634/3634 3635/3635/3635 3636/3636/3636
f 3637/3637/3637 3638/3638/3638 3639/3639/3639
f 3640/3640/3640 3641/3641/3641 3642/3642/3642
f 3643/3643/3643 3644/3644/3644 3645/3645/3645
f 3646/3646/3646 3647/3647/3647 3648/3648/3648
f 3649/3649/3649 3650/3650/3650 3651/3651/3651
f 3652/3652/3652 3653/3653/3653 3654/3654/3654
f 3655/3655/3655 3656/3656/3656 3657/3657/3657
f 3658/3658/3658 3659/3659/3659 3660/3660/3660
f 3661/3661/3661 3662/3662/3662 3663/3663/3663
f 3664/3664/3664 3665/3665/3665 3666/3666/3666
f 3667/3667/3667 3668/3668/3668 3669/3669/3669
f 3670/3670/3670 3671/3671/3671 3672/3672/3672
f 3673/3673/3673 3674/3674/3674 3675/3675/3675
f 3676/3676/3676 3677/3677/3677 3678/3678/3678
f 3679/3679/3679 3680/3680/3680 3681/3681/3681
f 3682/3682/3682 3683/3683/3683 3684/3684/3684
f 3685/3685/3685 3686/3686/3686 3687/3687/3687
f 3688/3688/3688 3689/3689/3689 3690/3690/3690
f 3691/3691/3691 3692/3692/3692 3693/3693/3693
f 3694/3694/3694 3695/3695/3695 3696/3696/3696
f 3697/3697/3697 3698/3698/3698 3699/3699/3699
f 3700/3700/3700 3701/3701/3701 3702/3702/3702
f 3703/3703/3703 3704/3704/3704 3705/3705/3705
f 3706/3706/3706 3707/3707/3707 3708/3708/3708
f 3709/3709/3709 3710/3710/3710 3711/3711/3711
f 3712/3712/3712 3713/3713/3713 3714/3714/3714
f 3715/3715/3715 3716/3716/3716 3717/3717/3717
f 3718/3718/3718 3719/3719/3719 3720/3720/3720
f 3721/3721/3721 3722/3722/3722 3723/3723/3723
f 3724/3724/3724 3725/3725/3725 3726/3726/3726
f 3727/3727/3727 3728/3728/3728 3729/3729/3729
f 3730/3730/3730 3731/3731/3731 3732/3732/3732
f 3733/3733/3733 3734/3734/3734 3735/3735/3735
f 3736/3736/3736 3737/3737/3737 3738/3738/3738
f 3739/3739/3739 3740/3740/3740 3741/3741/3741
f 3742/3742/3742 3743/3743/3743 3744/3744/3744
f 3745/3745/3745 3746/3746/3746 3747/3747/3747
f 3748/3748/3748 3749/3749/3749 3750/3750/3750
f 3751/3751/3751 3752/3752/3752 3753/3753/3753
f 3754/3754/3754 3755/3755/3755 3756/3756/3756
f 3757/3757/3757 3758/3758/3758 3759/3759/3759
f 3760/3760/3760 3761/3761/3761 3762/3762/3762
f 3763/3763/3763 3764/3764/3764 3765/3765/3765
f 3766/3766/3766 3767/3767/3767 3768/3768/3768
f 3769/3769/3769 3770/3770/3770 3771/3771/3771
f 3772/3772/3772 3773/3773/3773 3774/3774/3774
f 3775/3775/3775 3776/3776/3776 3777/3777/3777
f 3778/3778/3778 3779/3779/3779 3780/3780/3780
f 3781/3781/3781 3782/3782/3782 3783/3783/3783
f 3784/3784/3784 3785/3785/3785 3786/3786/3786
f 3787/3787/3787 3788/3788/3788 3789/3789/3789
f 3790/3790/3790 3791/3791/3791 3792/3792/3792
f 3793/3793/3793 3794/3794/3794 3795/3795/3795
f 3796/3796/3796 3797/3797/3797 3798/3798/3798
f 3799/3799/3799 3800/3800/3800 3801/3801/3801
f 3802/3802/3802 3803/3803/3803 3804/3804/3804
f 3805/3805/3805 3806/3806/3806 3807/3807/3807
f 3808/3808/3808 3809/3809/3809 3810/3810/3810
f 3811/3811/3811 3812/3812/3812 3813/3813/3813
f 3814/3814/3814 3815/3815/3815 3816/3816/3816
f 3817/3817/3817 3818/3818/3818 3819/3819/3819
f 3820/3820/3820 3821/3821/3821 3822/3822/3822
f 3823/3823/3823 3824/3824/3824 3825/3825/3825
f 3826/3826/3826 3827/3827/3827 3828/3828/3828
f 3829/3829/3829 3830/3830/3830 3831/3831/3831
f 3832/3832/3832 3833/3833/3833 3834/3834/3834
f 3835/3835/3835 3836/3836/3836 3837/3837/3837
f 3838/3838/3838 3839/3839/3839 3840/3840/3840
f 3841/3841/3841 3842/3842/3842 3843/3843/3843
f 3844/3844/3844 3845/3845/3845 3846/3846/3846
f 3847/3847/3847 3848/3848/3848 3849/3849/3849
f 3850/3850/3850 3851/3851/3851 3852/3852/3852
f 3853/3853/3853 3854/3854/3854 3855/3855/3855
f 3856/3856/3856 3857/3857/3857 3858/3858/3858
f 3859/3859/3859 3860/3860/3860 3861/3861/3861
f 3862/3862/3862 3863/3863/3863 3864/3864/3864
f 3865/3865/3865 3866/3866/3866 3867/3867/3867
f 3868/3868/3868 3869/3869/3869 3870/3870/3870
f 3871/3871/3871 3872/3872/3872 3873/3873/3873
f 3874/3874/3874 3875/3875/3875 3876/3876/3876
f 3877/3877/3877 3878/3878/3878 3879/3879/3879
f 3880/3880/3880 3881/3881/3881 3882/3882/3882
f 3883/3883/3883 3884/3884/3884 3885/3885/3885
f 3886/3886/3886 3887/3887/3887 3888/3888/3888
f 3889/3889/3889 3890/3890/3890 3891/3891/3891
f 3892/3892/3892 3893/3893/3893 3894/3894/3894
f 3895/3895/3895 3896/3896/3896 3897/3897/3897
f 3898/3898/3898 3899/3899/3899 3900/3900/3900
f 3901/3901/3901 3902/3902/3902 3903/3903/3903
f 3904/3904/3904 3905/3905/3905 3906/3906/3906
f 3907/3907/3907 3908/3908/3908 3909/3909/3909
f 3910/3910/3910 3911/3911/3911 3912/3912/3912
f 3913/3913/3913 3914/3914/3914 3915/3915/3915
f 3916/3916/3916 3917/3917/3917 3918/3918/3918
f 3919/3919/3919 3920/3920/3920 3921/3921/3921
f 3922/3922/3922 3923/3923/3923 3924/3924/3924
f 3925/3925/3925 3926/3926/3926 3927/3927/3927
f 3928/3928/3928 3929/3929/3929 3930/3930/3930
f 3931/3931/3931 3932/3932/3932 3933/3933/3933
f 3934/3934/3934 3935/3935/3935 3936/3936/3936
f 3937/3937/3937 3938/3938/3938 3939/3939/3939
f 3940/3940/3940 3941/3941/3941 3942/3942/3942
f 3943/3943/3943 3944/3944/3944 3945/3945/3945
f 3946/3946/3946 3947/3947/3947 3948/3948/3948
f 3949/3949/3949 3950/3950/3950 3951/3951/3951
f 3952/3952/3952 3953/3953/3953 3954/3954/3954
f 3955/3955/3955 3956/3956/3956 3957/3957/3957
f 3958/3958/3958 3959/3959/3959 3960/3960/3960
f 3961/3961/3961 3962/3962/3962 3963/3963/3963
f 3964/3964/3964 3965/3965/3965 3966/3966/3966
f 3967/3967/3967 3968/3968/3968 3969/3969/3969
f 3970/3970/3970 3971/3971/3971 3972/3972/3972
f 3973/3973/3973 3974/3974/3974 3975/3975/3975
f 3976/3976/3976 3977/3977/3977 3978/3978/3978
f 3979/3979/3979 3980/3980/3980 3981/3981/3981
f 3982/3982/3982 3983/3983/3983 3984/3984/3984
f 3985/3985/3985 3986/3986/3986 3987/3987/3987
f 3988/3988/3988 3989/3989/3989 3990/3990/3990
f 3991/3991/3991 3992/3992/3992 3993/3993/3993
f 3994/3994/3994 3995/3995/3995 3996/3996/3996
f 3997/3997/3997 3998/3998/3998 3999/3999/3999
f 4000/4000/4000 4001/4001/4001 4002/4002/4002
f 4003/4003/4003 4004/4004/4004 4005/4005/4005
f 4006/4006/4006 4007/4007/4007 4008/4008/4008
f 4009/4009/4009 4010/4010/4010 4011/4011/4011
f 4012/4012/4012 4013/4013/4013 4014/4014/4014
f 4015/4015/4015 4016/4016/4016 4017/4017/4017
f 4018/4018/4018 4019/4019/4019 4020/4020/4020
f 4021/4021/4021 4022/4022/4022 4023/4023/4023
f 4024/4024/4024 4025/4025/4025 4026/4026/4026
f 4027/4027/4027 4028/4028/4028 4029/4029/4029
f 4030/4030/4030 4031/4031/4031 4032/4032/4032
f 4033/4033/4033 4034/4034/4034 4035/4035/4035
f 4036/4036/4036 4037/4037/4037 4038/4038/4038
f 4039/4039/4039 4040/4040/4040 4041/4041/4041
f 4042/4042/4042 4043/4043/4043 4044/4044/4044
f 4045/4045/4045 4046/4046/4046 4047/4047/4047
f 4048/4048/4048 4049/4049/4049 4050/4050/4050
f 4051/4051/4051 4052/4052/4052 4053/4053/4053
f 4054/4054/4054 4055/4055/4055 4056/4056/4056
f 4057/4057/4057 4058/4058/4058 4059/4059/4059
f 4060/4060/4060 4061/4061/4061 4062/4062/4062
f 4063/4063/4063 4064/4064/4064 4065/4065/4065
f 4066/4066/4066 4067/4067/4067 4068/4068/4068
f 4069/4069/4069 4070/4070/4070 4071/4071/4071
f 4072/4072/4072 4073/4073/4073 4074/4074/4074
f 4075/4075/4075 4076/4076/4076 4077/4077/4077
f 4078/4078/4078 4079/4079/4079 4080/4080/4080
f 4081/4081/4081 4082/4082/4082 4083/4083/4083
f 4084/4084/4084 4085/4085/4085 4086/4086/4086
f 4087/4087/4087 4088/4088/4088 4089/4089/4089
f 4090/4090/4090 4091/4091/4091 4092/4092/4092
f 4093/4093/4093 4094/4094/4094 4095/4095/4095
f 4096/4096/4096 4097/4097/4097 4098/4098/4098
f 4099/4099/4099 4100/4100/4100 4101/4101/4101
f 4102/4102/4102 4103/4103/4103 4104/4104/4104
f 4105/4105/4105 4106/4106/4106 4107/4107/4107
f 4108/4108/4108 4109/4109/4109 4110/4110/4110
f 4111/4111/4111 4112/4112/4112 4113/4113/4113
f 4114/4114/4114 4115/4115/4115 4116/4116/4116
f 4117/4117/4117 4118/4118/4118 4119/4119/4119
f 4120/4120/4120 4121/4121/4121 4122/4122/4122
f 4123/4123/4123 4124/4124/4124 4125/4125/4125
f 4126/4126/4126 4127/4127/4127 4128/4128/4128
f 4129/4129/4129 4130/4130/4130 4131/4131/4131
f 4132/4132/4132 4133/4133/4133 4134/4134/4134
f 4135/4135/4135 4136/4136/4136 4137/4137/4137
f 4138/4138/4138 4139/4139/4139 4140/4140/4140
f 4141/4141/4141 4142/4142/4142 4143/4143/4143
f 4144/4144/4144 4145/4145/4145 4146/4146/4146
f 4147/4147/4147 4148/4148/4148 4149/4149/4149
f 4150/4150/4150 4151/4151/4151 4152/4152/4152
f 4153/4153/4153 4154/4154/4154 4155/4155/4155
f 4156/4156/4156 4157/4157/4157 4158/4158/4158
f 4159/4159/4159 4160/4160/4160 4161/4161/4161
f 4162/4162/4162 4163/4163/4163 4164/4164/4164
f 4165/4165/4165 4166/4166/4166 4167/4167/4167
f 4168/4168/4168 4169/4169/4169 4170/4170/4170
f 4171/4171/4171 4172/4172/4172 4173/4173/4173
f 4174/4174/4174 4175/4175/4175 4176/4176/4176
f 4177/4177/4177 4178/4178/4178 4179/4179/4179
f 4180/4180/4180 4181/4181/4181 4182/4182/4182
f 4183/4183/4183 4184/4184/4184 4185/4185/4185
f 4186/4186/4186 4187/4187/4187 4188/4188/4188
f 4189/4189/4189 4190/4190/4190 4191/4191/4191
f 4192/4192/4192 4193/4193/4193 4194/4194/4194
f 4195/4195/4195 4196/4196/4196 4197/4197/4197
f 4198/4198/4198 4199/4199/4199 4200/4200/4200
f 4201/4201/4201 4202/4202/4202 4203/4203/4203
f 4204/4204/4204 4205/4205/4205 4206/4206/4206
f 4207/4207/4207 4208/4208/4208 4209/4209/4209
f 4210/4210/4210 4211/4211/4211 4212/4212/4212
f 4213/4213/4213 4214/4214/4214 4215/4215/4215
f 4216/4216/4216 4217/4217/4217 4218/4218/4218
f 4219/4219/4219 4220/4220/4220 4221/4221/4221
f 4222/4222/4222 4223/4223/4223 4224/4224/4224
f 4225/4225/4225 4226/4226/4226 4227/4227/4227
f 4228/4228/4228 4229/4229/4229 4230/4230/4230
f 4231/4231/4231 4232/4232/4232 4233/4233/4233
f 4234/4234/4234 4235/4235/4235 4236/4236/4236
f 4237/4237/4237 4238/4238/4238 4239/4239/4239
f 4240/4240/4240 4241/4241/4241 4242/4242/4242
f 4243/4243/4243 4244/4244/4244 4245/4245/4245
f 4246/4246/4246 4247/4247/4247 4248/4248/4248
f 4249/4249/4249 4250/4250/4250 4251/4251/4251
f 4252/4252/4252 4253/4253/4253 4254/4254/4254
f 4255/4255/4255 4256/4256/4256 4257/4257/4257
f 4258/4258/4258 4259/4259/4259 4260/4260/4260
f 4261/4261/4261 4262/4262/4262 4263/4263/4263
f 4264/4264/4264 4265/4265/4265 4266/4266/4266
f 4267/4267/4267 4268/4268/4268 4269/4269/4269
f 4270/4270/4270 4271/4271/4271 4272/4272/4272
f 4273/4273/4273 4274/4274/4274 4275/4275/4275
f 4276/4276/4276 4277/4277/4277 4278/4278/4278
f 4279/4279/4279 4280/4280/4280 4281/4281/4281
f 4282/4282/4282 4283/4283/4283 4284/4284/4284
f 4285/4285/4285 4286/4286/4286 4287/4287/4287
f 4288/4288/4288 4289/4289/4289 4290/4290/4290
f 4291/4291/4291 4292/4292/4292 4293/4293/4293
f 4294/4294/4294 4295/4295/4295 4296/4296/4296
f 4297/4297/4297 4298/4298/4298 4299/4299/4299
f 4300/4300/4300 4301/4301/4301 4302/4302/4302
f 4303/4303/4303 4304/4304/4304 4305/4305/4305
f 4306/4306/4306 4307/4307/4307 4308/4308/4308
f 4309/4309/4309 4310/4310/4310 4311/4311/4311
f 4312/4312/4312 4313/4313/4313 4314/4314/4314
f 4315/4315/4315 4316/4316/4316 4317/4317/4317
f 4318/4318/4318 4319/4319/4319 4320/4320/4320
f 4321/4321/4321 4322/4322/4322 4323/4323/4323
f 4324/4324/4324 4325/4325/4325 4326/4326/4326
f 4327/4327/4327 4328/4328/4328 4329/4329/4329
f 4330/4330/4330 4331/4331/4331 4332/4332/4332
f 4333/4333/4333 4334/4334/4334 4335/4335/4335
f 4336/4336/4336 4337/4337/4337 4338/4338/4338
f 4339/4339/4339 4340/4340/4340 4341/4341/4341
f 4342/4342/4342 4343/4343/4343 4344/4344/4344
f 4345/4345/4345 4346/4346/4346 4347/4347/4347
f 4348/4348/4348 4349/4349/4349 4350/4350/4350
f 4351/4351/4351 4352/4352/4352 4353/4353/4353
f 4354/4354/4354 4355/4355/4355 4356/4356/4356
f 4357/4357/4357 4358/4358/4358 4359/4359/4359
f 4360/4360/4360 4361/4361/4361 4362/4362/4362
f 4363/4363/4363 4364/4364/4364 4365/4365/4365
f 4366/4366/4366 4367/4367/4367 4368/4368/4368
f 4369/4369/4369 4370/4370/4370 4371/4371/4371
f 4372/4372/4372 4373/4373/4373 4374/4374/4374
f 4375/4375/4375 4376/4376/4376 4377/4377/4377
f 4378/4378/4378 4379/4379/4379 4380/4380/4380
f 4381/4381/4381 4382/4382/4382 4383/4383/4383
f 4384/4384/4384 4385/4385/4385 4386/4386/4386
f 4387/4387/4387 4388/4388/4388 4389/4389/4389
f 4390/4390/4390 4391/4391/4391 4392/4392/4392
f 4393/4393/4393 4394/4394/4394 4395/4395/4395
f 4396/4396/4396 4397/4397/4397 4398/4398/4398
f 4399/4399/4399 4400/4400/4400 4401/4401/4401
f 4402/4402/4402 4403/4403/4403 4404/4404/4404
f 4405/4405/4405 4406/4406/4406 4407/4407/4407
f 4408/4408/4408 4409/4409/4409 4410/4410/4410
f 4411/4411/4411 4412/4412/4412 4413/4413/4413
f 4414/4414/4414 4415/4415/4415 4416/4416/4416
f 4417/4417/4417 4418/4418/4418 4419/4419/4419
f 4420/4420/4420 4421/4421/4421 4422/4422/4422
f 4423/4423/4423 4424/4424/4424 4425/4425/4425
f 4426/4426/4426 4427/4427/4427 4428/4428/4428
f 4429/4429/4429 4430/4430/4430 4431/4431/4431
f 4432/4432/4432 4433/4433/4433 4434/4434/4434
f 4435/4435/4435 4436/4436/4436 4437/4437/4437
f 4438/4438/4438 4439/4439/4439 4440/4440/4440
f 4441/4441/4441 4442/4442/4442 4443/4443/4443
f 4444/4444/4444 4445/4445/4445 4446/4446/4446
f 4447/4447/4447 4448/4448/4448 4449/4449/4449
f 4450/4450/4450 4451/4451/4451 4452/4452/4452
f 4453/4453/4453 4454/4454/4454 4455/4455/4455
f 4456/4456/4456 4457/4457/4457 4458/4458/4458
f 4459/4459/4459 4460/4460/4460 4461/4461/4461
f 4462/4462/4462 4463/4463/4463 4464/4464/4464
f 4465/4465/4465 4466/4466/4466 4467/4467/4467
f 4468/4468/4468 4469/4469/4469 4470/4470/4470
f 4471/4471/4471 4472/4472/4472 4473/4473/4473
f 4474/4474/4474 4475/4475/4475 4476/4476/4476
f 4477/4477/4477 4478/4478/4478 4479/4479/4479
f 4480/4480/4480 4481/4481/4481 4482/4482/4482
f 4483/4483/4483 4484/4484/4484 4485/4485/4485
f 4486/4486/4486 4487/4487/4487 4488/4488/4488
f 4489/4489/4489 4490/4490/4490 4491/4491/4491
f 4492/4492/4492 4493/4493/4493 4494/4494/4494
f 4495/4495/4495 4496/4496/4496 4497/4497/4497
f 4498/4498/4498 4499/4499/4499 4500/4500/4500
f 4501/4501/4501 4502/4502/4502 4503/4503/4503
f 4504/4504/4504 4505/4505/4505 4506/4506/4506
f 4507/4507/4507 4508/4508/4508 4509/4509/4509
f 4510/4510/4510 4511/4511/4511 4512/4512/4512
f 4513/4513/4513 4514/4514/4514 4515/4515/4515
f 4516/4516/4516 4517/4517/4517 4518/4518/4518
f 4519/4519/4519 4520/4520/4520 4521/4521/4521
f 4522/4522/4522 4523/4523/4523 4524/4524/4524
f 4525/4525/4525 4526/4526/4526 4527/4527/4527
f 4528/4528/4528 4529/4529/4529 4530/4530/4530
f 4531/4531/4531 4532/4532/4532 4533/4533/4533
f 4534/4534/4534 4535/4535/4535 4536/4536/4536
f 4537/4537/4537 4538/4538/4538 4539/4539/4539
f 4540/4540/4540 4541/4541/4541 4542/4542/4542
f 4543/4543/4543 4544/4544/4544 4545/4545/4545
f 4546/4546/4546 4547/4547/4547 4548/4548/4548
f 4549/4549/4549 4550/4550/4550 4551/4551/4551
f 4552/4552/4552 4553/4553/4553 4554/4554/4554
f 4555/4555/4555 4556/4556/4556 4557/4557/4557
f 4558/4558/4558 4559/4559/4559 4560/4560/4560
f 4561/4561/4561 4562/4562/4562 4563/4563/4563
f 4564/4564/4564 4565/4565/4565 4566/4566/4566
f 4567/4567/4567 4568/4568/4568 4569/4569/4569
f 4570/4570/4570 4571/4571/4571 4572/4572/4572
f 4573/4573/4573 4574/4574/4574 4575/4575/4575
f 4576/4576/4576 4577/4577/4577 4578/4578/4578
f 4579/4579/4579 4580/4580/4580 4581/4581/4581
f 4582/4582/4582 4583/4583/4583 4584/4584/4584
f 4585/4585/4585 4586/4586/4586 4587/4587/4587
f 4588/4588/4588 4589/4589/4589 4590/4590/4590
f 4591/4591/4591 4592/4592/4592 4593/4593/4593
f 4594/4594/4594 4595/4595/4595 4596/4596/4596
f 4597/4597/4597 4598/4598/4598 4599/4599/4599
f 4600/4600/4600 4601/4601/4601 4602/4602/4602
f 4603/4603/4603 4604/4604/4604 4605/4605/4605
f 4606/4606/4606 4607/4607/4607 4608/4608/4608
f 4609/4609/4609 4610/4610/4610 4611/4611/4611
f 4612/4612/4612 4613/4613/4613 4614/4614/4614
f 4615/4615/4615 4616/4616/4616 4617/4617/4617
f 4618/4618/4618 4619/4619/4619 4620/4620/4620
f 4621/4621/4621 4622/4622/4622 4623/4623/4623
f 4624/4624/4624 4625/4625/4625 4626/4626/4626
f 4627/4627/4627 4628/4628/4628 4629/4629/4629
f 4630/4630/4630 4631/4631/4631 4632/4632/4632
f 4633/4633/4633 4634/4634/4634 4635/4635/4635
f 4636/4636/4636 4637/4637/4637 4638/4638/4638
f 4639/4639/4639 4640/4640/4640 4641/4641/4641
f 4642/4642/4642 4643/4643/4643 4644/4644/4644
f 4645/4645/4645 4646/4646/4646 4647/4647/4647
f 4648/4648/4648 4649/4649/4649 4650/4650/4650
f 4651/4651/4651 4652/4652/4652 4653/4653/4653
f 4654/4654/4654 4655/4655/4655 4656/4656/4656
f 4657/4657/4657 4658/4658/4658 4659/4659/4659
f 4660/4660/4660 4661/4661/4661 4662/4662/4662
f 4663/4663/4663 4664/4664/4664 4665/4665/4665
f 4666/4666/4666 4667/4667/4667 4668/4668/4668
f 4669/4669/4669 4670/4670/4670 4671/4671/4671
f 4672/4672/4672 4673/4673/4673 4674/4674/4674
f 4675/4675/4675 4676/4676/4676 4677/4677/4677
f 4678/4678/4678 4679/4679/4679 4680/4680/4680
f 4681/4681/4681 4682/4682/4682 4683/4683/4683
f 4684/4684/4684 4685/4685/4685 4686/4686/4686
f 4687/4687/4687 4688/4688/4688 4689/4689/4689
f 4690/4690/4690 4691/4691/4691 4692/4692/4692
f 4693/4693/4693 4694/4694/4694 4695/4695/4695
f 4696/4696/4696 4697/4697/4697 4698/4698/4698
f 4699/4699/4699 4700/4700/4700 4701/4701/4701
f 4702/4702/4702 4703/4703/4703 4704/4704/4704
f 4705/4705/4705 4706/4706/4706 4707/4707/4707
f 4708/4708/4708 4709/4709/4709 4710/4710/4710
f 4711/4711/4711 4712/4712/4712 4713/4713/4713
f 4714/4714/4714 4715/4715/4715 4716/4716/4716
f 4717/4717/4717 4718/4718/4718 4719/4719/4719
f 4720/4720/4720 4721/4721/4721 4722/4722/4722
f 4723/4723/4723 4724/4724/4724 4725/4725/4725
f 4726/4726/4726 4727/4727/4727 4728/4728/4728
f 4729/4729/4729 4730/4730/4730 4731/4731/4731
f 4732/4732/4732 4733/4733/4733 4734/4734/4734
f 4735/4735/4735 4736/4736/4736 4737/4737/4737
f 4738/4738/4738 4739/4739/4739 4740/4740/4740
f 4741/4741/4741 4742/4742/4742 4743/4743/4743
f 4744/4744/4744 4745/4745/4745 4746/4746/4746
f 4747/4747/4747 4748/4748/4748 4749/4749/4749
f 4750/4750/4750 4751/4751/4751 4752/4752/4752
f 4753/4753/4753 4754/4754/4754 4755/4755/4755
f 4756/4756/4756 4757/4757/4757 4758/4758/4758
f 4759/4759/4759 4760/4760/4760 4761/4761/4761
f 4762/4762/4762 4763/4763/4763 4764/4764/4764
f 4765/4765/4765 4766/4766/4766 4767/4767/4767
f 4768/4768/4768 4769/4769/4769 4770/4770/4770
f 4771/4771/4771 4772/4772/4772 4773/4773/4773
f 4774/4774/4774 4775/4775/4775 4776/4776/4776
f 4777/4777/4777 4778/4778/4778 4779/4779/4779
f 4780/4780/4780 4781/4781/4781 4782/4782/4782
f 4783/4783/4783 4784/4784/4784 4785/4785/4785
f 4786/4786/4786 4787/4787/4787 4788/4788/4788
f 4789/4789/4789 4790/4790/4790 4791/4791/4791
f 4792/4792/4792 4793/4793/4793 4794/4794/4794
f 4795/4795/4795 4796/4796/4796 4797/4797/4797
f 4798/4798/4798 4799/4799/4799 4800/4800/4800
f 4801/4801/4801 4802/4802/4802 4803/4803/4803
f 4804/4804/4804 4805/4805/4805 4806/4806/4806
f 4807/4807/4807 4808/4808/4808 4809/4809/4809
f 4810/4810/4810 4811/4811/4811 4812/4812/4812
f 4813/4813/4813 4814/4814/4814 4815/4815/4815
f 4816/4816/4816 4817/4817/4817 4818/4818/4818
f 4819/4819/4819 4820/4820/4820 4821/4821/4821
f 4822/4822/4822 4823/4823/4823 4824/4824/4824
f 4825/4825/4825 4826/4826/4826 4827/4827/4827
f 4828/4828/4828 4829/4829/4829 4830/4830/4830
f 4831/4831/4831 4832/4832/4832 4833/4833/4833
f 4834/4834/4834 4835/4835/4835 4836/4836/4836
f 4837/4837/4837 4838/4838/4838 4839/4839/4839
f 4840/4840/4840 4841/4841/4841 4842/4842/4842
f 4843/4843/4843 4844/4844/4844 4845/4845/4845
f 4846/4846/4846 4847/4847/4847 4848/4848/4848
f 4849/4849/4849 4850/4850/4850 4851/4851/4851
f 4852/4852/4852 4853/4853/4853 4854/4854/4854
f 4855/4855/4855 4856/4856/4856 4857/4857/4857
f 4858/4858/4858 4859/4859/4859 4860/4860/4860
f 4861/4861/4861 4862/4862/4862 4863/4863/4863
f 4864/4864/4864 4865/4865/4865 4866/4866/4866
f 4867/4867/4867 4868/4868/4868 4869/4869/4869
f 4870/4870/4870 4871/4871/4871 4872/4872/4872
f 4873/4873/4873 4874/4874/4874 4875/4875/4875
f 4876/4876/4876 4877/4877/4877 4878/4878/4878
f 4879/4879/4879 4880/4880/4880 4881/4881/4881
f 4882/4882/4882 4883/4883/4883 4884/4884/4884
f 4885/4885/4885 4886/4886/4886 4887/4887/4887
f 4888/4888/4888 4889/4889/4889 4890/4890/4890
f 4891/4891/4891 4892/4892/4892 4893/4893/4893
f 4894/4894/4894 4895/4895/4895 4896/4896/4896
f 4897/4897/4897 4898/4898/4898 4899/4899/4899
f 4900/4900/4900 4901/4901/4901 4902/4902/4902
f 4903/4903/4903 4904/4904/4904 4905/4905/4905
f 4906/4906/4906 4907/4907/4907 4908/4908/4908
f 4909/4909/4909 4910/4910/4910 4911/4911/4911
f 4912/4912/4912 4913/4913/4913 4914/4914/4914
f 4915/4915/4915 4916/4916/4916 4917/4917/4917
f 4918/4918/4918 4919/4919/4919 4920/4920/4920
f 4921/4921/4921 4922/4922/4922 4923/4923/4923
f 4924/4924/4924 4925/4925/4925 4926/4926/4926
f 4927/4927/4927 4928/4928/4928 4929/4929/4929
f 4930/4930/4930 4931/4931/4931 4932/4932/4932
f 4933/4933/4933 4934/4934/4934 4935/4935/4935
f 4936/4936/4936 4937/4937/4937 4938/4938/4938
f 4939/4939/4939 4940/4940/4940 4941/4941/4941
f 4942/4942/4942 4943/4943/4943 4944/4944/4944
f 4945/4945/4945 4946/4946/4946 4947/4947/4947
f 4948/4948/4948 4949/4949/4949 4950/4950/4950
f 4951/4951/4951 4952/4952/4952 4953/4953/4953
f 4954/4954/4954 4955/4955/4955 4956/4956/4956
f 4957/4957/4957 4958/4958/4958 4959/4959/4959
f 4960/4960/4960 4961/4961/4961 4962/4962/4962
f 4963/4963/4963 4964/4964/4964 4965/4965/4965
f 4966/4966/4966 4967/4967/4967 4968/4968/4968
f 4969/4969/4969 4970/4970/4970 4971/4971/4971
f 4972/4972/4972 4973/4973/4973 4974/4974/4974
f 4975/4975/4975 4976/4976/4976 4977/4977/4977
f 4978/4978/4978 4979/4979/4979 4980/4980/4980
f 4981/4981/4981 4982/4982/4982 4983/4983/4983
f 4984/4984/4984 4985/4985/4985 4986/4986/4986
f 4987/4987/4987 4988/4988/4988 4989/4989/4989
f 4990/4990/4990 4991/4991/4991 4992/4992/4992
f 4993/4993/4993 4994/4994/4994 4995/4995/4995
f 4996/4996/4996 4997/4997/4997 4998/4998/4998
f 4999/4999/4999 5000/5000/5000 5001/5001/5001
f 5002/5002/5002 5003/5003/5003 5004/5004/5004
f 5005/5005/5005 5006/5006/5006 5007/5007/5007
f 5008/5008/5008 5009/5009/5009 5010/5010/5010
f 5011/5011/5011 5012/5012/5012 5013/5013/5013
f 5014/5014/5014 5015/5015/5015 5016/5016/5016
f 5017/5017/5017 5018/5018/5018 5019/5019/5019
f 5020/5020/5020 5021/5021/5021 5022/5022/5022
f 5023/5023/5023 5024/5024/5024 5025/5025/5025
f 5026/5026/5026 5027/5027/5027 5028/5028/5028
f 5029/5029/5029 5030/5030/5030 5031/5031/5031
f 5032/5032/5032 5033/5033/5033 5034/5034/5034
f 5035/5035/5035 5036/5036/5036 5037/5037/5037
f 5038/5038/5038 5039/5039/5039 5040/5040/5040
f 5041/5041/5041 5042/5042/5042 5043/5043/5043
f 5044/5044/5044 5045/5045/5045 5046/5046/5046
f 5047/5047/5047 5048/5048/5048 5049/5049/5049
f 5050/5050/5050 5051/5051/5051 5052/5052/5052
f 5053/5053/5053 5054/5054/5054 5055/5055/5055
f 5056/5056/5056 5057/5057/5057 5058/5058/5058
f 5059/5059/5059 5060/5060/5060 5061/5061/5061
f 5062/5062/5062 5063/5063/5063 5064/5064/5064
f 5065/5065/5065 5066/5066/5066 5067/5067/5067
f 5068/5068/5068 5069/5069/5069 5070/5070/5070
f 5071/5071/5071 5072/5072/5072 5073/5073/5073
f 5074/5074/5074 5075/5075/5075 5076/5076/5076
f 5077/5077/5077 5078/5078/5078 5079/5079/5079
f 5080/5080/5080 5081/5081/5081 5082/5082/5082
f 5083/5083/5083 5084/5084/5084 5085/5085/5085
f 5086/5086/5086 5087/5087/5087 5088/5088/5088
f 5089/5089/5089 5090/5090/5090 5091/5091/5091
f 5092/5092/5092 5093/5093/5093 5094/5094/5094
f 5095/5095/5095 5096/5096/5096 5097/5097/5097
f 5098/5098/5098 5099/5099/5099 5100/5100/5100
f 5101/5101/5101 5102/5102/5102 5103/5103/5103
f 5104/5104/5104 5105/5105/5105 5106/5106/5106
f 5107/5107/5107 5108/5108/5108 5109/5109/5109
f 5110/5110/5110 5111/5111/5111 5112/5112/5112
f 5113/5113/5113 5114/5114/5114 5115/5115/5115
f 5116/5116/5116 5117/5117/5117 5118/5118/5118
f 5119/5119/5119 5120/5120/5120 5121/5121/5121
f 5122/5122/5122 5123/5123/5123 5124/5124/5124
f 5125/5125/5125 5126/5126/5126 5127/5127/5127
f 5128/5128/5128 5129/5129/5129 5130/5130/5130
f 5131/5131/5131 5132/5132/5132 5133/5133/5133
f 5134/5134/5134 5135/5135/5135 5136/5136/5136
f 5137/5137/5137 5138/5138/5138 5139/5139/5139
f 5140/5140/5140 5141/5141/5141 5142/5142/5142
f 5143/5143/5143 5144/5144/5144 5145/5145/5145
f 5146/5146/5146 5147/5147/5147 5148/5148/5148
f 5149/5149/5149 5150/5150/5150 5151/5151/5151
f 5152/5152/5152 5153/5153/5153 5154/5154/5154
f 5155/5155/5155 5156/5156/5156 5157/5157/5157
f 5158/5158/5158 5159/5159/5159 5160/5160/5160
f 5161/5161/5161 5162/5162/5162 5163/5163/5163
f 5164/5164/5164 5165/5165/5165 5166/5166/5166
f 5167/5167/5167 5168/5168/5168 5169/5169/5169
f 5170/5170/5170 5171/5171/5171 5172/5172/5172
f 5173/5173/5173 5174/5174/5174 5175/5175/5175
f 5176/5176/5176 5177/5177/5177 5178/5178/5178
f 5179/5179/5179 5180/5180/5180 5181/5181/5181
f 5182/5182/5182 5183/5183/5183 5184/5184/5184
f 5185/5185/5185 5186/5186/5186 5187/5187/5187
f 5188/5188/5188 5189/5189/5189 5190/5190/5190
f 5191/5191/5191 5192/5192/5192 5193/5193/5193
f 5194/5194/5194 5195/5195/5195 5196/5196/5196
f 5197/5197/5197 5198/5198/5198 5199/5199/5199
f 5200/5200/5200 5201/5201/5201 5202/5202/5202
f 5203/5203/5203 5204/5204/5204 5205/5205/5205
f 5206/5206/5206 5207/5207/5207 5208/5208/5208
f 5209/5209/5209 5210/5210/5210 5211/5211/5211
f 5212/5212/5212 5213/5213/5213 5214/5214/5214
f 5215/5215/5215 5216/5216/5216 5217/5217/5217
f 5218/5218/5218 5219/5219/5219 5220/5220/5220
f 5221/5221/5221 5222/5222/5222 5223/5223/5223
f 5224/5224/5224 5225/5225/5225 5226/5226/5226
f 5227/5227/5227 5228/5228/5228 5229/5229/5229
f 5230/5230/5230 5231/5231/5231 5232/5232/5232
f 5233/5233/5233 5234/5234/5234 5235/5235/5235
f 5236/5236/5236 5237/5237/5237 5238/5238/5238
f 5239/5239/5239 5240/5240/5240 5241/5241/5241
f 5242/5242/5242 5243/5243/5243 5244/5244/5244
f 5245/5245/5245 5246/5246/5246 5247/5247/5247
f 5248/5248/5248 5249/5249/5249 5250/5250/5250
f 5251/5251/5251 5252/5252/5252 5253/5253/5253
f 5254/5254/5254 5255/5255/5255 5256/5256/5256
f 5257/5257/5257 5258/5258/5258 5259/5259/5259
f 5260/5260/5260 5261/5261/5261 5262/5262/5262
f 5263/5263/5263 5264/5264/5264 5265/5265/5265
f 5266/5266/5266 5267/5267/5267 5268/5268/5268
f 5269/5269/5269 5270/5270/5270 5271/5271/5271
f 5272/5272/5272 5273/5273/5273 5274/5274/5274
f 5275/5275/5275 5276/5276/5276 5277/5277/5277
f 5278/5278/5278 5279/5279/5279 5280/5280/5280
f 5281/5281/5281 5282/5282/5282 5283/5283/5283
f 5284/5284/5284 5285/5285/5285 5286/5286/5286
f 5287/5287/5287 5288/5288/5288 5289/5289/5289
f 5290/5290/5290 5291/5291/5291 5292/5292/5292
f 5293/5293/5293 5294/5294/5294 5295/5295/5295
f 5296/5296/5296 5297/5297/5297 5298/5298/5298
f 5299/5299/5299 5300/5300/5300 5301/5301/5301
f 5302/5302/5302 5303/5303/5303 5304/5304/5304
f 5305/5305/5305 5306/5306/5306 5307/5307/5307
f 5308/5308/5308 5309/5309/5309 5310/5310/5310
f 5311/5311/5311 5312/5312/5312 5313/5313/5313
f 5314/5314/5314 5315/5315/5315 5316/5316/5316
f 5317/5317/5317 5318/5318/5318 5319/5319/5319
f 5320/5320/5320 5321/5321/5321 5322/5322/5322
f 5323/5323/5323 5324/5324/5324 5325/5325/5325
f 5326/5326/5326 5327/5327/5327 5328/5328/5328
f 5329/5329/5329 5330/5330/5330 5331/5331/5331
f 5332/5332/5332 5333/5333/5333 5334/5334/5334
f 5335/5335/5335 5336/5336/5336 5337/5337/5337
f 5338/5338/5338 5339/5339/5339 5340/5340/5340
f 5341/5341/5341 5342/5342/5342 5343/5343/5343
f 5344/5344/5344 5345/5345/5345 5346/5346/5346
f 5347/5347/5347 5348/5348/5348 5349/5349/5349
f 5350/5350/5350 5351/5351/5351 5352/5352/5352
f 5353/5353/5353 5354/5354/5354 5355/5355/5355
f 5356/5356/5356 5357/5357/5357 5358/5358/5358
f 5359/5359/5359 5360/5360/5360 5361/5361/5361
f 5362/5362/5362 5363/5363/5363 5364/5364/5364
f 5365/5365/5365 5366/5366/5366 5367/5367/5367
f 5368/5368/5368 5369/5369/5369 5370/5370/5370
f 5371/5371/5371 5372/5372/5372 5373/5373/5373
f 5374/5374/5374 5375/5375/5375 5376/5376/5376
f 5377/5377/5377 5378/5378/5378 5379/5379/5379
f 5380/5380/5380 5381/5381/5381 5382/5382/5382
f 5383/5383/5383 5384/5384/5384 5385/5385/5385
f 5386/5386/5386 5387/5387/5387 5388/5388/5388
f 5389/5389/5389 5390/5390/5390 5391/5391/5391
f 5392/5392/5392 5393/5393/5393 5394/5394/5394
f 5395/5395/5395 5396/5396/5396 5397/5397/5397
f 5398/5398/5398 5399/5399/5399 5400/5400/5400
f 5401/5401/5401 5402/5402/5402 5403/5403/5403
f 5404/5404/5404 5405/5405/5405 5406/5406/5406
f 5407/5407/5407 5408/5408/5408 5409/5409/5409
f 5410/5410/5410 5411/5411/5411 5412/5412/5412
f 5413/5413/5413 5414/5414/5414 5415/5415/5415
f 5416/5416/5416 5417/5417/5417 5418/5418/5418
f 5419/5419/5419 5420/5420/5420 5421/5421/5421
f 5422/5422/5422 5423/5423/5423 5424/5424/5424
f 5425/5425/5425 5426/5426/5426 5427/5427/5427
f 5428/5428/5428 5429/5429/5429 5430/5430/5430
f 5431/5431/5431 5432/5432/5432 5433/5433/5433
f 5434/5434/5434 5435/5435/5435 5436/5436/5436
f 5437/5437/5437 5438/5438/5438 5439/5439/5439
f 5440/5440/5440 5441/5441/5441 5442/5442/5442
f 5443/5443/5443 5444/5444/5444 5445/5445/5445
f 5446/5446/5446 5447/5447/5447 5448/5448/5448
f 5449/5449/5449 5450/5450/5450 5451/5451/5451
f 5452/5452/5452 5453/5453/5453 5454/5454/5454
f 5455/5455/5455 5456/5456/5456 5457/5457/5457
f 5458/5458/5458 5459/5459/5459 5460/5460/5460
f 5461/5461/5461 5462/5462/5462 5463/5463/5463
f 5464/5464/5464 5465/5465/5465 5466/5466/5466
f 5467/5467/5467 5468/5468/5468 5469/5469/5469
f 5470/5470/5470 5471/5471/5471 5472/5472/5472
f 5473/5473/5473 5474/5474/5474 5475/5475/5475
f 5476/5476/5476 5477/5477/5477 5478/5478/5478
f 5479/5479/5479 5480/5480/5480 5481/5481/5481
f 5482/5482/5482 5483/5483/5483 5484/5484/5484
f 5485/5485/5485 5486/5486/5486 5487/5487/5487
f 5488/5488/5488 5489/5489/5489 5490/5490/5490
f 5491/5491/5491 5492/5492/5492 5493/5493/5493
f 5494/5494/5494 5495/5495/5495 5496/5496/5496
f 5497/5497/5497 5498/5498/5498 5499/5499/5499
f 5500/5500/5500 5501/5501/5501 5502/5502/5502
f 5503/5503/5503 5504/5504/5504 5505/5505/5505
f 5506/5506/5506 5507/5507/5507 5508/5508/5508
f 5509/5509/5509 5510/5510/5510 5511/5511/5511
f 5512/5512/5512 5513/5513/5513 5514/5514/5514
f 5515/5515/5515 5516/5516/5516 5517/5517/5517
f 5518/5518/5518 5519/5519/5519 5520/5520/5520
f 5521/5521/5521 5522/5522/5522 5523/5523/5523
f 5524/5524/5524 5525/5525/5525 5526/5526/5526
f 5527/5527/5527 5528/5528/5528 5529/5529/5529
f 5530/5530/5530 5531/5531/5531 5532/5532/5532
f 5533/5533/5533 5534/5534/5534 5535/5535/5535
f 5536/5536/5536 5537/5537/5537 5538/5538/5538
f 5539/5539/5539 5540/5540/5540 5541/5541/5541
f 5542/5542/5542 5543/5543/5543 5544/5544/5544
f 5545/5545/5545 5546/5546/5546 5547/5547/5547
f 5548/5548/5548 5549/5549/5549 5550/5550/5550
f 5551/5551/5551 5552/5552/5552 5553/5553/5553
f 5554/5554/5554 5555/5555/5555 5556/5556/5556
f 5557/5557/5557 5558/5558/5558 5559/5559/5559
f 5560/5560/5560 5561/5561/5561 5562/5562/5562
f 5563/5563/5563 5564/5564/5564 5565/5565/5565
f 5566/5566/5566 5567/5567/5567 5568/5568/5568
f 5569/5569/5569 5570/5570/5570 5571/5571/5571
f 5572/5572/5572 5573/5573/5573 5574/5574/5574
f 5575/5575/5575 5576/5576/5576 5577/5577/5577
f 5578/5578/5578 5579/5579/5579 5580/5580/5580
f 5581/5581/5581 5582/5582/5582 5583/5583/5583
f 5584/5584/5584 5585/5585/5585 5586/5586/5586
f 5587/5587/5587 5588/5588/5588 5589/5589/5589
f 5590/5590/5590 5591/5591/5591 5592/5592/5592
f 5593/5593/5593 5594/5594/5594 5595/5595/5595
f 5596/5596/5596 5597/5597/5597 5598/5598/5598
f 5599/5599/5599 5600/5600/5600 5601/5601/5601
f 5602/5602/5602 5603/5603/5603 5604/5604/5604
f 5605/5605/5605 5606/5606/5606 5607/5607/5607
f 5608/5608/5608 5609/5609/5609 5610/5610/5610
f 5611/5611/5611 5612/5612/5612 5613/5613/5613
f 5614/5614/5614 5615/5615/5615 5616/5616/5616
f 5617/5617/5617 5618/5618/5618 5619/5619/5619
f 5620/5620/5620 5621/5621/5621 5622/5622/5622
f 5623/5623/5623 5624/5624/5624 5625/5625/5625
f 5626/5626/5626 5627/5627/5627 5628/5628/5628
f 5629/5629/5629 5630/5630/5630 5631/5631/5631
f 5632/5632/5632 5633/5633/5633 5634/5634/5634
f 5635/5635/5635 5636/5636/5636 5637/5637/5637
f 5638/5638/5638 5639/5639/5639 5640/5640/5640
f 5641/5641/5641 5642/5642/5642 5643/5643/5643
f 5644/5644/5644 5645/5645/5645 5646/5646/5646
f 5647/5647/5647 5648/5648/5648 5649/5649/5649
f 5650/5650/5650 5651/5651/5651 5652/5652/5652
f 5653/5653/5653 5654/5654/5654 5655/5655/5655
f 5656/5656/5656 5657/5657/5657 5658/5658/5658
f 5659/5659/5659 5660/5660/5660 5661/5661/5661
f 5662/5662/5662 5663/5663/5663 5664/5664/5664
f 5665/5665/5665 5666/5666/5666 5667/5667/5667
f 5668/5668/5668 5669/5669/5669 5670/5670/5670
f 5671/5671/5671 5672/5672/5672 5673/5673/5673
f 5674/5674/5674 5675/5675/5675 5676/5676/5676
f 5677/5677/5677 5678/5678/5678 5679/5679/5679
f 5680/5680/5680 5681/5681/5681 5682/5682/5682
f 5683/5683/5683 5684/5684/5684 5685/5685/5685
f 5686/5686/5686 5687/5687/5687 5688/5688/5688
f 5689/5689/5689 5690/5690/5690 5691/5691/5691
f 5692/5692/5692 5693/5693/5693 5694/5694/5694
f 5695/5695/5695 5696/5696/5696 5697/5697/5697
f 5698/5698/5698 5699/5699/5699 5700/5700/5700
f 5701/5701/5701 5702/5702/5702 5703/5703/5703
f 5704/5704/5704 5705/5705/5705 5706/5706/5706
f 5707/5707/5707 5708/5708/5708 5709/5709/5709
f 5710/5710/5710 5711/5711/5711 5712/5712/5712
f 5713/5713/5713 5714/5714/5714 5715/5715/5715
f 5716/5716/5716 5717/5717/5717 5718/5718/5718
f 5719/5719/5719 5720/5720/5720 5721/5721/5721
f 5722/5722/5722 5723/5723/5723 5724/5724/5724
f 5725/5725/5725 5726/5726/5726 5727/5727/5727
f 5728/5728/5728 5729/5729/5729 5730/5730/5730
f 5731/5731/5731 5732/5732/5732 5733/5733/5733
f 5734/5734/5734 5735/5735/5735 5736/5736/5736
f 5737/5737/5737 5738/5738/5738 5739/5739/5739
f 5740/5740/5740 5741/5741/5741 5742/5742/5742
f 5743/5743/5743 5744/5744/5744 5745/5745/5745
f 5746/5746/5746 5747/5747/5747 5748/5748/5748
f 5749/5749/5749 5750/5750/5750 5751/5751/5751
f 5752/5752/5752 5753/5753/5753 5754/5754/5754
f 5755/5755/5755 5756/5756/5756 5757/5757/5757
f 5758/5758/5758 5759/5759/5759 5760/5760/5760
f 5761/5761/5761 5762/5762/5762 5763/5763/5763
f 5764/5764/5764 5765/5765/5765 5766/5766/5766
f 5767/5767/5767 5768/5768/5768 5769/5769/5769
f 5770/5770/5770 5771/5771/5771 5772/5772/5772
f 5773/5773/5773 5774/5774/5774 5775/5775/5775
f 5776/5776/5776 5777/5777/5777 5778/5778/5778
f 5779/5779/5779 5780/5780/5780 5781/5781/5781
f 5782/5782/5782 5783/5783/5783 5784/5784/5784
f 5785/5785/5785 5786/5786/5786 5787/5787/5787
f 5788/5788/5788 5789/5789/5789 5790/5790/5790
f 5791/5791/5791 5792/5792/5792 5793/5793/5793
f 5794/5794/5794 5795/5795/5795 5796/5796/5796
f 5797/5797/5797 5798/5798/5798 5799/5799/5799
f 5800/5800/5800 5801/5801/5801 5802/5802/5802
f 5803/5803/5803 5804/5804/5804 5805/5805/5805
f 5806/5806/5806 5807/5807/5807 5808/5808/5808
f 5809/5809/5809 5810/5810/5810 5811/5811/5811
f 5812/5812/5812 5813/5813/5813 5814/5814/5814
f 5815/5815/5815 5816/5816/5816 5817/5817/5817
f 5818/5818/5818 5819/5819/5819 5820/5820/5820
f 5821/5821/5821 5822/5822/5822 5823/5823/5823
f 5824/5824/5824 5825/5825/5825 5826/5826/5826
f 5827/5827/5827 5828/5828/5828 5829/5829/5829
f 5830/5830/5830 5831/5831/5831 5832/5832/5832
f 5833/5833/5833 5834/5834/5834 5835/5835/5835
f 5836/5836/5836 5837/5837/5837 5838/5838/5838
f 5839/5839/5839 5840/5840/5840 5841/5841/5841
f 5842/5842/5842 5843/5843/5843 5844/5844/5844
f 5845/5845/5845 5846/5846/5846 5847/5847/5847
f 5848/5848/5848 5849/5849/5849 5850/5850/5850
f 5851/5851/5851 5852/5852/5852 5853/5853/5853
f 5854/5854/5854 5855/5855/5855 5856/5856/5856
f 5857/5857/5857 5858/5858/5858 5859/5859/5859
f 5860/5860/5860 5861/5861/5861 5862/5862/5862
f 5863/5863/5863 5864/5864/5864 5865/5865/5865
f 5866/5866/5866 5867/5867/5867 5868/5868/5868
f 5869/5869/5869 5870/5870/5870 5871/5871/5871
f 5872/5872/5872 5873/5873/5873 5874/5874/5874
f 5875/5875/5875 5876/5876/5876 5877/5877/5877
f 5878/5878/5878 5879/5879/5879 5880/5880/5880
f 5881/5881/5881 5882/5882/5882 5883/5883/5883
f 5884/5884/5884 5885/5885/5885 5886/5886/5886
f 5887/5887/5887 5888/5888/5888 5889/5889/5889
f 5890/5890/5890 5891/5891/5891 5892/5892/5892
f 5893/5893/5893 5894/5894/5894 5895/5895/5895
f 5896/5896/5896 5897/5897/5897 5898/5898/5898
f 5899/5899/5899 5900/5900/5900 5901/5901/5901
f 5902/5902/5902 5903/5903/5903 5904/5904/5904
f 5905/5905/5905 5906/5906/5906 5907/5907/5907
f 5908/5908/5908 5909/5909/5909 5910/5910/5910
f 5911/5911/5911 5912/5912/5912 5913/5913/5913
f 5914/5914/5914 5915/5915/5915 5916/5916/5916
f 5917/5917/5917 5918/5918/5918 5919/5919/5919
f 5920/5920/5920 5921/5921/5921 5922/5922/5922
f 5923/5923/5923 5924/5924/5924 5925/5925/5925
f 5926/5926/5926 5927/5927/5927 5928/5928/5928
f 5929/5929/5929 5930/5930/5930 5931/5931/5931
f 5932/5932/5932 5933/5933/5933 5934/5934/5934
f 5935/5935/5935 5936/5936/5936 5937/5937/5937
f 5938/5938/5938 5939/5939/5939 5940/5940/5940
f 5941/5941/5941 5942/5942/5942 5943/5943/5943
f 5944/5944/5944 5945/5945/5945 5946/5946/5946
f 5947/5947/5947 5948/5948/5948 5949/5949/5949
f 5950/5950/5950 5951/5951/5951 5952/5952/5952
f 5953/5953/5953 5954/5954/5954 5955/5955/5955
f 5956/5956/5956 5957/5957/5957 5958/5958/5958
f 5959/5959/5959 5960/5960/5960 5961/5961/5961
f 5962/5962/5962 5963/5963/5963 5964/5964/5964
f 5965/5965/5965 5966/5966/5966 5967/5967/5967
f 5968/5968/5968 5969/5969/5969 5970/5970/5970
f 5971/5971/5971 5972/5972/5972 5973/5973/5973
f 5974/5974/5974 5975/5975/5975 5976/5976/5976
f 5977/5977/5977 5978/5978/5978 5979/5979/5979
f 5980/5980/5980 5981/5981/5981 5982/5982/5982
f 5983/5983/5983 5984/5984/5984 5985/5985/5985
f 5986/5986/5986 5987/5987/5987 5988/5988/5988
f 5989/5989/5989 5990/5990/5990 5991/5991/5991
f 5992/5992/5992 5993/5993/5993 5994/5994/5994
f 5995/5995/5995 5996/5996/5996 5997/5997/5997
f 5998/5998/5998 5999/5999/5999 6000/6000/6000
f 6001/6001/6001 6002/6002/6002 6003/6003/6003
f 6004/6004/6004 6005/6005/6005 6006/6006/6006
f 6007/6007/6007 6008/6008/6008 6009/6009/6009
f 6010/6010/6010 6011/6011/6011 6012/6012/6012
f 6013/6013/6013 6014/6014/6014 6015/6015/6015
f 6016/6016/6016 6017/6017/6017 6018/6018/6018
f 6019/6019/6019 6020/6020/6020 6021/6021/6021
f 6022/6022/6022 6023/6023/6023 6024/6024/6024
f 6025/6025/6025 6026/6026/6026 6027/6027/6027
f 6028/6028/6028 6029/6029/6029 6030/6030/6030
f 6031/6031/6031 6032/6032/6032 6033/6033/6033
f 6034/6034/6034 6035/6035/6035 6036/6036/6036
f 6037/6037/6037 6038/6038/6038 6039/6039/6039
f 6040/6040/6040 6041/6041/6041 6042/6042/6042
f 6043/6043/6043 6044/6044/6044 6045/6045/6045
f 6046/6046/6046 6047/6047/6047 6048/6048/6048
f 6049/6049/6049 6050/6050/6050 6051/6051/6051
f 6052/6052/6052 6053/6053/6053 6054/6054/6054
f 6055/6055/6055 6056/6056/6056 6057/6057/6057
f 6058/6058/6058 6059/6059/6059 6060/6060/6060
f 6061/6061/6061 6062/6062/6062 6063/6063/6063
f 6064/6064/6064 6065/6065/6065 6066/6066/6066
f 6067/6067/6067 6068/6068/6068 6069/6069/6069
f 6070/6070/6070 6071/6071/6071 6072/6072/6072
f 6073/6073/6073 6074/6074/6074 6075/6075/6075
f 6076/6076/6076 6077/6077/6077 6078/6078/6078
f 6079/6079/6079 6080/6080/6080 6081/6081/6081
f 6082/6082/6082 6083/6083/6083 6084/6084/6084
f 6085/6085/6085 6086/6086/6086 6087/6087/6087
f 6088/6088/6088 6089/6089/6089 6090/6090/6090
f 6091/6091/6091 6092/6092/6092 6093/6093/6093
f 6094/6094/6094 6095/6095/6095 6096/6096/6096
f 6097/6097/6097 6098/6098/6098 6099/6099/6099
f 6100/6100/6100 6101/6101/6101 6102/6102/6102
f 6103/6103/6103 6104/6104/6104 6105/6105/6105
f 6106/6106/6106 6107/6107/6107 6108/6108/6108
f 6109/6109/6109 6110/6110/6110 6111/6111/6111
f 6112/6112/6112 6113/6113/6113 6114/6114/6114
f 6115/6115/6115 6116/6116/6116 6117/6117/6117
f 6118/6118/6118 6119/6119/6119 6120/6120/6120
f 6121/6121/6121 6122/6122/6122 6123/6123/6123
f 6124/6124/6124 6125/6125/6125 6126/6126/6126
f 6127/6127/6127 6128/6128/6128 6129/6129/6129
f 6130/6130/6130 6131/6131/6131 6132/6132/6132
f 6133/6133/6133 6134/6134/6134 6135/6135/6135
f 6136/6136/6136 6137/6137/6137 6138/6138/6138
f 6139/6139/6139 6140/6140/6140 6141/6141/6141
f 6142/6142/6142 6143/6143/6143 6144/6144/6144
f 6145/6145/6145 6146/6146/6146 6147/6147/6147
f 6148/6148/6148 6149/6149/6149 6150/6150/6150
f 6151/6151/6151 6152/6152/6152 6153/6153/6153
f 6154/6154/6154 6155/6155/6155 6156/6156/6156
f 6157/6157/6157 6158/6158/6158 6159/6159/6159
f 6160/6160/6160 6161/6161/6161 6162/6162/6162
f 6163/6163/6163 6164/6164/6164 6165/6165/6165
f 6166/6166/6166 6167/6167/6167 6168/6168/6168
f 6169/6169/6169 6170/6170/6170 6171/6171/6171
f 6172/6172/6172 6173/6173/6173 6174/6174/6174
f 6175/6175/6175 6176/6176/6176 6177/6177/6177
f 6178/6178/6178 6179/6179/6179 6180/6180/6180
f 6181/6181/6181 6182/6182/6182 6183/6183/6183
f 6184/6184/6184 6185/6185/6185 6186/6186/6186
f 6187/6187/6187 6188/6188/6188 6189/6189/6189
f 6190/6190/6190 6191/6191/6191 6192/6192/6192
f 6193/6193/6193 6194/6194/6194 6195/6195/6195
f 6196/6196/6196 6197/6197/6197 6198/6198/6198
f 6199/6199/6199 6200/6200/6200 6201/6201/6201
f 6202/6202/6202 6203/6203/6203 6204/6204/6204
f 6205/6205/6205 6206/6206/6206 6207/6207/6207
f 6208/6208/6208 6209/6209/6209 6210/6210/6210
f 6211/6211/6211 6212/6212/6212 6213/6213/6213
f 6214/6214/6214 6215/6215/6215 6216/6216/6216
f 6217/6217/6217 6218/6218/6218 6219/6219/6219
f 6220/6220/6220 6221/6221/6221 6222/6222/6222
f 6223/6223/6223 6224/6224/6224 6225/6225/6225
f 6226/6226/6226 6227/6227/6227 6228/6228/6228
f 6229/6229/6229 6230/6230/6230 6231/6231/6231
f 6232/6232/6232 6233/6233/6233 6234/6234/6234
f 6235/6235/6235 6236/6236/6236 6237/6237/6237
f 6238/6238/6238 6239/6239/6239 6240/6240/6240
f 6241/6241/6241 6242/6242/6242 6243/6243/6243
f 6244/6244/6244 6245/6245/6245 6246/6246/6246
f 6247/6247/6247 6248/6248/6248 6249/6249/6249
f 6250/6250/6250 6251/6251/6251 6252/6252/6252
f 6253/6253/6253 6254/6254/6254 6255/6255/6255
f 6256/6256/6256 6257/6257/6257 6258/6258/6258
f 6259/6259/6259 6260/6260/6260 6261/6261/6261
f 6262/6262/6262 6263/6263/6263 6264/6264/6264
f 6265/6265/6265 6266/6266/6266 6267/6267/6267
f 6268/6268/6268 6269/6269/6269 6270/6270/6270
f 6271/6271/6271 6272/6272/6272 6273/6273/6273
f 6274/6274/6274 6275/6275/6275 6276/6276/6276
f 6277/6277/6277 6278/6278/6278 6279/6279/6279
f 6280/6280/6280 6281/6281/6281 6282/6282/6282
f 6283/6283/6283 6284/6284/6284 6285/6285/6285
f 6286/6286/6286 6287/6287/6287 6288/6288/6288
usemtl m1
f 6289//6289 6290//6290 6291//6291
f 6292//6292 6293//6293 6294//6294
f 6295//6295 6296//6296 6297//6297
f 6298//6298 6299//6299 6300//6300
f 6301//6301 6302//6302 6303//6303
f 6304//6304 6305//6305 6306//6306
f 6307//6307 6308//6308 6309//6309
f 6310//6310 6311//6311 6312//6312
f 6313//6313 6314//6314 6315//6315
f 6316//6316 6317//6317 6318//6318
f 6319//6319 6320//6320 6321//6321
f 6322//6322 6323//6323 6324//6324
f 6325//6325 6326//6326 6327//6327
f 6328//6328 6329//6329 6330//6330
f 6331//6331 6332//6332 6333//6333
f 6334//6334 6335//6335 6336//6336
f 6337//6337 6338//6338 6339//6339
f 6340//6340 6341//6341 6342//6342
f 6343//6343 6344//6344 6345//6345
f 6346//6346 6347//6347 6348//6348
f 6349//6349 6350//6350 6351//6351
f 6352//6352 6353//6353 6354//6354
f 6355//6355 6356//6356 6357//6357
f 6358//6358 6359//6359 6360//6360
f 6361//6361 6362//6362 6363//6363
f 6364//6364 6365//6365 6366//6366
f 6367//6367 6368//6368 6369//6369
f 6370//6370 6371//6371 6372//6372
f 6373//6373 6374//6374 6375//6375
f 6376//6376 6377//6377 6378//6378
f 6379//6379 6380//6380 6381//6381
f 6382//6382 6383//6383 6384//6384
f 6385//6385 6386//6386 6387//6387
f 6388//6388 6389//6389 6390//6390
f 6391//6391 6392//6392 6393//6393
f 6394//6394 6395//6395 6396//6396
f 6397//6397 6398//6398 6399//6399
f 6400//6400 6401//6401 6402//6402
f 6403//6403 6404//6404 6405//6405
f 6406//6406 6407//6407 6408//6408
f 6409//6409 6410//6410 6411//6411
f 6412//6412 6413//6413 6414//6414
f 6415//6415 6416//6416 6417//6417
f 6418//6418 6419//6419 6420//6420
f 6421//6421 6422//6422 6423//6423
f 6424//6424 6425//6425 6426//6426
f 6427//6427 6428//6428 6429//6429
f 6430//6430 6431//6431 6432//6432
f 6433//6433 6434//6434 6435//6435
f 6436//6436 6437//6437 6438//6438
f 6439//6439 6440//6440 6441//6441
f 6442//6442 6443//6443 6444//6444
f 6445//6445 6446//6446 6447//6447
f 6448//6448 6449//6449 6450//6450
f 6451//6451 6452//6452 6453//6453
f 6454//6454 6455//6455 6456//6456
f 6457//6457 6458//6458 6459//6459
f 6460//6460 6461//6461 6462//6462
f 6463//6463 6464//6464 6465//6465
f 6466//6466 6467//6467 6468//6468
f 6469//6469 6470//6470 6471//6471
f 6472//6472 6473//6473 6474//6474
f 6475//6475 6476//6476 6477//6477
f 6478//6478 6479//6479 6480//6480
f 6481//6481 6482//6482 6483//6483
f 6484//6484 6485//6485 6486//6486
f 6487//6487 6488//6488 6489//6489
f 6490//6490 6491//6491 6492//6492
f 6493//6493 6494//6494 6495//6495
f 6496//6496 6497//6497 6498//6498
f 6499//6499 6500//6500 6501//6501
f 6502//6502 6503//6503 6504//6504
f 6505//6505 6506//6506 6507//6507
f 6508//6508 6509//6509 6510//6510
f 6511//6511 6512//6512 6513//6513
f 6514//6514 6515//6515 6516//6516
f 6517//6517 6518//6518 6519//6519
f 6520//6520 6521//6521 6522//6522
f 6523//6523 6524//6524 6525//6525
f 6526//6526 6527//6527 6528//6528
f 6529//6529 6530//6530 6531//6531
f 6532//6532 6533//6533 6534//6534
f 6535//6535 6536//6536 6537//6537
f 6538//6538 6539//6539 6540//6540
f 6541//6541 6542//6542 6543//6543
f 6544//6544 6545//6545 6546//6546
f 6547//6547 6548//6548 6549//6549
f 6550//6550 6551//6551 6552//6552
f 6553//6553 6554//6554 6555//6555
f 6556//6556 6557//6557 6558//6558
f 6559//6559 6560//6560 6561//6561
f 6562//6562 6563//6563 6564//6564
f 6565//6565 6566//6566 6567//6567
f 6568//6568 6569//6569 6570//6570
f 6571//6571 6572//6572 6573//6573
f 6574//6574 6575//6575 6576//6576
f 6577//6577 6578//6578 6579//6579
f 6580//6580 6581//6581 6582//6582
f 6583//6583 6584//6584 6585//6585
f 6586//6586 6587//6587 6588//6588
f 6589//6589 6590//6590 6591//6591
f 6592//6592 6593//6593 6594//6594
f 6595//6595 6596//6596 6597//6597
f 6598//6598 6599//6599 6600//6600
f 6601//6601 6602//6602 6603//6603
f 6604//6604 6605//6605 6606//6606
f 6607//6607 6608//6608 6609//6609
f 6610//6610 6611//6611 6612//6612
f 6613//6613 6614//6614 6615//6615
f 6616//6616 6617//6617 6618//6618
f 6619//6619 6620//6620 6621//6621
f 6622//6622 6623//6623 6624//6624
f 6625//6625 6626//6626 6627//6627
f 6628//6628 6629//6629 6630//6630
f 6631//6631 6632//6632 6633//6633
f 6634//6634 6635//6635 6636//6636
f 6637//6637 6638//6638 6639//6639
f 6640//6640 6641//6641 6642//6642
f 6643//6643 6644//6644 6645//6645
f 6646//6646 6647//6647 6648//6648
f 6649//6649 6650//6650 6651//6651
f 6652//6652 6653//6653 6654//6654
f 6655//6655 6656//6656 6657//6657
f 6658//6658 6659//6659 6660//6660
f 6661//6661 6662//6662 6663//6663
f 6664//6664 6665//6665 6666//6666
f 6667//6667 6668//6668 6669//6669
f 6670//6670 6671//6671 6672//6672
f 6673//6673 6674//6674 6675//6675
f 6676//6676 6677//6677 6678//6678
f 6679//6679 6680//6680 6681//6681
f 6682//6682 6683//6683 6684//6684
f 6685//6685 6686//6686 6687//6687
f 6688//6688 6689//6689 6690//6690
f 6691//6691 6692//6692 6693//6693
f 6694//6694 6695//6695 6696//6696
f 6697//6697 6698//6698 6699//6699
f 6700//6700 6701//6701 6702//6702
f 6703//6703 6704//6704 6705//6705
f 6706//6706 6707//6707 6708//6708
f 6709//6709 6710//6710 6711//6711
f 6712//6712 6713//6713 6714//6714
f 6715//6715 6716//6716 6717//6717
f 6718//6718 6719//6719 6720//6720
f 6721//6721 6722//6722 6723//6723
f 6724//6724 6725//6725 6726//6726
f 6727//6727 6728//6728 6729//6729
f 6730//6730 6731//6731 6732//6732
f 6733//6733 6734//6734 6735//6735
f 6736//6736 6737//6737 6738//6738
f 6739//6739 6740//6740 6741//6741
f 6742//6742 6743//6743 6744//6744
f 6745//6745 6746//6746 6747//6747
f 6748//6748 6749//6749 6750//6750
f 6751//6751 6752//6752 6753//6753
f 6754//6754 6755//6755 6756//6756
f 6757//6757 6758//6758 6759//6759
f 6760//6760 6761//6761 6762//6762
f 6763//6763 6764//6764 6765//6765
f 6766//6766 6767//6767 6768//6768
f 6769//6769 6770//6770 6771//6771
f 6772//6772 6773//6773 6774//6774
f 6775//6775 6776//6776 6777//6777
f 6778//6778 6779//6779 6780//6780
f 6781//6781 6782//6782 6783//6783
f 6784//6784 6785//6785 6786//6786
f 6787//6787 6788//6788 6789//6789
f 6790//6790 6791//6791 6792//6792
f 6793//6793 6794//6794 6795//6795
f 6796//6796 6797//6797 6798//6798
f 6799//6799 6800//6800 6801//6801
f 6802//6802 6803//6803 6804//6804
f 6805//6805 6806//6806 6807//6807
f 6808//6808 6809//6809 6810//6810
f 6811//6811 6812//6812 6813//6813
f 6814//6814 6815//6815 6816//6816
f 6817//6817 6818//6818 6819//6819
f 6820//6820 6821//6821 6822//6822
f 6823//6823 6824//6824 6825//6825
f 6826//6826 6827//6827 6828//6828
f 6829//6829 6830//6830 6831//6831
f 6832//6832 6833//6833 6834//6834
f 6835//6835 6836//6836 6837//6837
f 6838//6838 6839//6839 6840//6840
f 6841//6841 6842//6842 6843//6843
f 6844//6844 6845//6845 6846//6846
f 6847//6847 6848//6848 6849//6849
f 6850//6850 6851//6851 6852//6852
f 6853//6853 6854//6854 6855//6855
f 6856//6856 6857//6857 6858//6858
f 6859//6859 6860//6860 6861//6861
f 6862//6862 6863//6863 6864//6864
f 6865//6865 6866//6866 6867//6867
f 6868//6868 6869//6869 6870//6870
f 6871//6871 6872//6872 6873//6873
f 6874//6874 6875//6875 6876//6876
f 6877//6877 6878//6878 6879//6879
f 6880//6880 6881//6881 6882//6882
f 6883//6883 6884//6884 6885//6885
f 6886//6886 6887//6887 6888//6888
f 6889//6889 6890//6890 6891//6891
f 6892//6892 6893//6893 6894//6894
f 6895//6895 6896//6896 6897//6897
f 6898//6898 6899//6899 6900//6900
f 6901//6901 6902//6902 6903//6903
f 6904//6904 6905//6905 6906//6906
f 6907//6907 6908//6908 6909//6909
f 6910//6910 6911//6911 6912//6912
f 6913//6913 6914//6914 6915//6915
f 6916//6916 6917//6917 6918//6918
f 6919//6919 6920//6920 6921//6921
f 6922//6922 6923//6923 6924//6924
f 6925//6925 6926//6926 6927//6927
f 6928//6928 6929//6929 6930//6930
f 6931//6931 6932//6932 6933//6933
f 6934//6934 6935//6935 6936//6936
f 6937//6937 6938//6938 6939//6939
f 6940//6940 6941//6941 6942//6942
f 6943//6943 6944//6944 6945//6945
f 6946//6946 6947//6947 6948//6948
f 6949//6949 6950//6950 6951//6951
f 6952//6952 6953//6953 6954//6954
f 6955//6955 6956//6956 6957//6957
f 6958//6958 6959//6959 6960//6960
f 6961//6961 6962//6962 6963//6963
f 6964//6964 6965//6965 6966//6966
f 6967//6967 6968//6968 6969//6969
f 6970//6970 6971//6971 6972//6972
f 6973//6973 6974//6974 6975//6975
f 6976//6976 6977//6977 6978//6978
f 6979//6979 6980//6980 6981//6981
f 6982//6982 6983//6983 6984//6984
f 6985//6985 6986//6986 6987//6987
f 6988//6988 6989//6989 6990//6990
f 6991//6991 6992//6992 6993//6993
f 6994//6994 6995//6995 6996//6996
f 6997//6997 6998//6998 6999//6999
f 7000//7000 7001//7001 7002//7002
f 7003//7003 7004//7004 7005//7005
f 7006//7006 7007//7007 7008//7008
f 7009//7009 7010//7010 7011//7011
f 7012//7012 7013//7013 7014//7014
f 7015//7015 7016//7016 7017//7017
f 7018//7018 7019//7019 7020//7020
f 7021//7021 7022//7022 7023//7023
f 7024//7024 7025//7025 7026//7026
f 7027//7027 7028//7028 7029//7029
f 7030//7030 7031//7031 7032//7032
f 7033//7033 7034//7034 7035//7035
f 7036//7036 7037//7037 7038//7038
f 7039//7039 7040//7040 7041//7041
f 7042//7042 7043//7043 7044//7044
f 7045//7045 7046//7046 7047//7047
f 7048//7048 7049//7049 7050//7050
f 7051//7051 7052//7052 7053//7053
f 7054//7054 7055//7055 7056//7056
f 7057//7057 7058//7058 7059//7059
f 7060//7060 7061//7061 7062//7062
f 7063//7063 7064//7064 7065//7065
f 7066//7066 7067//7067 7068//7068
f 7069//7069 7070//7070 7071//7071
f 7072//7072 7073//7073 7074//7074
f 7075//7075 7076//7076 7077//7077
f 7078//7078 7079//7079 7080//7080
f 7081//7081 7082//7082 7083//7083
f 7084//7084 7085//7085 7086//7086
f 7087//7087 7088//7088 7089//7089
f 7090//7090 7091//7091 7092//7092
f 7093//7093 7094//7094 7095//7095
f 7096//7096 7097//7097 7098//7098
f 7099//7099 7100//7100 7101//7101
f 7102//7102 7103//7103 7104//7104
f 7105//7105 7106//7106 7107//7107
f 7108//7108 7109//7109 7110//7110
f 7111//7111 7112//7112 7113//7113
f 7114//7114 7115//7115 7116//7116
f 7117//7117 7118//7118 7119//7119
f 7120//7120 7121//7121 7122//7122
f 7123//7123 7124//7124 7125//7125
f 7126//7126 7127//7127 7128//7128
f 7129//7129 7130//7130 7131//7131
f 7132//7132 7133//7133 7134//7134
f 7135//7135 7136//7136 7137//7137
f 7138//7138 7139//7139 7140//7140
f 7141//7141 7142//7142 7143//7143
f 7144//7144 7145//7145 7146//7146
f 7147//7147 7148//7148 7149//7149
f 7150//7150 7151//7151 7152//7152
f 7153//7153 7154//7154 7155//7155
f 7156//7156 7157//7157 7158//7158
f 7159//7159 7160//7160 7161//7161
f 7162//7162 7163//7163 7164//7164
f 7165//7165 7166//7166 7167//7167
f 7168//7168 7169//7169 7170//7170
f 7171//7171 7172//7172 7173//7173
f 7174//7174 7175//7175 7176//7176
f 7177//7177 7178//7178 7179//7179
f 7180//7180 7181//7181 7182//7182
f 7183//7183 7184//7184 7185//7185
f 7186//7186 7187//7187 7188//7188
f 7189//7189 7190//7190 7191//7191
f 7192//7192 7193//7193 7194//7194
f 7195//7195 7196//7196 7197//7197
f 7198//7198 7199//7199 7200//7200
f 7201//7201 7202//7202 7203//7203
f 7204//7204 7205//7205 7206//7206
f 7207//7207 7208//7208 7209//7209
f 7210//7210 7211//7211 7212//7212
f 7213//7213 7214//7214 7215//7215
f 7216//7216 7217//7217 7218//7218
f 7219//7219 7220//7220 7221//7221
f 7222//7222 7223//7223 7224//7224
f 7225//7225 7226//7226 7227//7227
f 7228//7228 7229//7229 7230//7230
f 7231//7231 7232//7232 7233//7233
f 7234//7234 7235//7235 7236//7236
f 7237//7237 7238//7238 7239//7239
f 7240//7240 7241//7241 7242//7242
f 7243//7243 7244//7244 7245//7245
f 7246//7246 7247//7247 7248//7248
f 7249//7249 7250//7250 7251//7251
f 7252//7252 7253//7253 7254//7254
f 7255//7255 7256//7256 7257//7257
f 7258//7258 7259//7259 7260//7260
f 7261//7261 7262//7262 7263//7263
f 7264//7264 7265//7265 7266//7266
f 7267//7267 7268//7268 7269//7269
f 7270//7270 7271//7271 7272//7272
f 7273//7273 7274//7274 7275//7275
f 7276//7276 7277//7277 7278//7278
f 7279//7279 7280//7280 7281//7281
f 7282//7282 7283//7283 7284//7284
f 7285//7285 7286//7286 7287//7287
f 7288//7288 7289//7289 7290//7290
f 7291//7291 7292//7292 7293//7293
f 7294//7294 7295//7295 7296//7296
f 7297//7297 7298//7298 7299//7299
f 7300//7300 7301//7301 7302//7302
f 7303//7303 7304//7304 7305//7305
f 7306//7306 7307//7307 7308//7308
f 7309//7309 7310//7310 7311//7311
f 7312//7312 7313//7313 7314//7314
f 7315//7315 7316//7316 7317//7317
f 7318//7318 7319//7319 7320//7320
f 7321//7321 7322//7322 7323//7323
f 7324//7324 7325//7325 7326//7326
f 7327//7327 7328//7328 7329//7329
f 7330//7330 7331//7331 7332//7332
f 7333//7333 7334//7334 7335//7335
f 7336//7336 7337//7337 7338//7338
f 7339//7339 7340//7340 7341//7341
f 7342//7342 7343//7343 7344//7344
f 7345//7345 7346//7346 7347//7347
f 7348//7348 7349//7349 7350//7350
f 7351//7351 7352//7352 7353//7353
f 7354//7354 7355//7355 7356//7356
f 7357//7357 7358//7358 7359//7359
f 7360//7360 7361//7361 7362//7362
f 7363//7363 7364//7364 7365//7365
f 7366//7366 7367//7367 7368//7368
f 7369//7369 7370//7370 7371//7371
f 7372//7372 7373//7373 7374//7374
f 7375//7375 7376//7376 7377//7377
f 7378//7378 7379//7379 7380//7380
f 7381//7381 7382//7382 7383//7383
f 7384//7384 7385//7385 7386//7386
f 7387//7387 7388//7388 7389//7389
f 7390//7390 7391//7391 7392//7392
f 7393//7393 7394//7394 7395//7395
f 7396//7396 7397//7397 7398//7398
f 7399//7399 7400//7400 7401//7401
f 7402//7402 7403//7403 7404//7404
f 7405//7405 7406//7406 7407//7407
f 7408//7408 7409//7409 7410//7410
f 7411//7411 7412//7412 7413//7413
f 7414//7414 7415//7415 7416//7416
f 7417//7417 7418//7418 7419//7419
f 7420//7420 7421//7421 7422//7422
f 7423//7423 7424//7424 7425//7425
f 7426//7426 7427//7427 7428//7428
f 7429//7429 7430//7430 7431//7431
f 7432//7432 7433//7433 7434//7434
f 7435//7435 7436//7436 7437//7437
f 7438//7438 7439//7439 7440//7440
f 7441//7441 7442//7442 7443//7443
f 7444//7444 7445//7445 7446//7446
f 7447//7447 7448//7448 7449//7449
f 7450//7450 7451//7451 7452//7452
f 7453//7453 7454//7454 7455//7455
f 7456//7456 7457//7457 7458//7458
f 7459//7459 7460//7460 7461//7461
f 7462//7462 7463//7463 7464//7464
f 7465//7465 7466//7466 7467//7467
f 7468//7468 7469//7469 7470//7470
f 7471//7471 7472//7472 7473//7473
f 7474//7474 7475//7475 7476//7476
f 7477//7477 7478//7478 7479//7479
f 7480//7480 7481//7481 7482//7482
f 7483//7483 7484//7484 7485//7485
f 7486//7486 7487//7487 7488//7488
f 7489//7489 7490//7490 7491//7491
f 7492//7492 7493//7493 7494//7494
f 7495//7495 7496//7496 7497//7497
f 7498//7498 7499//7499 7500//7500
f 7501//7501 7502//7502 7503//7503
f 7504//7504 7505//7505 7506//7506
f 7507//7507 7508//7508 7509//7509
f 7510//7510 7511//7511 7512//7512
f 7513//7513 7514//7514 7515//7515
f 7516//7516 7517//7517 7518//7518
f 7519//7519 7520//7520 7521//7521
f 7522//7522 7523//7523 7524//7524
f 7525//7525 7526//7526 7527//7527
f 7528//7528 7529//7529 7530//7530
f 7531//7531 7532//7532 7533//7533
f 7534//7534 7535//7535 7536//7536
f 7537//7537 7538//7538 7539//7539
f 7540//7540 7541//7541 7542//7542
f 7543//7543 7544//7544 7545//7545
f 7546//7546 7547//7547 7548//7548
f 7549//7549 7550//7550 7551//7551
f 7552//7552 7553//7553 7554//7554
f 7555//7555 7556//7556 7557//7557
f 7558//7558 7559//7559 7560//7560
f 7561//7561 7562//7562 7563//7563
f 7564//7564 7565//7565 7566//7566
f 7567//7567 7568//7568 7569//7569
f 7570//7570 7571//7571 7572//7572
f 7573//7573 7574//7574 7575//7575
f 7576//7576 7577//7577 7578//7578
f 7579//7579 7580//7580 7581//7581
f 7582//7582 7583//7583 7584//7584
f 7585//7585 7586//7586 7587//7587
f 7588//7588 7589//7589 7590//7590
f 7591//7591 7592//7592 7593//7593
f 7594//7594 7595//7595 7596//7596
f 7597//7597 7598//7598 7599//7599
f 7600//7600 7601//7601 7602//7602
f 7603//7603 7604//7604 7605//7605
f 7606//7606 7607//7607 7608//7608
f 7609//7609 7610//7610 7611//7611
f 7612//7612 7613//7613 7614//7614
f 7615//7615 7616//7616 7617//7617
f 7618//7618 7619//7619 7620//7620
f 7621//7621 7622//7622 7623//7623
f 7624//7624 7625//7625 7626//7626
f 7627//7627 7628//7628 7629//7629
f 7630//7630 7631//7631 7632//7632
f 7633//7633 7634//7634 7635//7635
f 7636//7636 7637//7637 7638//7638
f 7639//7639 7640//7640 7641//7641
f 7642//7642 7643//7643 7644//7644
f 7645//7645 7646//7646 7647//7647
f 7648//7648 7649//7649 7650//7650
f 7651//7651 7652//7652 7653//7653
f 7654//7654 7655//7655 7656//7656
f 7657//7657 7658//7658 7659//7659
f 7660//7660 7661//7661 7662//7662
f 7663//7663 7664//7664 7665//7665
f 7666//7666 7667//7667 7668//7668
f 7669//7669 7670//7670 7671//7671
f 7672//7672 7673//7673 7674//7674
f 7675//7675 7676//7676 7677//7677
f 7678//7678 7679//7679 7680//7680
f 7681//7681 7682//7682 7683//7683
f 7684//7684 7685//7685 7686//7686
f 7687//7687 7688//7688 7689//7689
f 7690//7690 7691//7691 7692//7692
f 7693//7693 7694//7694 7695//7695
f 7696//7696 7697//7697 7698//7698
f 7699//7699 7700//7700 7701//7701
f 7702//7702 7703//7703 7704//7704
f 7705//7705 7706//7706 7707//7707
f 7708//7708 7709//7709 7710//7710
f 7711//7711 7712//7712 7713//7713
f 7714//7714 7715//7715 7716//7716
f 7717//7717 7718//7718 7719//7719
f 7720//7720 7721//7721 7722//7722
f 7723//7723 7724//7724 7725//7725
f 7726//7726 7727//7727 7728//7728
f 7729//7729 7730//7730 7731//7731
f 7732//7732 7733//7733 7734//7734
f 7735//7735 7736//7736 7737//7737
f 7738//7738 7739//7739 7740//7740
f 7741//7741 7742//7742 7743//7743
f 7744//7744 7745//7745 7746//7746
f 7747//7747 7748//7748 7749//7749
f 7750//7750 7751//7751 7752//7752
f 7753//7753 7754//7754 7755//7755
f 7756//7756 7757//7757 7758//7758
f 7759//7759 7760//7760 7761//7761
f 7762//7762 7763//7763 7764//7764
f 7765//7765 7766//7766 7767//7767
f 7768//7768 7769//7769 7770//7770
f 7771//7771 7772//7772 7773//7773
f 7774//7774 7775//7775 7776//7776
f 7777//7777 7778//7778 7779//7779
f 7780//7780 7781//7781 7782//7782
f 7783//7783 7784//7784 7785//7785
f 7786//7786 7787//7787 7788//7788
f 7789//7789 7790//7790 7791//7791
f 7792//7792 7793//7793 7794//7794
f 7795//7795 7796//7796 7797//7797
f 7798//7798 7799//7799 7800//7800
f 7801//7801 7802//7802 7803//7803
f 7804//7804 7805//7805 7806//7806
f 7807//7807 7808//7808 7809//7809
f 7810//7810 7811//7811 7812//7812
f 7813//7813 7814//7814 7815//7815
f 7816//7816 7817//7817 7818//7818
f 7819//7819 7820//7820 7821//7821
f 7822//7822 7823//7823 7824//7824
f 7825//7825 7826//7826 7827//7827
f 7828//7828 7829//7829 7830//7830
f 7831//7831 7832//7832 7833//7833
f 7834//7834 7835//7835 7836//7836
f 7837//7837 7838//7838 7839//7839
f 7840//7840 7841//7841 7842//7842
f 7843//7843 7844//7844 7845//7845
f 7846//7846 7847//7847 7848//7848
f 7849//7849 7850//7850 7851//7851
f 7852//7852 7853//7853 7854//7854
f 7855//7855 7856//7856 7857//7857
f 7858//7858 7859//7859 7860//7860
f 7861//7861 7862//7862 7863//7863
f 7864//7864 7865//7865 7866//7866
f 7867//7867 7868//7868 7869//7869
f 7870//7870 7871//7871 7872//7872
f 7873//7873 7874//7874 7875//7875
f 7876//7876 7877//7877 7878//7878
f 7879//7879 7880//7880 7881//7881
f 7882//7882 7883//7883 7884//7884
f 7885//7885 7886//7886 7887//7887
f 7888//7888 7889//7889 7890//7890
f 7891//7891 7892//7892 7893//7893
f 7894//7894 7895//7895 7896//7896
f 7897//7897 7898//7898 7899//7899
f 7900//7900 7901//7901 7902//7902
f 7903//7903 7904//7904 7905//7905
f 7906//7906 7907//7907 7908//7908
f 7909//7909 7910//7910 7911//7911
f 7912//7912 7913//7913 7914//7914
f 7915//7915 7916//7916 7917//7917
f 7918//7918 7919//7919 7920//7920
f 7921//7921 7922//7922 7923//7923
f 7924//7924 7925//7925 7926//7926
f 7927//7927 7928//7928 7929//7929
f 7930//7930 7931//7931 7932//7932
f 7933//7933 7934//7934 7935//7935
f 7936//7936 7937//7937 7938//7938
f 7939//7939 7940//7940 7941//7941
f 7942//7942 7943//7943 7944//7944
f 7945//7945 7946//7946 7947//7947
f 7948//7948 7949//7949 7950//7950
f 7951//7951 7952//7952 7953//7953
f 7954//7954 7955//7955 7956//7956
f 7957//7957 7958//7958 7959//7959
f 7960//7960 7961//7961 7962//7962
f 7963//7963 7964//7964 7965//7965
f 7966//7966 7967//7967 7968//7968
f 7969//7969 7970//7970 7971//7971
f 7972//7972 7973//7973 7974//7974
f 7975//7975 7976//7976 7977//7977
f 7978//7978 7979//7979 7980//7980
f 7981//7981 7982//7982 7983//7983
f 7984//7984 7985//7985 7986//7986
f 7987//7987 7988//7988 7989//7989
f 7990//7990 7991//7991 7992//7992
f 7993//7993 7994//7994 7995//7995
f 7996//7996 7997//7997 7998//7998
f 7999//7999 8000//8000 8001//8001
f 8002//8002 8003//8003 8004//8004
f 8005//8005 8006//8006 8007//8007
f 8008//8008 8009//8009 8010//8010
f 8011//8011 8012//8012 8013//8013
f 8014//8014 8015//8015 8016//8016
f 8017//8017 8018//8018 8019//8019
f 8020//8020 8021//8021 8022//8022
f 8023//8023 8024//8024 8025//8025
f 8026//8026 8027//8027 8028//8028
f 8029//8029 8030//8030 8031//8031
f 8032//8032 8033//8033 8034//8034
f 8035//8035 8036//8036 8037//8037
f 8038//8038 8039//8039 8040//8040
f 8041//8041 8042//8042 8043//8043
f 8044//8044 8045//8045 8046//8046
f 8047//8047 8048//8048 8049//8049
f 8050//8050 8051//8051 8052//8052
f 8053//8053 8054//8054 8055//8055
f 8056//8056 8057//8057 8058//8058
f 8059//8059 8060//8060 8061//8061
f 8062//8062 8063//8063 8064//8064
f 8065//8065 8066//8066 8067//8067
f 8068//8068 8069//8069 8070//8070
f 8071//8071 8072//8072 8073//8073
f 8074//8074 8075//8075 8076//8076
f 8077//8077 8078//8078 8079//8079
f 8080//8080 8081//8081 8082//8082
f 8083//8083 8084//8084 8085//8085
f 8086//8086 8087//8087 8088//8088
f 8089//8089 8090//8090 8091//8091
f 8092//8092 8093//8093 8094//8094
f 8095//8095 8096//8096 8097//8097
f 8098//8098 8099//8099 8100//8100
f 8101//8101 8102//8102 8103//8103
f 8104//8104 8105//8105 8106//8106
f 8107//8107 8108//8108 8109//8109
f 8110//8110 8111//8111 8112//8112
f 8113//8113 8114//8114 8115//8115
f 8116//8116 8117//8117 8118//8118
f 8119//8119 8120//8120 8121//8121
f 8122//8122 8123//8123 8124//8124
f 8125//8125 8126//8126 8127//8127
f 8128//8128 8129//8129 8130//8130
f 8131//8131 8132//8132 8133//8133
f 8134//8134 8135//8135 8136//8136
f 8137//8137 8138//8138 8139//8139
f 8140//8140 8141//8141 8142//8142
f 8143//8143 8144//8144 8145//8145
f 8146//8146 8147//8147 8148//8148
f 8149//8149 8150//8150 8151//8151
f 8152//8152 8153//8153 8154//8154
f 8155//8155 8156//8156 8157//8157
f 8158//8158 8159//8159 8160//8160
f 8161//8161 8162//8162 8163//8163
f 8164//8164 8165//8165 8166//8166
f 8167//8167 8168//8168 8169//8169
f 8170//8170 8171//8171 8172//8172
f 8173//8173 8174//8174 8175//8175
f 8176//8176 8177//8177 8178//8178
f 8179//8179 8180//8180 8181//8181
f 8182//8182 8183//8183 8184//8184
f 8185//8185 8186//8186 8187//8187
f 8188//8188 8189//8189 8190//8190
f 8191//8191 8192//8192 8193//8193
f 8194//8194 8195//8195 8196//8196
f 8197//8197 8198//8198 8199//8199
f 8200//8200 8201//8201 8202//8202
f 8203//8203 8204//8204 8205//8205
f 8206//8206 8207//8207 8208//8208
f 8209//8209 8210//8210 8211//8211
f 8212//8212 8213//8213 8214//8214
f 8215//8215 8216//8216 8217//8217
f 8218//8218 8219//8219 8220//8220
f 8221//8221 8222//8222 8223//8223
f 8224//8224 8225//8225 8226//8226
f 8227//8227 8228//8228 8229//8229
f 8230//8230 8231//8231 8232//8232
f 8233//8233 8234//8234 8235//8235
f 8236//8236 8237//8237 8238//8238
f 8239//8239 8240//8240 8241//8241
f 8242//8242 8243//8243 8244//8244
f 8245//8245 8246//8246 8247//8247
f 8248//8248 8249//8249 8250//8250
f 8251//8251 8252//8252 8253//8253
f 8254//8254 8255//8255 8256//8256
f 8257//8257 8258//8258 8259//8259
f 8260//8260 8261//8261 8262//8262
f 8263//8263 8264//8264 8265//8265
f 8266//8266 8267//8267 8268//8268
f 8269//8269 8270//8270 8271//8271
f 8272//8272 8273//8273 8274//8274
f 8275//8275 8276//8276 8277//8277
f 8278//8278 8279//8279 8280//8280
f 8281//8281 8282//8282 8283//8283
f 8284//8284 8285//8285 8286//8286
f 8287//8287 8288//8288 8289//8289
f 8290//8290 8291//8291 8292//8292
f 8293//8293 8294//8294 8295//8295
f 8296//8296 8297//8297 8298//8298
f 8299//8299 8300//8300 8301//8301
f 8302//8302 8303//8303 8304//8304
f 8305//8305 8306//8306 8307//8307
f 8308//8308 8309//8309 8310//8310
f 8311//8311 8312//8312 8313//8313
f 8314//8314 8315//8315 8316//8316
f 8317//8317 8318//8318 8319//8319
f 8320//8320 8321//8321 8322//8322
f 8323//8323 8324//8324 8325//8325
f 8326//8326 8327//8327 8328//8328
f 8329//8329 8330//8330 8331//8331
f 8332//8332 8333//8333 8334//8334
f 8335//8335 8336//8336 8337//8337
f 8338//8338 8339//8339 8340//8340
f 8341//8341 8342//8342 8343//8343
f 8344//8344 8345//8345 8346//8346
f 8347//8347 8348//8348 8349//8349
f 8350//8350 8351//8351 8352//8352
f 8353//8353 8354//8354 8355//8355
f 8356//8356 8357//8357 8358//8358
f 8359//8359 8360//8360 8361//8361
f 8362//8362 8363//8363 8364//8364
f 8365//8365 8366//8366 8367//8367
f 8368//8368 8369//8369 8370//8370
f 8371//8371 8372//8372 8373//8373
f 8374//8374 8375//8375 8376//8376
f 8377//8377 8378//8378 8379//8379
f 8380//8380 8381//8381 8382//8382
f 8383//8383 8384//8384 8385//8385
f 8386//8386 8387//8387 8388//8388
f 8389//8389 8390//8390 8391//8391
f 8392//8392 8393//8393 8394//8394
f 8395//8395 8396//8396 8397//8397
f 8398//8398 8399//8399 8400//8400
f 8401//8401 8402//8402 8403//8403
f 8404//8404 8405//8405 8406//8406
f 8407//8407 8408//8408 8409//8409
f 8410//8410 8411//8411 8412//8412
f 8413//8413 8414//8414 8415//8415
f 8416//8416 8417//8417 8418//8418
f 8419//8419 8420//8420 8421//8421
f 8422//8422 8423//8423 8424//8424
f 8425//8425 8426//8426 8427//8427
f 8428//8428 8429//8429 8430//8430
f 8431//8431 8432//8432 8433//8433
f 8434//8434 8435//8435 8436//8436
f 8437//8437 8438//8438 8439//8439
f 8440//8440 8441//8441 8442//8442
f 8443//8443 8444//8444 8445//8445
f 8446//8446 8447//8447 8448//8448
f 8449//8449 8450//8450 8451//8451
f 8452//8452 8453//8453 8454//8454
f 8455//8455 8456//8456 8457//8457
f 8458//8458 8459//8459 8460//8460
f 8461//8461 8462//8462 8463//8463
f 8464//8464 8465//8465 8466//8466
f 8467//8467 8468//8468 8469//8469
f 8470//8470 8471//8471 8472//8472
f 8473//8473 8474//8474 8475//8475
f 8476//8476 8477//8477 8478//8478
f 8479//8479 8480//8480 8481//8481
f 8482//8482 8483//8483 8484//8484
f 8485//8485 8486//8486 8487//8487
f 8488//8488 8489//8489 8490//8490
f 8491//8491 8492//8492 8493//8493
f 8494//8494 8495//8495 8496//8496
f 8497//8497 8498//8498 8499//8499
f 8500//8500 8501//8501 8502//8502
f 8503//8503 8504//8504 8505//8505
f 8506//8506 8507//8507 8508//8508
f 8509//8509 8510//8510 8511//8511
f 8512//8512 8513//8513 8514//8514
f 8515//8515 8516//8516 8517//8517
f 8518//8518 8519//8519 8520//8520
f 8521//8521 8522//8522 8523//8523
f 8524//8524 8525//8525 8526//8526
f 8527//8527 8528//8528 8529//8529
f 8530//8530 8531//8531 8532//8532
f 8533//8533 8534//8534 8535//8535
f 8536//8536 8537//8537 8538//8538
f 8539//8539 8540//8540 8541//8541
f 8542//8542 8543//8543 8544//8544
f 8545//8545 8546//8546 8547//8547
f 8548//8548 8549//8549 8550//8550
f 8551//8551 8552//8552 8553//8553
f 8554//8554 8555//8555 8556//8556
f 8557//8557 8558//8558 8559//8559
f 8560//8560 8561//8561 8562//8562
f 8563//8563 8564//8564 8565//8565
f 8566//8566 8567//8567 8568//8568
f 8569//8569 8570//8570 8571//8571
f 8572//8572 8573//8573 8574//8574
f 8575//8575 8576//8576 8577//8577
f 8578//8578 8579//8579 8580//8580
f 8581//8581 8582//8582 8583//8583
f 8584//8584 8585//8585 8586//8586
f 8587//8587 8588//8588 8589//8589
f 8590//8590 8591//8591 8592//8592
f 8593//8593 8594//8594 8595//8595
f 8596//8596 8597//8597 8598//8598
f 8599//8599 8600//8600 8601//8601
f 8602//8602 8603//8603 8604//8604
f 8605//8605 8606//8606 8607//8607
f 8608//8608 8609//8609 8610//8610
f 8611//8611 8612//8612 8613//8613
f 8614//8614 8615//8615 8616//8616
f 8617//8617 8618//8618 8619//8619
f 8620//8620 8621//8621 8622//8622
f 8623//8623 8624//8624 8625//8625
f 8626//8626 8627//8627 8628//8628
f 8629//8629 8630//8630 8631//8631
f 8632//8632 8633//8633 8634//8634
f 8635//8635 8636//8636 8637//8637
f 8638//8638 8639//8639 8640//8640
f 8641//8641 8642//8642 8643//8643
f 8644//8644 8645//8645 8646//8646
f 8647//8647 8648//8648 8649//8649
f 8650//8650 8651//8651 8652//8652
f 8653//8653 8654//8654 8655//8655
f 8656//8656 8657//8657 8658//8658
f 8659//8659 8660//8660 8661//8661
f 8662//8662 8663//8663 8664//8664
f 8665//8665 8666//8666 8667//8667
f 8668//8668 8669//8669 8670//8670
f 8671//8671 8672//8672 8673//8673
f 8674//8674 8675//8675 8676//8676
f 8677//8677 8678//8678 8679//8679
f 8680//8680 8681//8681 8682//8682
f 8683//8683 8684//8684 8685//8685
f 8686//8686 8687//8687 8688//8688
f 8689//8689 8690//8690 8691//8691
f 8692//8692 8693//8693 8694//8694
f 8695//8695 8696//8696 8697//8697
f 8698//8698 8699//8699 8700//8700
f 8701//8701 8702//8702 8703//8703
f 8704//8704 8705//8705 8706//8706
f 8707//8707 8708//8708 8709//8709
f 8710//8710 8711//8711 8712//8712
f 8713//8713 8714//8714 8715//8715
f 8716//8716 8717//8717 8718//8718
f 8719//8719 8720//8720 8721//8721
f 8722//8722 8723//8723 8724//8724
f 8725//8725 8726//8726 8727//8727
f 8728//8728 8729//8729 8730//8730
f 8731//8731 8732//8732 8733//8733
f 8734//8734 8735//8735 8736//8736
f 8737//8737 8738//8738 8739//8739
f 8740//8740 8741//8741 8742//8742
f 8743//8743 8744//8744 8745//8745
f 8746//8746 8747//8747 8748//8748
f 8749//8749 8750//8750 8751//8751
f 8752//8752 8753//8753 8754//8754
f 8755//8755 8756//8756 8757//8757
f 8758//8758 8759//8759 8760//8760
f 8761//8761 8762//8762 8763//8763
f 8764//8764 8765//8765 8766//8766
f 8767//8767 8768//8768 8769//8769
f 8770//8770 8771//8771 8772//8772
f 8773//8773 8774//8774 8775//8775
f 8776//8776 8777//8777 8778//8778
f 8779//8779 8780//8780 8781//8781
f 8782//8782 8783//8783 8784//8784
f 8785//8785 8786//8786 8787//8787
f 8788//8788 8789//8789 8790//8790
f 8791//8791 8792//8792 8793//8793
f 8794//8794 8795//8795 8796//8796
f 8797//8797 8798//8798 8799//8799
f 8800//8800 8801//8801 8802//8802
f 8803//8803 8804//8804 8805//8805
f 8806//8806 8807//8807 8808//8808
f 8809//8809 8810//8810 8811//8811
f 8812//8812 8813//8813 8814//8814
f 8815//8815 8816//8816 8817//8817
f 8818//8818 8819//8819 8820//8820
f 8821//8821 8822//8822 8823//8823
f 8824//8824 8825//8825 8826//8826
f 8827//8827 8828//8828 8829//8829
f 8830//8830 8831//8831 8832//8832
f 8833//8833 8834//8834 8835//8835
f 8836//8836 8837//8837 8838//8838
f 8839//8839 8840//8840 8841//8841
f 8842//8842 8843//8843 8844//8844
f 8845//8845 8846//8846 8847//8847
f 8848//8848 8849//8849 8850//8850
f 8851//8851 8852//8852 8853//8853
f 8854//8854 8855//8855 8856//8856
f 8857//8857 8858//8858 8859//8859
f 8860//8860 8861//8861 8862//8862
f 8863//8863 8864//8864 8865//8865
f 8866//8866 8867//8867 8868//8868
f 8869//8869 8870//8870 8871//8871
f 8872//8872 8873//8873 8874//8874
f 8875//8875 8876//8876 8877//8877
f 8878//8878 8879//8879 8880//8880
f 8881//8881 8882//8882 8883//8883
f 8884//8884 8885//8885 8886//8886
f 8887//8887 8888//8888 8889//8889
f 8890//8890 8891//8891 8892//8892
f 8893//8893 8894//8894 8895//8895
f 8896//8896 8897//8897 8898//8898
f 8899//8899 8900//8900 8901//8901
f 8902//8902 8903//8903 8904//8904
f 8905//8905 8906//8906 8907//8907
f 8908//8908 8909//8909 8910//8910
f 8911//8911 8912//8912 8913//8913
f 8914//8914 8915//8915 8916//8916
f 8917//8917 8918//8918 8919//8919
f 8920//8920 8921//8921 8922//8922
f 8923//8923 8924//8924 8925//8925
f 8926//8926 8927//8927 8928//8928
f 8929//8929 8930//8930 8931//8931
f 8932//8932 8933//8933 8934//8934
f 8935//8935 8936//8936 8937//8937
f 8938//8938 8939//8939 8940//8940
f 8941//8941 8942//8942 8943//8943
f 8944//8944 8945//8945 8946//8946
f 8947//8947 8948//8948 8949//8949
f 8950//8950 8951//8951 8952//8952
f 8953//8953 8954//8954 8955//8955
f 8956//8956 8957//8957 8958//8958
f 8959//8959 8960//8960 8961//8961
f 8962//8962 8963//8963 8964//8964
f 8965//8965 8966//8966 8967//8967
f 8968//8968 8969//8969 8970//8970
f 8971//8971 8972//8972 8973//8973
f 8974//8974 8975//8975 8976//8976
f 8977//8977 8978//8978 8979//8979
f 8980//8980 8981//8981 8982//8982
f 8983//8983 8984//8984 8985//8985
f 8986//8986 8987//8987 8988//8988
f 8989//8989 8990//8990 8991//8991
f 8992//8992 8993//8993 8994//8994
f 8995//8995 8996//8996 8997//8997
f 8998//8998 8999//8999 9000//9000
f 9001//9001 9002//9002 9003//9003
f 9004//9004 9005//9005 9006//9006
f 9007//9007 9008//9008 9009//9009
f 9010//9010 9011//9011 9012//9012
f 9013//9013 9014//9014 9015//9015
f 9016//9016 9017//9017 9018//9018
f 9019//9019 9020//9020 9021//9021
f 9022//9022 9023//9023 9024//9024
f 9025//9025 9026//9026 9027//9027
f 9028//9028 9029//9029 9030//9030
f 9031//9031 9032//9032 9033//9033
f 9034//9034 9035//9035 9036//9036
f 9037//9037 9038//9038 9039//9039
f 9040//9040 9041//9041 9042//9042
f 9043//9043 9044//9044 9045//9045
f 9046//9046 9047//9047 9048//9048
f 9049//9049 9050//9050 9051//9051
f 9052//9052 9053//9053 9054//9054
f 9055//9055 9056//9056 9057//9057
f 9058//9058 9059//9059 9060//9060
f 9061//9061 9062//9062 9063//9063
f 9064//9064 9065//9065 9066//9066
f 9067//9067 9068//9068 9069//9069
f 9070//9070 9071//9071 9072//9072
f 9073//9073 9074//9074 9075//9075
f 9076//9076 9077//9077 9078//9078
f 9079//9079 9080//9080 9081//9081
f 9082//9082 9083//9083 9084//9084
f 9085//9085 9086//9086 9087//9087
f 9088//9088 9089//9089 9090//9090
f 9091//9091 9092//9092 9093//9093
f 9094//9094 9095//9095 9096//9096
f 9097//9097 9098//9098 9099//9099
f 9100//9100 9101//9101 9102//9102
f 9103//9103 9104//9104 9105//9105
f 9106//9106 9107//9107 9108//9108
f 9109//9109 9110//9110 9111//9111
f 9112//9112 9113//9113 9114//9114
f 9115//9115 9116//9116 9117//9117
f 9118//9118 9119//9119 9120//9120
f 9121//9121 9122//9122 9123//9123
f 9124//9124 9125//9125 9126//9126
f 9127//9127 9128//9128 9129//9129
f 9130//9130 9131//9131 9132//9132
f 9133//9133 9134//9134 9135//9135
f 9136//9136 9137//9137 9138//9138
f 9139//9139 9140//9140 9141//9141
f 9142//9142 9143//9143 9144//9144
f 9145//9145 9146//9146 9147//9147
f 9148//9148 9149//9149 9150//9150
f 9151//9151 9152//9152 9153//9153
f 9154//9154 9155//9155 9156//9156
f 9157//9157 9158//9158 9159//9159
f 9160//9160 9161//9161 9162//9162
f 9163//9163 9164//9164 9165//9165
f 9166//9166 9167//9167 9168//9168
f 9169//9169 9170//9170 9171//9171
f 9172//9172 9173//9173 9174//9174
f 9175//9175 9176//9176 9177//9177
f 9178//9178 9179//9179 9180//9180
f 9181//9181 9182//9182 9183//9183
f 9184//9184 9185//9185 9186//9186
f 9187//9187 9188//9188 9189//9189
f 9190//9190 9191//9191 9192//9192
f 9193//9193 9194//9194 9195//9195
f 9196//9196 9197//9197 9198//9198
f 9199//9199 9200//9200 9201//9201
f 9202//9202 9203//9203 9204//9204
f 9205//9205 9206//9206 9207//9207
f 9208//9208 9209//9209 9210//9210
f 9211//9211 9212//9212 9213//9213
f 9214//9214 9215//9215 9216//9216
f 9217//9217 9218//9218 9219//9219
f 9220//9220 9221//9221 9222//9222
f 9223//9223 9224//9224 9225//9225
f 9226//9226 9227//9227 9228//9228
f 9229//9229 9230//9230 9231//9231
f 9232//9232 9233//9233 9234//9234
f 9235//9235 9236//9236 9237//9237
f 9238//9238 9239//9239 9240//9240
f 9241//9241 9242//9242 9243//9243
f 9244//9244 9245//9245 9246//9246
f 9247//9247 9248//9248 9249//9249
f 9250//9250 9251//9251 9252//9252
f 9253//9253 9254//9254 9255//9255
f 9256//9256 9257//9257 9258//9258
f 9259//9259 9260//9260 9261//9261
f 9262//9262 9263//9263 9264//9264
f 9265//9265 9266//9266 9267//9267
f 9268//9268 9269//9269 9270//9270
f 9271//9271 9272//9272 9273//9273
f 9274//9274 9275//9275 9276//9276
f 9277//9277 9278//9278 9279//9279
f 9280//9280 9281//9281 9282//9282
f 9283//9283 9284//9284 9285//9285
f 9286//9286 9287//9287 9288//9288
f 9289//9289 9290//9290 9291//9291
f 9292//9292 9293//9293 9294//9294
f 9295//9295 9296//9296 9297//9297
f 9298//9298 9299//9299 9300//9300
f 9301//9301 9302//9302 9303//9303
f 9304//9304 9305//9305 9306//9306
f 9307//9307 9308//9308 9309//9309
f 9310//9310 9311//9311 9312//9312
f 9313//9313 9314//9314 9315//9315
f 9316//9316 9317//9317 9318//9318
f 9319//9319 9320//9320 9321//9321
f 9322//9322 9323//9323 9324//9324
f 9325//9325 9326//9326 9327//9327
f 9328//9328 9329//9329 9330//9330
f 9331//9331 9332//9332 9333//9333
f 9334//9334 9335//9335 9336//9336
f 9337//9337 9338//9338 9339//9339
f 9340//9340 9341//9341 9342//9342
f 9343//9343 9344//9344 9345//9345
f 9346//9346 9347//9347 9348//9348
f 9349//9349 9350//9350 9351//9351
f 9352//9352 9353//9353 9354//9354
f 9355//9355 9356//9356 9357//9357
f 9358//9358 9359//9359 9360//9360
f 9361//9361 9362//9362 9363//9363
f 9364//9364 9365//9365 9366//9366
f 9367//9367 9368//9368 9369//9369
f 9370//9370 9371//9371 9372//9372
f 9373//9373 9374//9374 9375//9375
f 9376//9376 9377//9377 9378//9378
f 9379//9379 9380//9380 9381//9381
f 9382//9382 9383//9383 9384//9384
f 9385//9385 9386//9386 9387//9387
f 9388//9388 9389//9389 9390//9390
f 9391//9391 9392//9392 9393//9393
f 9394//9394 9395//9395 9396//9396
f 9397//9397 9398//9398 9399//9399
f 9400//9400 9401//9401 9402//9402
f 9403//9403 9404//9404 9405//9405
f 9406//9406 9407//9407 9408//9408
f 9409//9409 9410//9410 9411//9411
f 9412//9412 9413//9413 9414//9414
f 9415//9415 9416//9416 9417//9417
f 9418//9418 9419//9419 9420//9420
f 9421//9421 9422//9422 9423//9423
f 9424//9424 9425//9425 9426//9426
f 9427//9427 9428//9428 9429//9429
f 9430//9430 9431//9431 9432//9432
f 9433//9433 9434//9434 9435//9435
f 9436//9436 9437//9437 9438//9438
f 9439//9439 9440//9440 9441//9441
f 9442//9442 9443//9443 9444//9444
f 9445//9445 9446//9446 9447//9447
f 9448//9448 9449//9449 9450//9450
f 9451//9451 9452//9452 9453//9453
f 9454//9454 9455//9455 9456//9456
f 9457//9457 9458//9458 9459//9459
f 9460//9460 9461//9461 9462//9462
f 9463//9463 9464//9464 9465//9465
f 9466//9466 9467//9467 9468//9468
f 9469//9469 9470//9470 9471//9471
f 9472//9472 9473//9473 9474//9474
f 9475//9475 9476//9476 9477//9477
f 9478//9478 9479//9479 9480//9480
f 9481//9481 9482//9482 9483//9483
f 9484//9484 9485//9485 9486//9486
f 9487//9487 9488//9488 9489//9489
f 9490//9490 9491//9491 9492//9492
f 9493//9493 9494//9494 9495//9495
f 9496//9496 9497//9497 9498//9498
f 9499//9499 9500//9500 9501//9501
f 9502//9502 9503//9503 9504//9504
f 9505//9505 9506//9506 9507//9507
f 9508//9508 9509//9509 9510//9510
f 9511//9511 9512//9512 9513//9513
f 9514//9514 9515//9515 9516//9516
f 9517//9517 9518//9518 9519//9519
f 9520//9520 9521//9521 9522//9522
f 9523//9523 9524//9524 9525//9525
f 9526//9526 9527//9527 9528//9528
f 9529//9529 9530//9530 9531//9531
f 9532//9532 9533//9533 9534//9534
f 9535//9535 9536//9536 9537//9537
f 9538//9538 9539//9539 9540//9540
f 9541//9541 9542//9542 9543//9543
f 9544//9544 9545//9545 9546//9546
f 9547//9547 9548//9548 9549//9549
f 9550//9550 9551//9551 9552//9552
f 9553//9553 9554//9554 9555//9555
f 9556//9556 9557//9557 9558//9558
f 9559//9559 9560//9560 9561//9561
f 9562//9562 9563//9563 9564//9564
f 9565//9565 9566//9566 9567//9567
f 9568//9568 9569//9569 9570//9570
f 9571//9571 9572//9572 9573//9573
f 9574//9574 9575//9575 9576//9576
f 9577//9577 9578//9578 9579//9579
f 9580//9580 9581//9581 9582//9582
f 9583//9583 9584//9584 9585//9585
f 9586//9586 9587//9587 9588//9588
f 9589//9589 9590//9590 9591//9591
f 9592//9592 9593//9593 9594//9594
f 9595//9595 9596//9596 9597//9597
f 9598//9598 9599//9599 9600//9600
f 9601//9601 9602//9602 9603//9603
f 9604//9604 9605//9605 9606//9606
f 9607//9607 9608//9608 9609//9609
f 9610//9610 9611//9611 9612//9612
f 9613//9613 9614//9614 9615//9615
f 9616//9616 9617//9617 9618//9618
f 9619//9619 9620//9620 9621//9621
f 9622//9622 9623//9623 9624//9624
f 9625//9625 9626//9626 9627//9627
f 9628//9628 9629//9629 9630//9630
f 9631//9631 9632//9632 9633//9633
f 9634//9634 9635//9635 9636//9636
f 9637//9637 9638//9638 9639//9639
f 9640//9640 9641//9641 9642//9642
f 9643//9643 9644//9644 9645//9645
f 9646//9646 9647//9647 9648//9648
f 9649//9649 9650//9650 9651//9651
f 9652//9652 9653//9653 9654//9654
f 9655//9655 9656//9656 9657//9657
f 9658//9658 9659//9659 9660//9660
f 9661//9661 9662//9662 9663//9663
f 9664//9664 9665//9665 9666//9666
f 9667//9667 9668//9668 9669//9669
f 9670//9670 9671//9671 9672//9672
f 9673//9673 9674//9674 9675//9675
f 9676//9676 9677//9677 9678//9678
f 9679//9679 9680//9680 9681//9681
f 9682//9682 9683//9683 9684//9684
f 9685//9685 9686//9686 9687//9687
f 9688//9688 9689//9689 9690//9690
f 9691//9691 9692//9692 9693//9693
f 9694//9694 9695//9695 9696//9696
f 9697//9697 9698//9698 9699//9699
f 9700//9700 9701//9701 9702//9702
f 9703//9703 9704//9704 9705//9705
f 9706//9706 9707//9707 9708//9708
f 9709//9709 9710//9710 9711//9711
f 9712//9712 9713//9713 9714//9714
f 9715//9715 9716//9716 9717//9717
f 9718//9718 9719//9719 9720//9720
f 9721//9721 9722//9722 9723//9723
f 9724//9724 9725//9725 9726//9726
f 9727//9727 9728//9728 9729//9729
f 9730//9730 9731//9731 9732//9732
f 9733//9733 9734//9734 9735//9735
f 9736//9736 9737//9737 9738//9738
f 9739//9739 9740//9740 9741//9741
f 9742//9742 9743//9743 9744//9744
f 9745//9745 9746//9746 9747//9747
f 9748//9748 9749//9749 9750//9750
f 9751//9751 9752//9752 9753//9753
f 9754//9754 9755//9755 9756//9756
f 9757//9757 9758//9758 9759//9759
f 9760//9760 9761//9761 9762//9762
f 9763//9763 9764//9764 9765//9765
f 9766//9766 9767//9767 9768//9768
f 9769//9769 9770//9770 9771//9771
f 9772//9772 9773//9773 9774//9774
f 9775//9775 9776//9776 9777//9777
f 9778//9778 9779//9779 9780//9780
f 9781//9781 9782//9782 9783//9783
f 9784//9784 9785//9785 9786//9786
f 9787//9787 9788//9788 9789//9789
f 9790//9790 9791//9791 9792//9792
f 9793//9793 9794//9794 9795//9795
f 9796//9796 9797//9797 9798//9798
f 9799//9799 9800//9800 9801//9801
f 9802//9802 9803//9803 9804//9804
f 9805//9805 9806//9806 9807//9807
f 9808//9808 9809//9809 9810//9810
f 9811//9811 9812//9812 9813//9813
f 9814//9814 9815//9815 9816//9816
f 9817//9817 9818//9818 9819//9819
f 9820//9820 9821//9821 9822//9822
f 9823//9823 9824//9824 9825//9825
f 9826//9826 9827//9827 9828//9828
f 9829//9829 9830//9830 9831//9831
f 9832//9832 9833//9833 9834//9834
f 9835//9835 9836//9836 9837//9837
f 9838//9838 9839//9839 9840//9840
f 9841//9841 9842//9842 9843//9843
f 9844//9844 9845//9845 9846//9846
f 9847//9847 9848//9848 9849//9849
f 9850//9850 9851//9851 9852//9852
f 9853//9853 9854//9854 9855//9855
f 9856//9856 9857//9857 9858//9858
f 9859//9859 9860//9860 9861//9861
f 9862//9862 9863//9863 9864//9864
f 9865//9865 9866//9866 9867//9867
f 9868//9868 9869//9869 9870//9870
f 9871//9871 9872//9872 9873//9873
f 9874//9874 9875//9875 9876//9876
f 9877//9877 9878//9878 9879//9879
f 9880//9880 9881//9881 9882//9882
f 9883//9883 9884//9884 9885//9885
f 9886//9886 9887//9887 9888//9888
f 9889//9889 9890//9890 9891//9891
f 9892//9892 9893//9893 9894//9894
f 9895//9895 9896//9896 9897//9897
f 9898//9898 9899//9899 9900//9900
f 9901//9901 9902//9902 9903//9903
f 9904//9904 9905//9905 9906//9906
f 9907//9907 9908//9908 9909//9909
f 9910//9910 9911//9911 9912//9912
f 9913//9913 9914//9914 9915//9915
f 9916//9916 9917//9917 9918//9918
f 9919//9919 9920//9920 9921//9921
f 9922//9922 9923//9923 9924//9924
f 9925//9925 9926//9926 9927//9927
f 9928//9928 9929//9929 9930//9930
f 9931//9931 9932//9932 9933//9933
f 9934//9934 9935//9935 9936//9936
f 9937//9937 9938//9938 9939//9939
f 9940//9940 9941//9941 9942//9942
f 9943//9943 9944//9944 9945//9945
f 9946//9946 9947//9947 9948//9948
f 9949//9949 9950//9950 9951//9951
f 9952//9952 9953//9953 9954//9954
f 9955//9955 9956//9956 9957//9957
f 9958//9958 9959//9959 9960//9960
f 9961//9961 9962//9962 9963//9963
f 9964//9964 9965//9965 9966//9966
f 9967//9967 9968//9968 9969//9969
f 9970//9970 9971//9971 9972//9972
f 9973//9973 9974//9974 9975//9975
f 9976//9976 9977//9977 9978//9978
f 9979//9979 9980//9980 9981//9981
f 9982//9982 9983//9983 9984//9984
f 9985//9985 9986//9986 9987//9987
f 9988//9988 9989//9989 9990//9990
f 9991//9991 9992//9992 9993//9993
f 9994//9994 9995//9995 9996//9996
f 9997//9997 9998//9998 9999//9999
f 10000//10000 10001//10001 10002//10002
f 10003//10003 10004//10004 10005//10005
f 10006//10006 10007//10007 10008//10008
f 10009//10009 10010//10010 10011//10011
f 10012//10012 10013//10013 10014//10014
f 10015//10015 10016//10016 10017//10017
f 10018//10018 10019//10019 10020//10020
f 10021//10021 10022//10022 10023//10023
f 10024//10024 10025//10025 10026//10026
f 10027//10027 10028//10028 10029//10029
f 10030//10030 10031//10031 10032//10032
f 10033//10033 10034//10034 10035//10035
f 10036//10036 10037//10037 10038//10038
f 10039//10039 10040//10040 10041//10041
f 10042//10042 10043//10043 10044//10044
f 10045//10045 10046//10046 10047//10047
f 10048//10048 10049//10049 10050//10050
f 10051//10051 10052//10052 10053//10053
f 10054//10054 10055//10055 10056//10056
f 10057//10057 10058//10058 10059//10059
f 10060//10060 10061//10061 10062//10062
f 10063//10063 10064//10064 10065//10065
f 10066//10066 10067//10067 10068//10068
f 10069//10069 10070//10070 10071//10071
f 10072//10072 10073//10073 10074//10074
f 10075//10075 10076//10076 10077//10077
f 10078//10078 10079//10079 10080//10080
f 10081//10081 10082//10082 10083//10083
f 10084//10084 10085//10085 10086//10086
f 10087//10087 10088//10088 10089//10089
f 10090//10090 10091//10091 10092//10092
f 10093//10093 10094//10094 10095//10095
f 10096//10096 10097//10097 10098//10098
f 10099//10099 10100//10100 10101//10101
f 10102//10102 10103//10103 10104//10104
f 10105//10105 10106//10106 10107//10107
f 10108//10108 10109//10109 10110//10110
f 10111//10111 10112//10112 10113//10113
f 10114//10114 10115//10115 10116//10116
f 10117//10117 10118//10118 10119//10119
f 10120//10120 10121//10121 10122//10122
f 10123//10123 10124//10124 10125//10125
f 10126//10126 10127//10127 10128//10128
f 10129//10129 10130//10130 10131//10131
f 10132//10132 10133//10133 10134//10134
f 10135//10135 10136//10136 10137//10137
f 10138//10138 10139//10139 10140//10140
f 10141//10141 10142//10142 10143//10143
f 10144//10144 10145//10145 10146//10146
f 10147//10147 10148//10148 10149//10149
f 10150//10150 10151//10151 10152//10152
f 10153//10153 10154//10154 10155//10155
f 10156//10156 10157//10157 10158//10158
f 10159//10159 10160//10160 10161//10161
f 10162//10162 10163//10163 10164//10164
f 10165//10165 10166//10166 10167//10167
f 10168//10168 10169//10169 10170//10170
f 10171//10171 10172//10172 10173//10173
f 10174//10174 10175//10175 10176//10176
f 10177//10177 10178//10178 10179//10179
f 10180//10180 10181//10181 10182//10182
f 10183//10183 10184//10184 10185//10185
f 10186//10186 10187//10187 10188//10188
f 10189//10189 10190//10190 10191//10191
f 10192//10192 10193//10193 10194//10194
f 10195//10195 10196//10196 10197//10197
f 10198//10198 10199//10199 10200//10200
f 10201//10201 10202//10202 10203//10203
f 10204//10204 10205//10205 10206//10206
f 10207//10207 10208//10208 10209//10209
f 10210//10210 10211//10211 10212//10212
f 10213//10213 10214//10214 10215//10215
f 10216//10216 10217//10217 10218//10218
f 10219//10219 10220//10220 10221//10221
f 10222//10222 10223//10223 10224//10224
f 10225//10225 10226//10226 10227//10227
f 10228//10228 10229//10229 10230//10230
f 10231//10231 10232//10232 10233//10233
f 10234//10234 10235//10235 10236//10236
f 10237//10237 10238//10238 10239//10239
f 10240//10240 10241//10241 10242//10242
f 10243//10243 10244//10244 10245//10245
f 10246//10246 10247//10247 10248//10248
f 10249//10249 10250//10250 10251//10251
f 10252//10252 10253//10253 10254//10254
f 10255//10255 10256//10256 10257//10257
f 10258//10258 10259//10259 10260//10260
f 10261//10261 10262//10262 10263//10263
f 10264//10264 10265//10265 10266//10266
f 10267//10267 10268//10268 10269//10269
f 10270//10270 10271//10271 10272//10272
f 10273//10273 10274//10274 10275//10275
f 10276//10276 10277//10277 10278//10278
f 10279//10279 10280//10280 10281//10281
f 10282//10282 10283//10283 10284//10284
f 10285//10285 10286//10286 10287//10287
f 10288//10288 10289//10289 10290//10290
f 10291//10291 10292//10292 10293//10293
f 10294//10294 10295//10295 10296//10296
f 10297//10297 10298//10298 10299//10299
f 10300//10300 10301//10301 10302//10302
f 10303//10303 10304//10304 10305//10305
f 10306//10306 10307//10307 10308//10308
f 10309//10309 10310//10310 10311//10311
f 10312//10312 10313//10313 10314//10314
f 10315//10315 10316//10316 10317//10317
f 10318//10318 10319//10319 10320//10320
f 10321//10321 10322//10322 10323//10323
f 10324//10324 10325//10325 10326//10326
f 10327//10327 10328//10328 10329//10329
f 10330//10330 10331//10331 10332//10332
f 10333//10333 10334//10334 10335//10335
f 10336//10336 10337//10337 10338//10338
f 10339//10339 10340//10340 10341//10341
f 10342//10342 10343//10343 10344//10344
f 10345//10345 10346//10346 10347//10347
f 10348//10348 10349//10349 10350//10350
f 10351//10351 10352//10352 10353//10353
f 10354//10354 10355//10355 10356//10356
f 10357//10357 10358//10358 10359//10359
f 10360//10360 10361//10361 10362//10362
f 10363//10363 10364//10364 10365//10365
f 10366//10366 10367//10367 10368//10368
f 10369//10369 10370//10370 10371//10371
f 10372//10372 10373//10373 10374//10374
f 10375//10375 10376//10376 10377//10377
f 10378//10378 10379//10379 10380//10380
f 10381//10381 10382//10382 10383//10383
f 10384//10384 10385//10385 10386//10386
f 10387//10387 10388//10388 10389//10389
f 10390//10390 10391//10391 10392//10392
